[  1%] Building CXX object mooncake-transfer-engine/src/transport/tcp_transport/CMakeFiles/tcp_transport.dir/tcp_transport.cpp.o
[  2%] Building CXX object mooncake-common/src/CMakeFiles/asio_shared.dir/asio_impl.cpp.o
[  3%] Building CXX object mooncake-common/src/CMakeFiles/mooncake_common.dir/default_config.cpp.o
[  4%] Building CXX object mooncake-transfer-engine/src/common/base/CMakeFiles/base.dir/status.cpp.o
[  4%] Building CXX object extern/ubdiag_build/src/sdk/CMakeFiles/ubdiag_lib.dir/mem_point.cpp.o
[  4%] Building CXX object mooncake-store/src/cachelib_memory_allocator/CMakeFiles/cachelib_memory_allocator.dir/MemoryAllocator.cpp.o
[  5%] Building CXX object extern/ubdiag_build/src/sdk/CMakeFiles/ubdiag_lib.dir/perf_manager.cpp.o
[  5%] Building CXX object mooncake-transfer-engine/src/transport/rpc_communicator/CMakeFiles/rpc_communicator.dir/rpc_interface.cpp.o
[  6%] Building CXX object mooncake-common/src/CMakeFiles/mooncake_common.dir/mooncake_logging.cpp.o
[  6%] Building CXX object mooncake-common/src/CMakeFiles/mooncake_common.dir/environ.cpp.o
[  8%] Building CXX object mooncake-transfer-engine/src/transport/rdma_transport/CMakeFiles/rdma_transport.dir/rdma_context.cpp.o
[  9%] Building CXX object extern/ubdiag_build/src/sdk/CMakeFiles/ubdiag_lib.dir/__/platform/linux/platform_linux.cpp.o
[  9%] Building CXX object mooncake-transfer-engine/src/transport/rdma_transport/CMakeFiles/rdma_transport.dir/endpoint_store.cpp.o
[ 10%] Building CXX object mooncake-store/src/cachelib_memory_allocator/CMakeFiles/cachelib_memory_allocator.dir/MemoryPool.cpp.o
[ 12%] Building CXX object mooncake-store/src/cachelib_memory_allocator/CMakeFiles/cachelib_memory_allocator.dir/AllocationClass.cpp.o
[ 11%] Building CXX object mooncake-transfer-engine/src/transport/rdma_transport/CMakeFiles/rdma_transport.dir/rdma_endpoint.cpp.o
[ 12%] Building CXX object extern/ubdiag_build/src/sdk/CMakeFiles/ubdiag_lib.dir/perf_point.cpp.o
[ 12%] Building CXX object extern/ubdiag_build/src/sdk/CMakeFiles/ubdiag_lib.dir/shm_writer.cpp.o
[ 13%] Building CXX object mooncake-store/src/cachelib_memory_allocator/CMakeFiles/cachelib_memory_allocator.dir/Slab.cpp.o
[ 13%] Building CXX object mooncake-store/src/cachelib_memory_allocator/CMakeFiles/cachelib_memory_allocator.dir/MemoryPoolManager.cpp.o
[ 13%] Building CXX object mooncake-transfer-engine/src/transport/rdma_transport/CMakeFiles/rdma_transport.dir/rdma_transport.cpp.o
[ 15%] Building CXX object mooncake-transfer-engine/src/transport/rpc_communicator/CMakeFiles/rpc_communicator.dir/rpc_communicator.cpp.o
[ 19%] Building CXX object mooncake-transfer-engine/src/transport/rdma_transport/CMakeFiles/rdma_transport.dir/worker_pool.cpp.o
[ 19%] Building CXX object mooncake-store/src/cachelib_memory_allocator/CMakeFiles/cachelib_memory_allocator.dir/SlabAllocator.cpp.o
[ 19%] Building CXX object extern/ubdiag_build/src/sdk/CMakeFiles/ubdiag_lib.dir/perf_shard.cpp.o
[ 19%] Building CXX object extern/ubdiag_build/src/sdk/CMakeFiles/ubdiag_lib.dir/perf_timer.cpp.o
[ 20%] Linking CXX static library libbase.a
[ 20%] Built target base
[ 22%] Linking CXX static library libubdiag.a
[ 22%] Built target ubdiag_lib
[ 23%] Building CXX object mooncake-transfer-engine/src/transport/kunpeng_transport/CMakeFiles/ub_transport.dir/ub_allocator.cpp.o
[ 25%] Building CXX object mooncake-transfer-engine/src/transport/kunpeng_transport/CMakeFiles/ub_transport.dir/ub_context.cpp.o
[ 25%] Building CXX object mooncake-transfer-engine/src/transport/kunpeng_transport/CMakeFiles/ub_transport.dir/ub_transport.cpp.o
[ 25%] Building CXX object mooncake-transfer-engine/src/transport/kunpeng_transport/CMakeFiles/ub_transport.dir/urma/urma_endpoint.cpp.o
/home/q00913006/project/mooncake-qyf/mooncake-transfer-engine/src/transport/kunpeng_transport/urma/urma_endpoint.cpp: In member function ‘virtual int mooncake::UrmaEndpoint::construct(mooncake::GlobalConfig&)’:
/home/q00913006/project/mooncake-qyf/mooncake-transfer-engine/src/transport/kunpeng_transport/urma/urma_endpoint.cpp:669:5: warning: missing initializer for member ‘urma_jfs_cfg::flag’ [-Wmissing-field-initializers]
  669 |     };
      |     ^
/home/q00913006/project/mooncake-qyf/mooncake-transfer-engine/src/transport/kunpeng_transport/urma/urma_endpoint.cpp:669:5: warning: missing initializer for member ‘urma_jfs_cfg::max_rsge’ [-Wmissing-field-initializers]
/home/q00913006/project/mooncake-qyf/mooncake-transfer-engine/src/transport/kunpeng_transport/urma/urma_endpoint.cpp:669:5: warning: missing initializer for member ‘urma_jfs_cfg::max_inline_data’ [-Wmissing-field-initializers]
/home/q00913006/project/mooncake-qyf/mooncake-transfer-engine/src/transport/kunpeng_transport/urma/urma_endpoint.cpp:669:5: warning: missing initializer for member ‘urma_jfs_cfg::jfc’ [-Wmissing-field-initializers]
[ 26%] Linking CXX static library libmooncake_common.a
[ 26%] Built target mooncake_common
In file included from /home/q00913006/project/mooncake-qyf/mooncake-transfer-engine/src/transport/rpc_communicator/rpc_interface.cpp:2:
/home/q00913006/project/mooncake-qyf/mooncake-transfer-engine/include/transport/rpc_communicator/rpc_communicator.h:33:7: warning: ‘mooncake::RpcCommunicator’ declared with greater visibility than the type of its field ‘mooncake::RpcCommunicator::py_callback_’ [-Wattributes]
   33 | class RpcCommunicator {
      |       ^~~~~~~~~~~~~~~
/home/q00913006/project/mooncake-qyf/mooncake-transfer-engine/src/transport/rpc_communicator/rpc_interface.cpp:19:21: warning: ‘mooncake::RpcInterface::Impl’ declared with greater visibility than the type of its field ‘mooncake::RpcInterface::Impl::data_receive_callback’ [-Wattributes]
   19 | class RpcInterface::Impl {
      |                     ^~~~
/home/q00913006/project/mooncake-qyf/mooncake-transfer-engine/src/transport/rpc_communicator/rpc_interface.cpp:19:21: warning: ‘mooncake::RpcInterface::Impl’ declared with greater visibility than the type of its field ‘mooncake::RpcInterface::Impl::tensor_receive_callback’ [-Wattributes]
In file included from /home/q00913006/project/mooncake-qyf/mooncake-transfer-engine/src/transport/rpc_communicator/rpc_communicator.cpp:1:
/home/q00913006/project/mooncake-qyf/mooncake-transfer-engine/include/transport/rpc_communicator/rpc_communicator.h:33:7: warning: ‘mooncake::RpcCommunicator’ declared with greater visibility than the type of its field ‘mooncake::RpcCommunicator::py_callback_’ [-Wattributes]
   33 | class RpcCommunicator {
      |       ^~~~~~~~~~~~~~~
/home/q00913006/project/mooncake-qyf/mooncake-transfer-engine/src/transport/rpc_communicator/rpc_communicator.cpp: In member function ‘void mooncake::py_rpc_context::response_msg(pybind11::buffer, pybind11::object)’:
/home/q00913006/project/mooncake-qyf/mooncake-transfer-engine/src/transport/rpc_communicator/rpc_communicator.cpp:26:18: warning: ‘mooncake::py_rpc_context::response_msg(pybind11::buffer, pybind11::object)::<lambda(const std::error_code&, std::size_t)>’ declared with greater visibility than the type of its field ‘mooncake::py_rpc_context::response_msg(pybind11::buffer, pybind11::object)::<lambda(const std::error_code&, std::size_t)>::<done capture>’ [-Wattributes]
   26 |             [done](const std::error_code& ec, std::size_t) {
      |                  ^
[ 27%] Linking CXX shared library ../libasio.so
[ 27%] Built target asio_shared
[ 27%] Built target rdma_transport
[ 29%] Linking CXX static library libcachelib_memory_allocator.a
[ 29%] Built target cachelib_memory_allocator
[ 29%] Built target ub_transport
[ 29%] Built target tcp_transport
In file included from /usr/include/c++/12/bits/new_allocator.h:36,
                 from /usr/include/c++/12/aarch64-openEuler-linux/bits/c++allocator.h:33,
                 from /usr/include/c++/12/bits/allocator.h:46,
                 from /usr/include/c++/12/memory:63,
                 from /home/q00913006/project/mooncake-qyf/mooncake-transfer-engine/include/transport/rpc_communicator/rpc_communicator.h:4:
In function ‘constexpr std::_Require<std::__not_<std::__is_tuple_like<_Tp> >, std::is_move_constructible<_Tp>, std::is_move_assignable<_Tp> > std::swap(_Tp&, _Tp&) [with _Tp = async_simple::util::detail::_any_data]’,
    inlined from ‘void async_simple::util::move_only_function<RetType(ArgTypes ...)>::swap(async_simple::util::move_only_function<RetType(ArgTypes ...)>&) [with RetType = void; ArgTypes = {std::pair<std::error_code, long unsigned int>}]’ at /usr/local/include/async_simple/util/move_only_function.h:347:18,
    inlined from ‘async_simple::util::move_only_function<RetType(ArgTypes ...)>::move_only_function(async_simple::util::move_only_function<RetType(ArgTypes ...)>&&) [with RetType = void; ArgTypes = {std::pair<std::error_code, long unsigned int>}]’ at /usr/local/include/async_simple/util/move_only_function.h:286:19,
    inlined from ‘static void coro_io::detail::ib_socket_shared_state_t::resume(std::pair<std::error_code, long unsigned int>&&, callback_t&&)’ at /usr/local/include/ylt/coro_io/ibverbs/ib_socket.hpp:71:41:
/usr/include/c++/12/bits/move.h:205:7: warning: ‘handle_tmp.async_simple::util::move_only_function<void(std::pair<std::error_code, long unsigned int>)>::<unnamed>.async_simple::util::detail::_function_base::_m_functor’ may be used uninitialized [-Wmaybe-uninitialized]
  205 |       __a = _GLIBCXX_MOVE(__b);
      |       ^~~
In file included from /usr/local/include/ylt/coro_io/ibverbs/ib_io.hpp:43,
                 from /usr/local/include/ylt/coro_io/socket_wrapper.hpp:20,
                 from /usr/local/include/ylt/coro_rpc/impl/coro_connection.hpp:42,
                 from /usr/local/include/ylt/coro_rpc/impl/context.hpp:30,
                 from /usr/local/include/ylt/coro_rpc/impl/coro_rpc_client.hpp:55,
                 from /usr/local/include/ylt/coro_rpc/coro_rpc_client.hpp:17,
                 from /home/q00913006/project/mooncake-qyf/mooncake-transfer-engine/include/transport/rpc_communicator/rpc_communicator.h:12:
/usr/local/include/ylt/coro_io/ibverbs/ib_socket.hpp: In static member function ‘static void coro_io::detail::ib_socket_shared_state_t::resume(std::pair<std::error_code, long unsigned int>&&, callback_t&&)’:
/usr/local/include/ylt/coro_io/ibverbs/ib_socket.hpp:71:12: note: ‘handle_tmp’ declared here
   71 |       auto handle_tmp = std::move(handle);
      |            ^~~~~~~~~~
In function ‘constexpr std::_Require<std::__not_<std::__is_tuple_like<_Tp> >, std::is_move_constructible<_Tp>, std::is_move_assignable<_Tp> > std::swap(_Tp&, _Tp&) [with _Tp = void (*)(const async_simple::util::detail::_any_data&, pair<error_code, long unsigned int>&&)]’,
    inlined from ‘void async_simple::util::move_only_function<RetType(ArgTypes ...)>::swap(async_simple::util::move_only_function<RetType(ArgTypes ...)>&) [with RetType = void; ArgTypes = {std::pair<std::error_code, long unsigned int>}]’ at /usr/local/include/async_simple/util/move_only_function.h:349:18,
    inlined from ‘async_simple::util::move_only_function<RetType(ArgTypes ...)>::move_only_function(async_simple::util::move_only_function<RetType(ArgTypes ...)>&&) [with RetType = void; ArgTypes = {std::pair<std::error_code, long unsigned int>}]’ at /usr/local/include/async_simple/util/move_only_function.h:286:19,
    inlined from ‘static void coro_io::detail::ib_socket_shared_state_t::resume(std::pair<std::error_code, long unsigned int>&&, callback_t&&)’ at /usr/local/include/ylt/coro_io/ibverbs/ib_socket.hpp:71:41:
/usr/include/c++/12/bits/move.h:205:11: warning: ‘handle_tmp.async_simple::util::move_only_function<void(std::pair<std::error_code, long unsigned int>)>::_m_invoker’ may be used uninitialized [-Wmaybe-uninitialized]
  205 |       __a = _GLIBCXX_MOVE(__b);
      |           ^
/usr/local/include/ylt/coro_io/ibverbs/ib_socket.hpp: In static member function ‘static void coro_io::detail::ib_socket_shared_state_t::resume(std::pair<std::error_code, long unsigned int>&&, callback_t&&)’:
/usr/local/include/ylt/coro_io/ibverbs/ib_socket.hpp:71:12: note: ‘handle_tmp’ declared here
   71 |       auto handle_tmp = std::move(handle);
      |            ^~~~~~~~~~
In function ‘constexpr std::_Require<std::__not_<std::__is_tuple_like<_Tp> >, std::is_move_constructible<_Tp>, std::is_move_assignable<_Tp> > std::swap(_Tp&, _Tp&) [with _Tp = async_simple::util::detail::_any_data]’,
    inlined from ‘void async_simple::util::move_only_function<RetType(ArgTypes ...)>::swap(async_simple::util::move_only_function<RetType(ArgTypes ...)>&) [with RetType = void; ArgTypes = {std::pair<std::error_code, long unsigned int>}]’ at /usr/local/include/async_simple/util/move_only_function.h:347:18,
    inlined from ‘async_simple::util::move_only_function<RetType(ArgTypes ...)>::move_only_function(async_simple::util::move_only_function<RetType(ArgTypes ...)>&&) [with RetType = void; ArgTypes = {std::pair<std::error_code, long unsigned int>}]’ at /usr/local/include/async_simple/util/move_only_function.h:286:19,
    inlined from ‘async_simple::util::move_only_function<RetType(ArgTypes ...)>& async_simple::util::move_only_function<RetType(ArgTypes ...)>::operator=(async_simple::util::move_only_function<RetType(ArgTypes ...)>&&) [with RetType = void; ArgTypes = {std::pair<std::error_code, long unsigned int>}]’ at /usr/local/include/async_simple/util/move_only_function.h:324:9,
    inlined from ‘void coro_io::detail::circle_buffer<T>::push(T&&) [with T = async_simple::util::move_only_function<void(std::pair<std::error_code, long unsigned int>)>]’ at /usr/local/include/ylt/coro_io/detail/circle_buffer.hpp:40:17,
    inlined from ‘void coro_io::detail::ib_socket_shared_state_t::post_send_impl(ibv_sge, callback_t&&, bool)’ at /usr/local/include/ylt/coro_io/ibverbs/ib_socket.hpp:283:22:
/usr/include/c++/12/bits/move.h:205:7: warning: ‘<unnamed>.async_simple::util::move_only_function<void(std::pair<std::error_code, long unsigned int>)>::<unnamed>.async_simple::util::detail::_function_base::_m_functor’ may be used uninitialized [-Wmaybe-uninitialized]
  205 |       __a = _GLIBCXX_MOVE(__b);
      |       ^~~
In file included from /usr/local/include/async_simple/Signal.h:34,
                 from /usr/local/include/async_simple/Executor.h:29,
                 from /usr/local/include/async_simple/Future.h:24,
                 from /usr/local/include/ylt/coro_rpc/impl/coro_rpc_client.hpp:17:
/usr/local/include/async_simple/util/move_only_function.h: In member function ‘void coro_io::detail::ib_socket_shared_state_t::post_send_impl(ibv_sge, callback_t&&, bool)’:
/usr/local/include/async_simple/util/move_only_function.h:324:9: note: ‘<anonymous>’ declared here
  324 |         move_only_function(std::move(other)).swap(*this);
      |         ^~~~~~~~~~~~~~~~~~~~~~~~~~~~~~~~~~~~
In function ‘constexpr std::_Require<std::__not_<std::__is_tuple_like<_Tp> >, std::is_move_constructible<_Tp>, std::is_move_assignable<_Tp> > std::swap(_Tp&, _Tp&) [with _Tp = void (*)(const async_simple::util::detail::_any_data&, pair<error_code, long unsigned int>&&)]’,
    inlined from ‘void async_simple::util::move_only_function<RetType(ArgTypes ...)>::swap(async_simple::util::move_only_function<RetType(ArgTypes ...)>&) [with RetType = void; ArgTypes = {std::pair<std::error_code, long unsigned int>}]’ at /usr/local/include/async_simple/util/move_only_function.h:349:18,
    inlined from ‘async_simple::util::move_only_function<RetType(ArgTypes ...)>::move_only_function(async_simple::util::move_only_function<RetType(ArgTypes ...)>&&) [with RetType = void; ArgTypes = {std::pair<std::error_code, long unsigned int>}]’ at /usr/local/include/async_simple/util/move_only_function.h:286:19,
    inlined from ‘async_simple::util::move_only_function<RetType(ArgTypes ...)>& async_simple::util::move_only_function<RetType(ArgTypes ...)>::operator=(async_simple::util::move_only_function<RetType(ArgTypes ...)>&&) [with RetType = void; ArgTypes = {std::pair<std::error_code, long unsigned int>}]’ at /usr/local/include/async_simple/util/move_only_function.h:324:9,
    inlined from ‘void coro_io::detail::circle_buffer<T>::push(T&&) [with T = async_simple::util::move_only_function<void(std::pair<std::error_code, long unsigned int>)>]’ at /usr/local/include/ylt/coro_io/detail/circle_buffer.hpp:40:17,
    inlined from ‘void coro_io::detail::ib_socket_shared_state_t::post_send_impl(ibv_sge, callback_t&&, bool)’ at /usr/local/include/ylt/coro_io/ibverbs/ib_socket.hpp:283:22:
/usr/include/c++/12/bits/move.h:205:11: warning: ‘<unnamed>.async_simple::util::move_only_function<void(std::pair<std::error_code, long unsigned int>)>::_m_invoker’ may be used uninitialized [-Wmaybe-uninitialized]
  205 |       __a = _GLIBCXX_MOVE(__b);
      |           ^
/usr/local/include/async_simple/util/move_only_function.h: In member function ‘void coro_io::detail::ib_socket_shared_state_t::post_send_impl(ibv_sge, callback_t&&, bool)’:
/usr/local/include/async_simple/util/move_only_function.h:324:9: note: ‘<anonymous>’ declared here
  324 |         move_only_function(std::move(other)).swap(*this);
      |         ^~~~~~~~~~~~~~~~~~~~~~~~~~~~~~~~~~~~
In function ‘constexpr std::_Require<std::__not_<std::__is_tuple_like<_Tp> >, std::is_move_constructible<_Tp>, std::is_move_assignable<_Tp> > std::swap(_Tp&, _Tp&) [with _Tp = async_simple::util::detail::_any_data]’,
    inlined from ‘void async_simple::util::move_only_function<RetType(ArgTypes ...)>::swap(async_simple::util::move_only_function<RetType(ArgTypes ...)>&) [with RetType = void; ArgTypes = {std::pair<std::error_code, long unsigned int>}]’ at /usr/local/include/async_simple/util/move_only_function.h:347:18,
    inlined from ‘async_simple::util::move_only_function<RetType(ArgTypes ...)>::move_only_function(async_simple::util::move_only_function<RetType(ArgTypes ...)>&&) [with RetType = void; ArgTypes = {std::pair<std::error_code, long unsigned int>}]’ at /usr/local/include/async_simple/util/move_only_function.h:286:19,
    inlined from ‘static void coro_io::detail::ib_socket_shared_state_t::resume(std::pair<std::error_code, long unsigned int>&&, callback_t&&)’ at /usr/local/include/ylt/coro_io/ibverbs/ib_socket.hpp:71:41,
    inlined from ‘void coro_io::detail::ib_socket_shared_state_t::post_recv_impl(callback_t&&)’ at /usr/local/include/ylt/coro_io/ibverbs/ib_socket.hpp:294:39:
/usr/include/c++/12/bits/move.h:205:7: warning: ‘handle_tmp.async_simple::util::move_only_function<void(std::pair<std::error_code, long unsigned int>)>::<unnamed>.async_simple::util::detail::_function_base::_m_functor’ may be used uninitialized [-Wmaybe-uninitialized]
  205 |       __a = _GLIBCXX_MOVE(__b);
      |       ^~~
/usr/local/include/ylt/coro_io/ibverbs/ib_socket.hpp: In member function ‘void coro_io::detail::ib_socket_shared_state_t::post_recv_impl(callback_t&&)’:
/usr/local/include/ylt/coro_io/ibverbs/ib_socket.hpp:71:12: note: ‘handle_tmp’ declared here
   71 |       auto handle_tmp = std::move(handle);
      |            ^~~~~~~~~~
In function ‘constexpr std::_Require<std::__not_<std::__is_tuple_like<_Tp> >, std::is_move_constructible<_Tp>, std::is_move_assignable<_Tp> > std::swap(_Tp&, _Tp&) [with _Tp = void (*)(const async_simple::util::detail::_any_data&, pair<error_code, long unsigned int>&&)]’,
    inlined from ‘void async_simple::util::move_only_function<RetType(ArgTypes ...)>::swap(async_simple::util::move_only_function<RetType(ArgTypes ...)>&) [with RetType = void; ArgTypes = {std::pair<std::error_code, long unsigned int>}]’ at /usr/local/include/async_simple/util/move_only_function.h:349:18,
    inlined from ‘async_simple::util::move_only_function<RetType(ArgTypes ...)>::move_only_function(async_simple::util::move_only_function<RetType(ArgTypes ...)>&&) [with RetType = void; ArgTypes = {std::pair<std::error_code, long unsigned int>}]’ at /usr/local/include/async_simple/util/move_only_function.h:286:19,
    inlined from ‘static void coro_io::detail::ib_socket_shared_state_t::resume(std::pair<std::error_code, long unsigned int>&&, callback_t&&)’ at /usr/local/include/ylt/coro_io/ibverbs/ib_socket.hpp:71:41,
    inlined from ‘void coro_io::detail::ib_socket_shared_state_t::post_recv_impl(callback_t&&)’ at /usr/local/include/ylt/coro_io/ibverbs/ib_socket.hpp:294:39:
/usr/include/c++/12/bits/move.h:205:11: warning: ‘handle_tmp.async_simple::util::move_only_function<void(std::pair<std::error_code, long unsigned int>)>::_m_invoker’ may be used uninitialized [-Wmaybe-uninitialized]
  205 |       __a = _GLIBCXX_MOVE(__b);
      |           ^
/usr/local/include/ylt/coro_io/ibverbs/ib_socket.hpp: In member function ‘void coro_io::detail::ib_socket_shared_state_t::post_recv_impl(callback_t&&)’:
/usr/local/include/ylt/coro_io/ibverbs/ib_socket.hpp:71:12: note: ‘handle_tmp’ declared here
   71 |       auto handle_tmp = std::move(handle);
      |            ^~~~~~~~~~
In function ‘constexpr std::_Require<std::__not_<std::__is_tuple_like<_Tp> >, std::is_move_constructible<_Tp>, std::is_move_assignable<_Tp> > std::swap(_Tp&, _Tp&) [with _Tp = async_simple::util::detail::_any_data]’,
    inlined from ‘void async_simple::util::move_only_function<RetType(ArgTypes ...)>::swap(async_simple::util::move_only_function<RetType(ArgTypes ...)>&) [with RetType = void; ArgTypes = {std::pair<std::error_code, long unsigned int>}]’ at /usr/local/include/async_simple/util/move_only_function.h:347:18,
    inlined from ‘async_simple::util::move_only_function<RetType(ArgTypes ...)>::move_only_function(async_simple::util::move_only_function<RetType(ArgTypes ...)>&&) [with RetType = void; ArgTypes = {std::pair<std::error_code, long unsigned int>}]’ at /usr/local/include/async_simple/util/move_only_function.h:286:19,
    inlined from ‘async_simple::util::move_only_function<RetType(ArgTypes ...)>& async_simple::util::move_only_function<RetType(ArgTypes ...)>::operator=(async_simple::util::move_only_function<RetType(ArgTypes ...)>&&) [with RetType = void; ArgTypes = {std::pair<std::error_code, long unsigned int>}]’ at /usr/local/include/async_simple/util/move_only_function.h:324:9,
    inlined from ‘void coro_io::detail::ib_socket_shared_state_t::post_recv_impl(callback_t&&)’ at /usr/local/include/ylt/coro_io/ibverbs/ib_socket.hpp:303:33:
/usr/include/c++/12/bits/move.h:205:7: warning: ‘<unnamed>.async_simple::util::move_only_function<void(std::pair<std::error_code, long unsigned int>)>::<unnamed>.async_simple::util::detail::_function_base::_m_functor’ may be used uninitialized [-Wmaybe-uninitialized]
  205 |       __a = _GLIBCXX_MOVE(__b);
      |       ^~~
/usr/local/include/async_simple/util/move_only_function.h: In member function ‘void coro_io::detail::ib_socket_shared_state_t::post_recv_impl(callback_t&&)’:
/usr/local/include/async_simple/util/move_only_function.h:324:9: note: ‘<anonymous>’ declared here
  324 |         move_only_function(std::move(other)).swap(*this);
      |         ^~~~~~~~~~~~~~~~~~~~~~~~~~~~~~~~~~~~
In function ‘constexpr std::_Require<std::__not_<std::__is_tuple_like<_Tp> >, std::is_move_constructible<_Tp>, std::is_move_assignable<_Tp> > std::swap(_Tp&, _Tp&) [with _Tp = void (*)(const async_simple::util::detail::_any_data&, pair<error_code, long unsigned int>&&)]’,
    inlined from ‘void async_simple::util::move_only_function<RetType(ArgTypes ...)>::swap(async_simple::util::move_only_function<RetType(ArgTypes ...)>&) [with RetType = void; ArgTypes = {std::pair<std::error_code, long unsigned int>}]’ at /usr/local/include/async_simple/util/move_only_function.h:349:18,
    inlined from ‘async_simple::util::move_only_function<RetType(ArgTypes ...)>::move_only_function(async_simple::util::move_only_function<RetType(ArgTypes ...)>&&) [with RetType = void; ArgTypes = {std::pair<std::error_code, long unsigned int>}]’ at /usr/local/include/async_simple/util/move_only_function.h:286:19,
    inlined from ‘async_simple::util::move_only_function<RetType(ArgTypes ...)>& async_simple::util::move_only_function<RetType(ArgTypes ...)>::operator=(async_simple::util::move_only_function<RetType(ArgTypes ...)>&&) [with RetType = void; ArgTypes = {std::pair<std::error_code, long unsigned int>}]’ at /usr/local/include/async_simple/util/move_only_function.h:324:9,
    inlined from ‘void coro_io::detail::ib_socket_shared_state_t::post_recv_impl(callback_t&&)’ at /usr/local/include/ylt/coro_io/ibverbs/ib_socket.hpp:303:33:
/usr/include/c++/12/bits/move.h:205:11: warning: ‘<unnamed>.async_simple::util::move_only_function<void(std::pair<std::error_code, long unsigned int>)>::_m_invoker’ may be used uninitialized [-Wmaybe-uninitialized]
  205 |       __a = _GLIBCXX_MOVE(__b);
      |           ^
/usr/local/include/async_simple/util/move_only_function.h: In member function ‘void coro_io::detail::ib_socket_shared_state_t::post_recv_impl(callback_t&&)’:
/usr/local/include/async_simple/util/move_only_function.h:324:9: note: ‘<anonymous>’ declared here
  324 |         move_only_function(std::move(other)).swap(*this);
      |         ^~~~~~~~~~~~~~~~~~~~~~~~~~~~~~~~~~~~
In function ‘constexpr std::_Require<std::__not_<std::__is_tuple_like<_Tp> >, std::is_move_constructible<_Tp>, std::is_move_assignable<_Tp> > std::swap(_Tp&, _Tp&) [with _Tp = async_simple::util::detail::_any_data]’,
    inlined from ‘void async_simple::util::move_only_function<RetType(ArgTypes ...)>::swap(async_simple::util::move_only_function<RetType(ArgTypes ...)>&) [with RetType = void; ArgTypes = {std::pair<std::error_code, long unsigned int>}]’ at /usr/local/include/async_simple/util/move_only_function.h:347:18,
    inlined from ‘async_simple::util::move_only_function<RetType(ArgTypes ...)>::move_only_function(async_simple::util::move_only_function<RetType(ArgTypes ...)>&&) [with RetType = void; ArgTypes = {std::pair<std::error_code, long unsigned int>}]’ at /usr/local/include/async_simple/util/move_only_function.h:286:19,
    inlined from ‘async_simple::util::move_only_function<RetType(ArgTypes ...)>& async_simple::util::move_only_function<RetType(ArgTypes ...)>::operator=(async_simple::util::move_only_function<RetType(ArgTypes ...)>&&) [with RetType = void; ArgTypes = {std::pair<std::error_code, long unsigned int>}]’ at /usr/local/include/async_simple/util/move_only_function.h:324:9,
    inlined from ‘std::error_code coro_io::detail::ib_socket_shared_state_t::poll_completion()’ at /usr/local/include/ylt/coro_io/ibverbs/ib_socket.hpp:363:51:
/usr/include/c++/12/bits/move.h:205:7: warning: ‘<unnamed>.async_simple::util::move_only_function<void(std::pair<std::error_code, long unsigned int>)>::<unnamed>.async_simple::util::detail::_function_base::_m_functor’ may be used uninitialized [-Wmaybe-uninitialized]
  205 |       __a = _GLIBCXX_MOVE(__b);
      |       ^~~
/usr/local/include/async_simple/util/move_only_function.h: In member function ‘std::error_code coro_io::detail::ib_socket_shared_state_t::poll_completion()’:
/usr/local/include/async_simple/util/move_only_function.h:324:9: note: ‘<anonymous>’ declared here
  324 |         move_only_function(std::move(other)).swap(*this);
      |         ^~~~~~~~~~~~~~~~~~~~~~~~~~~~~~~~~~~~
In function ‘constexpr std::_Require<std::__not_<std::__is_tuple_like<_Tp> >, std::is_move_constructible<_Tp>, std::is_move_assignable<_Tp> > std::swap(_Tp&, _Tp&) [with _Tp = void (*)(const async_simple::util::detail::_any_data&, pair<error_code, long unsigned int>&&)]’,
    inlined from ‘void async_simple::util::move_only_function<RetType(ArgTypes ...)>::swap(async_simple::util::move_only_function<RetType(ArgTypes ...)>&) [with RetType = void; ArgTypes = {std::pair<std::error_code, long unsigned int>}]’ at /usr/local/include/async_simple/util/move_only_function.h:349:18,
    inlined from ‘async_simple::util::move_only_function<RetType(ArgTypes ...)>::move_only_function(async_simple::util::move_only_function<RetType(ArgTypes ...)>&&) [with RetType = void; ArgTypes = {std::pair<std::error_code, long unsigned int>}]’ at /usr/local/include/async_simple/util/move_only_function.h:286:19,
    inlined from ‘async_simple::util::move_only_function<RetType(ArgTypes ...)>& async_simple::util::move_only_function<RetType(ArgTypes ...)>::operator=(async_simple::util::move_only_function<RetType(ArgTypes ...)>&&) [with RetType = void; ArgTypes = {std::pair<std::error_code, long unsigned int>}]’ at /usr/local/include/async_simple/util/move_only_function.h:324:9,
    inlined from ‘std::error_code coro_io::detail::ib_socket_shared_state_t::poll_completion()’ at /usr/local/include/ylt/coro_io/ibverbs/ib_socket.hpp:363:51:
/usr/include/c++/12/bits/move.h:205:11: warning: ‘<unnamed>.async_simple::util::move_only_function<void(std::pair<std::error_code, long unsigned int>)>::_m_invoker’ may be used uninitialized [-Wmaybe-uninitialized]
  205 |       __a = _GLIBCXX_MOVE(__b);
      |           ^
/usr/local/include/async_simple/util/move_only_function.h: In member function ‘std::error_code coro_io::detail::ib_socket_shared_state_t::poll_completion()’:
/usr/local/include/async_simple/util/move_only_function.h:324:9: note: ‘<anonymous>’ declared here
  324 |         move_only_function(std::move(other)).swap(*this);
      |         ^~~~~~~~~~~~~~~~~~~~~~~~~~~~~~~~~~~~
In function ‘constexpr std::_Require<std::__not_<std::__is_tuple_like<_Tp> >, std::is_move_constructible<_Tp>, std::is_move_assignable<_Tp> > std::swap(_Tp&, _Tp&) [with _Tp = async_simple::util::detail::_any_data]’,
    inlined from ‘void async_simple::util::move_only_function<RetType(ArgTypes ...)>::swap(async_simple::util::move_only_function<RetType(ArgTypes ...)>&) [with RetType = void; ArgTypes = {std::pair<std::error_code, long unsigned int>}]’ at /usr/local/include/async_simple/util/move_only_function.h:347:18,
    inlined from ‘async_simple::util::move_only_function<RetType(ArgTypes ...)>::move_only_function(async_simple::util::move_only_function<RetType(ArgTypes ...)>&&) [with RetType = void; ArgTypes = {std::pair<std::error_code, long unsigned int>}]’ at /usr/local/include/async_simple/util/move_only_function.h:286:19,
    inlined from ‘static void coro_io::detail::ib_socket_shared_state_t::resume(std::pair<std::error_code, long unsigned int>&&, callback_t&&)’ at /usr/local/include/ylt/coro_io/ibverbs/ib_socket.hpp:71:41,
    inlined from ‘std::error_code coro_io::detail::ib_socket_shared_state_t::poll_completion()’ at /usr/local/include/ylt/coro_io/ibverbs/ib_socket.hpp:381:15:
/usr/include/c++/12/bits/move.h:205:7: warning: ‘handle_tmp.async_simple::util::move_only_function<void(std::pair<std::error_code, long unsigned int>)>::<unnamed>.async_simple::util::detail::_function_base::_m_functor’ may be used uninitialized [-Wmaybe-uninitialized]
  205 |       __a = _GLIBCXX_MOVE(__b);
      |       ^~~
/usr/local/include/ylt/coro_io/ibverbs/ib_socket.hpp: In member function ‘std::error_code coro_io::detail::ib_socket_shared_state_t::poll_completion()’:
/usr/local/include/ylt/coro_io/ibverbs/ib_socket.hpp:71:12: note: ‘handle_tmp’ declared here
   71 |       auto handle_tmp = std::move(handle);
      |            ^~~~~~~~~~
In function ‘constexpr std::_Require<std::__not_<std::__is_tuple_like<_Tp> >, std::is_move_constructible<_Tp>, std::is_move_assignable<_Tp> > std::swap(_Tp&, _Tp&) [with _Tp = void (*)(const async_simple::util::detail::_any_data&, pair<error_code, long unsigned int>&&)]’,
    inlined from ‘void async_simple::util::move_only_function<RetType(ArgTypes ...)>::swap(async_simple::util::move_only_function<RetType(ArgTypes ...)>&) [with RetType = void; ArgTypes = {std::pair<std::error_code, long unsigned int>}]’ at /usr/local/include/async_simple/util/move_only_function.h:349:18,
    inlined from ‘async_simple::util::move_only_function<RetType(ArgTypes ...)>::move_only_function(async_simple::util::move_only_function<RetType(ArgTypes ...)>&&) [with RetType = void; ArgTypes = {std::pair<std::error_code, long unsigned int>}]’ at /usr/local/include/async_simple/util/move_only_function.h:286:19,
    inlined from ‘static void coro_io::detail::ib_socket_shared_state_t::resume(std::pair<std::error_code, long unsigned int>&&, callback_t&&)’ at /usr/local/include/ylt/coro_io/ibverbs/ib_socket.hpp:71:41,
    inlined from ‘std::error_code coro_io::detail::ib_socket_shared_state_t::poll_completion()’ at /usr/local/include/ylt/coro_io/ibverbs/ib_socket.hpp:381:15:
/usr/include/c++/12/bits/move.h:205:11: warning: ‘handle_tmp.async_simple::util::move_only_function<void(std::pair<std::error_code, long unsigned int>)>::_m_invoker’ may be used uninitialized [-Wmaybe-uninitialized]
  205 |       __a = _GLIBCXX_MOVE(__b);
      |           ^
/usr/local/include/ylt/coro_io/ibverbs/ib_socket.hpp: In member function ‘std::error_code coro_io::detail::ib_socket_shared_state_t::poll_completion()’:
/usr/local/include/ylt/coro_io/ibverbs/ib_socket.hpp:71:12: note: ‘handle_tmp’ declared here
   71 |       auto handle_tmp = std::move(handle);
      |            ^~~~~~~~~~
In function ‘constexpr std::_Require<std::__not_<std::__is_tuple_like<_Tp> >, std::is_move_constructible<_Tp>, std::is_move_assignable<_Tp> > std::swap(_Tp&, _Tp&) [with _Tp = async_simple::util::detail::_any_data]’,
    inlined from ‘void async_simple::util::move_only_function<RetType(ArgTypes ...)>::swap(async_simple::util::move_only_function<RetType(ArgTypes ...)>&) [with RetType = void; ArgTypes = {std::pair<std::error_code, long unsigned int>}]’ at /usr/local/include/async_simple/util/move_only_function.h:347:18,
    inlined from ‘async_simple::util::move_only_function<RetType(ArgTypes ...)>::move_only_function(async_simple::util::move_only_function<RetType(ArgTypes ...)>&&) [with RetType = void; ArgTypes = {std::pair<std::error_code, long unsigned int>}]’ at /usr/local/include/async_simple/util/move_only_function.h:286:19,
    inlined from ‘static void coro_io::detail::ib_socket_shared_state_t::resume(std::pair<std::error_code, long unsigned int>&&, callback_t&&)’ at /usr/local/include/ylt/coro_io/ibverbs/ib_socket.hpp:71:41,
    inlined from ‘std::error_code coro_io::detail::ib_socket_shared_state_t::poll_completion()’ at /usr/local/include/ylt/coro_io/ibverbs/ib_socket.hpp:384:15:
/usr/include/c++/12/bits/move.h:205:7: warning: ‘handle_tmp.async_simple::util::move_only_function<void(std::pair<std::error_code, long unsigned int>)>::<unnamed>.async_simple::util::detail::_function_base::_m_functor’ may be used uninitialized [-Wmaybe-uninitialized]
  205 |       __a = _GLIBCXX_MOVE(__b);
      |       ^~~
/usr/local/include/ylt/coro_io/ibverbs/ib_socket.hpp: In member function ‘std::error_code coro_io::detail::ib_socket_shared_state_t::poll_completion()’:
/usr/local/include/ylt/coro_io/ibverbs/ib_socket.hpp:71:12: note: ‘handle_tmp’ declared here
   71 |       auto handle_tmp = std::move(handle);
      |            ^~~~~~~~~~
In function ‘constexpr std::_Require<std::__not_<std::__is_tuple_like<_Tp> >, std::is_move_constructible<_Tp>, std::is_move_assignable<_Tp> > std::swap(_Tp&, _Tp&) [with _Tp = void (*)(const async_simple::util::detail::_any_data&, pair<error_code, long unsigned int>&&)]’,
    inlined from ‘void async_simple::util::move_only_function<RetType(ArgTypes ...)>::swap(async_simple::util::move_only_function<RetType(ArgTypes ...)>&) [with RetType = void; ArgTypes = {std::pair<std::error_code, long unsigned int>}]’ at /usr/local/include/async_simple/util/move_only_function.h:349:18,
    inlined from ‘async_simple::util::move_only_function<RetType(ArgTypes ...)>::move_only_function(async_simple::util::move_only_function<RetType(ArgTypes ...)>&&) [with RetType = void; ArgTypes = {std::pair<std::error_code, long unsigned int>}]’ at /usr/local/include/async_simple/util/move_only_function.h:286:19,
    inlined from ‘static void coro_io::detail::ib_socket_shared_state_t::resume(std::pair<std::error_code, long unsigned int>&&, callback_t&&)’ at /usr/local/include/ylt/coro_io/ibverbs/ib_socket.hpp:71:41,
    inlined from ‘std::error_code coro_io::detail::ib_socket_shared_state_t::poll_completion()’ at /usr/local/include/ylt/coro_io/ibverbs/ib_socket.hpp:384:15:
/usr/include/c++/12/bits/move.h:205:11: warning: ‘handle_tmp.async_simple::util::move_only_function<void(std::pair<std::error_code, long unsigned int>)>::_m_invoker’ may be used uninitialized [-Wmaybe-uninitialized]
  205 |       __a = _GLIBCXX_MOVE(__b);
      |           ^
/usr/local/include/ylt/coro_io/ibverbs/ib_socket.hpp: In member function ‘std::error_code coro_io::detail::ib_socket_shared_state_t::poll_completion()’:
/usr/local/include/ylt/coro_io/ibverbs/ib_socket.hpp:71:12: note: ‘handle_tmp’ declared here
   71 |       auto handle_tmp = std::move(handle);
      |            ^~~~~~~~~~
In function ‘constexpr std::_Require<std::__not_<std::__is_tuple_like<_Tp> >, std::is_move_constructible<_Tp>, std::is_move_assignable<_Tp> > std::swap(_Tp&, _Tp&) [with _Tp = async_simple::util::detail::_any_data]’,
    inlined from ‘void async_simple::util::move_only_function<RetType(ArgTypes ...)>::swap(async_simple::util::move_only_function<RetType(ArgTypes ...)>&) [with RetType = void; ArgTypes = {std::pair<std::error_code, long unsigned int>}]’ at /usr/local/include/async_simple/util/move_only_function.h:347:18,
    inlined from ‘async_simple::util::move_only_function<RetType(ArgTypes ...)>::move_only_function(async_simple::util::move_only_function<RetType(ArgTypes ...)>&&) [with RetType = void; ArgTypes = {std::pair<std::error_code, long unsigned int>}]’ at /usr/local/include/async_simple/util/move_only_function.h:286:19,
    inlined from ‘static void coro_io::detail::ib_socket_shared_state_t::resume(std::pair<std::error_code, long unsigned int>&&, callback_t&&)’ at /usr/local/include/ylt/coro_io/ibverbs/ib_socket.hpp:71:41,
    inlined from ‘void coro_io::ib_socket_t::init_fd()::<lambda(std::shared_ptr<coro_io::detail::ib_socket_shared_state_t>)>::operator()(coro_io::ib_socket_t::init_fd()::<lambda(std::shared_ptr<coro_io::detail::ib_socket_shared_state_t>)>::_ZZN7coro_io11ib_socket_t7init_fdEvENKUlSt10shared_ptrINS_6detail24ib_socket_shared_state_tEEE0_clES4_.Frame*)’ at /usr/local/include/ylt/coro_io/ibverbs/ib_socket.hpp:1062:53:
/usr/include/c++/12/bits/move.h:205:7: warning: ‘handle_tmp.async_simple::util::move_only_function<void(std::pair<std::error_code, long unsigned int>)>::<unnamed>.async_simple::util::detail::_function_base::_m_functor’ may be used uninitialized [-Wmaybe-uninitialized]
  205 |       __a = _GLIBCXX_MOVE(__b);
      |       ^~~
/usr/local/include/ylt/coro_io/ibverbs/ib_socket.hpp: In function ‘void coro_io::ib_socket_t::init_fd()::<lambda(std::shared_ptr<coro_io::detail::ib_socket_shared_state_t>)>::operator()(coro_io::ib_socket_t::init_fd()::<lambda(std::shared_ptr<coro_io::detail::ib_socket_shared_state_t>)>::_ZZN7coro_io11ib_socket_t7init_fdEvENKUlSt10shared_ptrINS_6detail24ib_socket_shared_state_tEEE0_clES4_.Frame*)’:
/usr/local/include/ylt/coro_io/ibverbs/ib_socket.hpp:71:12: note: ‘handle_tmp’ declared here
   71 |       auto handle_tmp = std::move(handle);
      |            ^~~~~~~~~~
In function ‘constexpr std::_Require<std::__not_<std::__is_tuple_like<_Tp> >, std::is_move_constructible<_Tp>, std::is_move_assignable<_Tp> > std::swap(_Tp&, _Tp&) [with _Tp = void (*)(const async_simple::util::detail::_any_data&, pair<error_code, long unsigned int>&&)]’,
    inlined from ‘void async_simple::util::move_only_function<RetType(ArgTypes ...)>::swap(async_simple::util::move_only_function<RetType(ArgTypes ...)>&) [with RetType = void; ArgTypes = {std::pair<std::error_code, long unsigned int>}]’ at /usr/local/include/async_simple/util/move_only_function.h:349:18,
    inlined from ‘async_simple::util::move_only_function<RetType(ArgTypes ...)>::move_only_function(async_simple::util::move_only_function<RetType(ArgTypes ...)>&&) [with RetType = void; ArgTypes = {std::pair<std::error_code, long unsigned int>}]’ at /usr/local/include/async_simple/util/move_only_function.h:286:19,
    inlined from ‘static void coro_io::detail::ib_socket_shared_state_t::resume(std::pair<std::error_code, long unsigned int>&&, callback_t&&)’ at /usr/local/include/ylt/coro_io/ibverbs/ib_socket.hpp:71:41,
    inlined from ‘void coro_io::ib_socket_t::init_fd()::<lambda(std::shared_ptr<coro_io::detail::ib_socket_shared_state_t>)>::operator()(coro_io::ib_socket_t::init_fd()::<lambda(std::shared_ptr<coro_io::detail::ib_socket_shared_state_t>)>::_ZZN7coro_io11ib_socket_t7init_fdEvENKUlSt10shared_ptrINS_6detail24ib_socket_shared_state_tEEE0_clES4_.Frame*)’ at /usr/local/include/ylt/coro_io/ibverbs/ib_socket.hpp:1062:53:
/usr/include/c++/12/bits/move.h:205:11: warning: ‘handle_tmp.async_simple::util::move_only_function<void(std::pair<std::error_code, long unsigned int>)>::_m_invoker’ may be used uninitialized [-Wmaybe-uninitialized]
  205 |       __a = _GLIBCXX_MOVE(__b);
      |           ^
/usr/local/include/ylt/coro_io/ibverbs/ib_socket.hpp: In function ‘void coro_io::ib_socket_t::init_fd()::<lambda(std::shared_ptr<coro_io::detail::ib_socket_shared_state_t>)>::operator()(coro_io::ib_socket_t::init_fd()::<lambda(std::shared_ptr<coro_io::detail::ib_socket_shared_state_t>)>::_ZZN7coro_io11ib_socket_t7init_fdEvENKUlSt10shared_ptrINS_6detail24ib_socket_shared_state_tEEE0_clES4_.Frame*)’:
/usr/local/include/ylt/coro_io/ibverbs/ib_socket.hpp:71:12: note: ‘handle_tmp’ declared here
   71 |       auto handle_tmp = std::move(handle);
      |            ^~~~~~~~~~
In file included from /usr/local/include/async_simple/Try.h:24,
                 from /usr/local/include/async_simple/FutureState.h:27,
                 from /usr/local/include/async_simple/Future.h:25:
In member function ‘constexpr bool std::__detail::__variant::_Variant_storage<false, _Types ...>::_M_valid() const [with _Types = {std::__cxx11::basic_string<char, std::char_traits<char>, std::allocator<char> >, memory_owner_t}]’,
    inlined from ‘constexpr void std::__detail::__variant::_Variant_storage<false, _Types ...>::_M_reset() [with _Types = {std::__cxx11::basic_string<char, std::char_traits<char>, std::allocator<char> >, memory_owner_t}]’ at /usr/include/c++/12/variant:467:15,
    inlined from ‘constexpr std::__detail::__variant::_Variant_storage<false, _Types ...>::~_Variant_storage() [with _Types = {std::__cxx11::basic_string<char, std::char_traits<char>, std::allocator<char> >, memory_owner_t}]’ at /usr/include/c++/12/variant:480:17,
    inlined from ‘constexpr std::__detail::__variant::_Copy_ctor_base<false, std::__cxx11::basic_string<char, std::char_traits<char>, std::allocator<char> >, memory_owner_t>::~_Copy_ctor_base()’ at /usr/include/c++/12/variant:554:12,
    inlined from ‘constexpr std::__detail::__variant::_Move_ctor_base<false, std::__cxx11::basic_string<char, std::char_traits<char>, std::allocator<char> >, memory_owner_t>::~_Move_ctor_base()’ at /usr/include/c++/12/variant:591:12,
    inlined from ‘constexpr std::__detail::__variant::_Copy_assign_base<false, std::__cxx11::basic_string<char, std::char_traits<char>, std::allocator<char> >, memory_owner_t>::~_Copy_assign_base()’ at /usr/include/c++/12/variant:629:12,
    inlined from ‘constexpr std::__detail::__variant::_Move_assign_base<false, std::__cxx11::basic_string<char, std::char_traits<char>, std::allocator<char> >, memory_owner_t>::~_Move_assign_base()’ at /usr/include/c++/12/variant:681:12,
    inlined from ‘constexpr std::__detail::__variant::_Variant_base<std::__cxx11::basic_string<char, std::char_traits<char>, std::allocator<char> >, memory_owner_t>::~_Variant_base()’ at /usr/include/c++/12/variant:735:12,
    inlined from ‘constexpr std::variant<_Types>::~variant() [with _Types = {std::__cxx11::basic_string<char, std::char_traits<char>, std::allocator<char> >, memory_owner_t}]’ at /usr/include/c++/12/variant:1407:28,
    inlined from ‘constexpr coro_io::heterogeneous_buffer::~heterogeneous_buffer()’ at /usr/local/include/ylt/coro_io/heterogeneous_buffer.hpp:29:7,
    inlined from ‘constexpr coro_rpc::resp_body::~resp_body()’ at /usr/local/include/ylt/coro_rpc/impl/coro_rpc_client.hpp:115:8,
    inlined from ‘constexpr coro_rpc::coro_rpc_client::async_rpc_raw_result_value_type::~async_rpc_raw_result_value_type()’ at /usr/local/include/ylt/coro_rpc/impl/coro_rpc_client.hpp:1319:10,
    inlined from ‘constexpr void std::destroy_at(_Tp*) [with _Tp = coro_rpc::coro_rpc_client::async_rpc_raw_result_value_type]’ at /usr/include/c++/12/bits/stl_construct.h:88:18,
    inlined from ‘constexpr void std::_Destroy(_Tp*) [with _Tp = coro_rpc::coro_rpc_client::async_rpc_raw_result_value_type]’ at /usr/include/c++/12/bits/stl_construct.h:149:22,
    inlined from ‘std::__detail::__variant::_Variant_storage<false, coro_rpc::coro_rpc_client::async_rpc_raw_result_value_type, std::error_code>::_M_reset()::<lambda(auto:20&&)> mutable [with auto:20 = coro_rpc::coro_rpc_client::async_rpc_raw_result_value_type&]’ at /usr/include/c++/12/variant:472:19,
    inlined from ‘constexpr _Res std::__invoke_impl(__invoke_other, _Fn&&, _Args&& ...) [with _Res = void; _Fn = __detail::__variant::_Variant_storage<false, coro_rpc::coro_rpc_client::async_rpc_raw_result_value_type, error_code>::_M_reset()::<lambda(auto:20&&)>; _Args = {coro_rpc::coro_rpc_client::async_rpc_raw_result_value_type&}]’ at /usr/include/c++/12/bits/invoke.h:61:36,
    inlined from ‘constexpr std::enable_if_t<is_invocable_r_v<_Res, _Callable, _Args ...>, _Res> std::__invoke_r(_Callable&&, _Args&& ...) [with _Res = void; _Callable = __detail::__variant::_Variant_storage<false, coro_rpc::coro_rpc_client::async_rpc_raw_result_value_type, error_code>::_M_reset()::<lambda(auto:20&&)>; _Args = {coro_rpc::coro_rpc_client::async_rpc_raw_result_value_type&}]’ at /usr/include/c++/12/bits/invoke.h:111:28,
    inlined from ‘static constexpr decltype(auto) std::__detail::__variant::__gen_vtable_impl<std::__detail::__variant::_Multi_array<_Result_type (*)(_Visitor, _Variants ...)>, std::integer_sequence<long unsigned int, __indices ...> >::__visit_invoke(_Visitor&&, _Variants ...) [with _Result_type = void; _Visitor = std::__detail::__variant::_Variant_storage<false, coro_rpc::coro_rpc_client::async_rpc_raw_result_value_type, std::error_code>::_M_reset()::<lambda(auto:20&&)>&&; _Variants = {std::variant<coro_rpc::coro_rpc_client::async_rpc_raw_result_value_type, std::error_code>&}; long unsigned int ...__indices = {0}]’ at /usr/include/c++/12/variant:1035:40,
    inlined from ‘constexpr decltype(auto) std::__do_visit(_Visitor&&, _Variants&& ...) [with _Result_type = void; _Visitor = __detail::__variant::_Variant_storage<false, coro_rpc::coro_rpc_client::async_rpc_raw_result_value_type, error_code>::_M_reset()::<lambda(auto:20&&)>; _Variants = {variant<coro_rpc::coro_rpc_client::async_rpc_raw_result_value_type, error_code>&}]’ at /usr/include/c++/12/variant:1790:5,
    inlined from ‘constexpr decltype(auto) std::__do_visit(_Visitor&&, _Variants&& ...) [with _Result_type = void; _Visitor = __detail::__variant::_Variant_storage<false, coro_rpc::coro_rpc_client::async_rpc_raw_result_value_type, error_code>::_M_reset()::<lambda(auto:20&&)>; _Variants = {variant<coro_rpc::coro_rpc_client::async_rpc_raw_result_value_type, error_code>&}]’ at /usr/include/c++/12/variant:1731:5,
    inlined from ‘constexpr void std::__detail::__variant::_Variant_storage<false, _Types ...>::_M_reset() [with _Types = {coro_rpc::coro_rpc_client::async_rpc_raw_result_value_type, std::error_code}]’ at /usr/include/c++/12/variant:470:23,
    inlined from ‘constexpr std::__detail::__variant::_Variant_storage<false, _Types ...>::~_Variant_storage() [with _Types = {coro_rpc::coro_rpc_client::async_rpc_raw_result_value_type, std::error_code}]’ at /usr/include/c++/12/variant:480:17,
    inlined from ‘constexpr std::__detail::__variant::_Copy_ctor_base<false, coro_rpc::coro_rpc_client::async_rpc_raw_result_value_type, std::error_code>::~_Copy_ctor_base()’ at /usr/include/c++/12/variant:554:12,
    inlined from ‘constexpr std::__detail::__variant::_Move_ctor_base<false, coro_rpc::coro_rpc_client::async_rpc_raw_result_value_type, std::error_code>::~_Move_ctor_base()’ at /usr/include/c++/12/variant:591:12,
    inlined from ‘constexpr std::__detail::__variant::_Copy_assign_base<false, coro_rpc::coro_rpc_client::async_rpc_raw_result_value_type, std::error_code>::~_Copy_assign_base()’ at /usr/include/c++/12/variant:629:12,
    inlined from ‘constexpr std::__detail::__variant::_Move_assign_base<false, coro_rpc::coro_rpc_client::async_rpc_raw_result_value_type, std::error_code>::~_Move_assign_base()’ at /usr/include/c++/12/variant:681:12,
    inlined from ‘constexpr std::__detail::__variant::_Variant_base<coro_rpc::coro_rpc_client::async_rpc_raw_result_value_type, std::error_code>::~_Variant_base()’ at /usr/include/c++/12/variant:735:12,
    inlined from ‘constexpr std::variant<_Types>::~variant() [with _Types = {coro_rpc::coro_rpc_client::async_rpc_raw_result_value_type, std::error_code}]’ at /usr/include/c++/12/variant:1407:28,
    inlined from ‘void coro_rpc::coro_rpc_client::handler_t::local_error(std::error_code&)’ at /usr/local/include/ylt/coro_rpc/impl/coro_rpc_client.hpp:1348:25,
    inlined from ‘static void coro_rpc::coro_rpc_client::send_err_response(control_t*, std::error_code&)’ at /usr/local/include/ylt/coro_rpc/impl/coro_rpc_client.hpp:1458:27:
/usr/include/c++/12/variant:487:22: warning: ‘*(const std::__detail::__variant::_Variant_storage<false, std::__cxx11::basic_string<char, std::char_traits<char>, std::allocator<char> >, memory_owner_t>*)((char*)&<unnamed> + offsetof(std::async_rpc_raw_result, std::variant<coro_rpc::coro_rpc_client::async_rpc_raw_result_value_type, std::error_code>::<unnamed>.std::__detail::__variant::_Variant_base<coro_rpc::coro_rpc_client::async_rpc_raw_result_value_type, std::error_code>::<unnamed>.std::__detail::__variant::_Move_assign_base<false, coro_rpc::coro_rpc_client::async_rpc_raw_result_value_type, std::error_code>::<unnamed>.std::__detail::__variant::_Copy_assign_base<false, coro_rpc::coro_rpc_client::async_rpc_raw_result_value_type, std::error_code>::<unnamed>.std::__detail::__variant::_Move_ctor_base<false, coro_rpc::coro_rpc_client::async_rpc_raw_result_value_type, std::error_code>::<unnamed>.std::__detail::__variant::_Copy_ctor_base<false, coro_rpc::coro_rpc_client::async_rpc_raw_result_value_type, std::error_code>::<unnamed>.std::__detail::__variant::_Variant_storage<false, coro_rpc::coro_rpc_client::async_rpc_raw_result_value_type, std::error_code>::_M_u) + 32).std::__detail::__variant::_Variant_storage<false, std::__cxx11::basic_string<char, std::char_traits<char>, std::allocator<char> >, memory_owner_t>::_M_index’ may be used uninitialized [-Wmaybe-uninitialized]
  487 |         return this->_M_index != __index_type(variant_npos);
      |                ~~~~~~^~~~~~~~
/usr/local/include/ylt/coro_rpc/impl/coro_rpc_client.hpp: In static member function ‘static void coro_rpc::coro_rpc_client::send_err_response(control_t*, std::error_code&)’:
/usr/local/include/ylt/coro_rpc/impl/coro_rpc_client.hpp:1348:48: note: ‘<anonymous>’ declared here
 1348 |       promise_.setValue(async_rpc_raw_result{ec});
      |                                                ^
In file included from /usr/include/c++/12/string:53,
                 from /usr/include/c++/12/bits/locale_classes.h:40,
                 from /usr/include/c++/12/bits/ios_base.h:41,
                 from /usr/include/c++/12/ios:42,
                 from /usr/include/c++/12/ostream:38,
                 from /usr/include/c++/12/bits/unique_ptr.h:41,
                 from /usr/include/c++/12/memory:75:
In member function ‘constexpr std::__cxx11::basic_string<_CharT, _Traits, _Alloc>::pointer std::__cxx11::basic_string<_CharT, _Traits, _Alloc>::_M_data() const [with _CharT = char; _Traits = std::char_traits<char>; _Alloc = std::allocator<char>]’,
    inlined from ‘constexpr bool std::__cxx11::basic_string<_CharT, _Traits, _Alloc>::_M_is_local() const [with _CharT = char; _Traits = std::char_traits<char>; _Alloc = std::allocator<char>]’ at /usr/include/c++/12/bits/basic_string.h:275:13,
    inlined from ‘constexpr void std::__cxx11::basic_string<_CharT, _Traits, _Alloc>::_M_dispose() [with _CharT = char; _Traits = std::char_traits<char>; _Alloc = std::allocator<char>]’ at /usr/include/c++/12/bits/basic_string.h:293:18,
    inlined from ‘constexpr std::__cxx11::basic_string<_CharT, _Traits, _Alloc>::~basic_string() [with _CharT = char; _Traits = std::char_traits<char>; _Alloc = std::allocator<char>]’ at /usr/include/c++/12/bits/basic_string.h:803:19,
    inlined from ‘constexpr void std::destroy_at(_Tp*) [with _Tp = __cxx11::basic_string<char>]’ at /usr/include/c++/12/bits/stl_construct.h:88:18,
    inlined from ‘constexpr void std::_Destroy(_Tp*) [with _Tp = __cxx11::basic_string<char>]’ at /usr/include/c++/12/bits/stl_construct.h:149:22,
    inlined from ‘std::__detail::__variant::_Variant_storage<false, std::__cxx11::basic_string<char, std::char_traits<char>, std::allocator<char> >, memory_owner_t>::_M_reset()::<lambda(auto:20&&)> mutable [with auto:20 = std::__cxx11::basic_string<char>&]’ at /usr/include/c++/12/variant:472:19,
    inlined from ‘constexpr _Res std::__invoke_impl(__invoke_other, _Fn&&, _Args&& ...) [with _Res = void; _Fn = __detail::__variant::_Variant_storage<false, __cxx11::basic_string<char, char_traits<char>, allocator<char> >, memory_owner_t>::_M_reset()::<lambda(auto:20&&)>; _Args = {__cxx11::basic_string<char, char_traits<char>, allocator<char> >&}]’ at /usr/include/c++/12/bits/invoke.h:61:36,
    inlined from ‘constexpr std::enable_if_t<is_invocable_r_v<_Res, _Callable, _Args ...>, _Res> std::__invoke_r(_Callable&&, _Args&& ...) [with _Res = void; _Callable = __detail::__variant::_Variant_storage<false, __cxx11::basic_string<char, char_traits<char>, allocator<char> >, memory_owner_t>::_M_reset()::<lambda(auto:20&&)>; _Args = {__cxx11::basic_string<char, char_traits<char>, allocator<char> >&}]’ at /usr/include/c++/12/bits/invoke.h:111:28,
    inlined from ‘static constexpr decltype(auto) std::__detail::__variant::__gen_vtable_impl<std::__detail::__variant::_Multi_array<_Result_type (*)(_Visitor, _Variants ...)>, std::integer_sequence<long unsigned int, __indices ...> >::__visit_invoke(_Visitor&&, _Variants ...) [with _Result_type = void; _Visitor = std::__detail::__variant::_Variant_storage<false, std::__cxx11::basic_string<char, std::char_traits<char>, std::allocator<char> >, memory_owner_t>::_M_reset()::<lambda(auto:20&&)>&&; _Variants = {std::variant<std::__cxx11::basic_string<char, std::char_traits<char>, std::allocator<char> >, memory_owner_t>&}; long unsigned int ...__indices = {0}]’ at /usr/include/c++/12/variant:1035:40,
    inlined from ‘constexpr decltype(auto) std::__do_visit(_Visitor&&, _Variants&& ...) [with _Result_type = void; _Visitor = __detail::__variant::_Variant_storage<false, __cxx11::basic_string<char, char_traits<char>, allocator<char> >, memory_owner_t>::_M_reset()::<lambda(auto:20&&)>; _Variants = {variant<__cxx11::basic_string<char, char_traits<char>, allocator<char> >, memory_owner_t>&}]’ at /usr/include/c++/12/variant:1790:5,
    inlined from ‘constexpr void std::__detail::__variant::_Variant_storage<false, _Types ...>::_M_reset() [with _Types = {std::__cxx11::basic_string<char, std::char_traits<char>, std::allocator<char> >, memory_owner_t}]’ at /usr/include/c++/12/variant:470:23,
    inlined from ‘constexpr std::__detail::__variant::_Variant_storage<false, _Types ...>::~_Variant_storage() [with _Types = {std::__cxx11::basic_string<char, std::char_traits<char>, std::allocator<char> >, memory_owner_t}]’ at /usr/include/c++/12/variant:480:17,
    inlined from ‘constexpr std::__detail::__variant::_Copy_ctor_base<false, std::__cxx11::basic_string<char, std::char_traits<char>, std::allocator<char> >, memory_owner_t>::~_Copy_ctor_base()’ at /usr/include/c++/12/variant:554:12,
    inlined from ‘constexpr std::__detail::__variant::_Move_ctor_base<false, std::__cxx11::basic_string<char, std::char_traits<char>, std::allocator<char> >, memory_owner_t>::~_Move_ctor_base()’ at /usr/include/c++/12/variant:591:12,
    inlined from ‘constexpr std::__detail::__variant::_Copy_assign_base<false, std::__cxx11::basic_string<char, std::char_traits<char>, std::allocator<char> >, memory_owner_t>::~_Copy_assign_base()’ at /usr/include/c++/12/variant:629:12,
    inlined from ‘constexpr std::__detail::__variant::_Move_assign_base<false, std::__cxx11::basic_string<char, std::char_traits<char>, std::allocator<char> >, memory_owner_t>::~_Move_assign_base()’ at /usr/include/c++/12/variant:681:12,
    inlined from ‘constexpr std::__detail::__variant::_Variant_base<std::__cxx11::basic_string<char, std::char_traits<char>, std::allocator<char> >, memory_owner_t>::~_Variant_base()’ at /usr/include/c++/12/variant:735:12,
    inlined from ‘constexpr std::variant<_Types>::~variant() [with _Types = {std::__cxx11::basic_string<char, std::char_traits<char>, std::allocator<char> >, memory_owner_t}]’ at /usr/include/c++/12/variant:1407:28,
    inlined from ‘constexpr coro_io::heterogeneous_buffer::~heterogeneous_buffer()’ at /usr/local/include/ylt/coro_io/heterogeneous_buffer.hpp:29:7,
    inlined from ‘constexpr coro_rpc::resp_body::~resp_body()’ at /usr/local/include/ylt/coro_rpc/impl/coro_rpc_client.hpp:115:8,
    inlined from ‘constexpr coro_rpc::coro_rpc_client::async_rpc_raw_result_value_type::~async_rpc_raw_result_value_type()’ at /usr/local/include/ylt/coro_rpc/impl/coro_rpc_client.hpp:1319:10,
    inlined from ‘constexpr void std::destroy_at(_Tp*) [with _Tp = coro_rpc::coro_rpc_client::async_rpc_raw_result_value_type]’ at /usr/include/c++/12/bits/stl_construct.h:88:18,
    inlined from ‘constexpr void std::_Destroy(_Tp*) [with _Tp = coro_rpc::coro_rpc_client::async_rpc_raw_result_value_type]’ at /usr/include/c++/12/bits/stl_construct.h:149:22,
    inlined from ‘std::__detail::__variant::_Variant_storage<false, coro_rpc::coro_rpc_client::async_rpc_raw_result_value_type, std::error_code>::_M_reset()::<lambda(auto:20&&)> mutable [with auto:20 = coro_rpc::coro_rpc_client::async_rpc_raw_result_value_type&]’ at /usr/include/c++/12/variant:472:19,
    inlined from ‘constexpr _Res std::__invoke_impl(__invoke_other, _Fn&&, _Args&& ...) [with _Res = void; _Fn = __detail::__variant::_Variant_storage<false, coro_rpc::coro_rpc_client::async_rpc_raw_result_value_type, error_code>::_M_reset()::<lambda(auto:20&&)>; _Args = {coro_rpc::coro_rpc_client::async_rpc_raw_result_value_type&}]’ at /usr/include/c++/12/bits/invoke.h:61:36,
    inlined from ‘constexpr std::enable_if_t<is_invocable_r_v<_Res, _Callable, _Args ...>, _Res> std::__invoke_r(_Callable&&, _Args&& ...) [with _Res = void; _Callable = __detail::__variant::_Variant_storage<false, coro_rpc::coro_rpc_client::async_rpc_raw_result_value_type, error_code>::_M_reset()::<lambda(auto:20&&)>; _Args = {coro_rpc::coro_rpc_client::async_rpc_raw_result_value_type&}]’ at /usr/include/c++/12/bits/invoke.h:111:28,
    inlined from ‘static constexpr decltype(auto) std::__detail::__variant::__gen_vtable_impl<std::__detail::__variant::_Multi_array<_Result_type (*)(_Visitor, _Variants ...)>, std::integer_sequence<long unsigned int, __indices ...> >::__visit_invoke(_Visitor&&, _Variants ...) [with _Result_type = void; _Visitor = std::__detail::__variant::_Variant_storage<false, coro_rpc::coro_rpc_client::async_rpc_raw_result_value_type, std::error_code>::_M_reset()::<lambda(auto:20&&)>&&; _Variants = {std::variant<coro_rpc::coro_rpc_client::async_rpc_raw_result_value_type, std::error_code>&}; long unsigned int ...__indices = {0}]’ at /usr/include/c++/12/variant:1035:40,
    inlined from ‘constexpr decltype(auto) std::__do_visit(_Visitor&&, _Variants&& ...) [with _Result_type = void; _Visitor = __detail::__variant::_Variant_storage<false, coro_rpc::coro_rpc_client::async_rpc_raw_result_value_type, error_code>::_M_reset()::<lambda(auto:20&&)>; _Variants = {variant<coro_rpc::coro_rpc_client::async_rpc_raw_result_value_type, error_code>&}]’ at /usr/include/c++/12/variant:1790:5,
    inlined from ‘constexpr decltype(auto) std::__do_visit(_Visitor&&, _Variants&& ...) [with _Result_type = void; _Visitor = __detail::__variant::_Variant_storage<false, coro_rpc::coro_rpc_client::async_rpc_raw_result_value_type, error_code>::_M_reset()::<lambda(auto:20&&)>; _Variants = {variant<coro_rpc::coro_rpc_client::async_rpc_raw_result_value_type, error_code>&}]’ at /usr/include/c++/12/variant:1731:5,
    inlined from ‘constexpr void std::__detail::__variant::_Variant_storage<false, _Types ...>::_M_reset() [with _Types = {coro_rpc::coro_rpc_client::async_rpc_raw_result_value_type, std::error_code}]’ at /usr/include/c++/12/variant:470:23,
    inlined from ‘constexpr std::__detail::__variant::_Variant_storage<false, _Types ...>::~_Variant_storage() [with _Types = {coro_rpc::coro_rpc_client::async_rpc_raw_result_value_type, std::error_code}]’ at /usr/include/c++/12/variant:480:17,
    inlined from ‘constexpr std::__detail::__variant::_Copy_ctor_base<false, coro_rpc::coro_rpc_client::async_rpc_raw_result_value_type, std::error_code>::~_Copy_ctor_base()’ at /usr/include/c++/12/variant:554:12,
    inlined from ‘constexpr std::__detail::__variant::_Move_ctor_base<false, coro_rpc::coro_rpc_client::async_rpc_raw_result_value_type, std::error_code>::~_Move_ctor_base()’ at /usr/include/c++/12/variant:591:12,
    inlined from ‘constexpr std::__detail::__variant::_Copy_assign_base<false, coro_rpc::coro_rpc_client::async_rpc_raw_result_value_type, std::error_code>::~_Copy_assign_base()’ at /usr/include/c++/12/variant:629:12,
    inlined from ‘constexpr std::__detail::__variant::_Move_assign_base<false, coro_rpc::coro_rpc_client::async_rpc_raw_result_value_type, std::error_code>::~_Move_assign_base()’ at /usr/include/c++/12/variant:681:12,
    inlined from ‘constexpr std::__detail::__variant::_Variant_base<coro_rpc::coro_rpc_client::async_rpc_raw_result_value_type, std::error_code>::~_Variant_base()’ at /usr/include/c++/12/variant:735:12,
    inlined from ‘constexpr std::variant<_Types>::~variant() [with _Types = {coro_rpc::coro_rpc_client::async_rpc_raw_result_value_type, std::error_code}]’ at /usr/include/c++/12/variant:1407:28,
    inlined from ‘void coro_rpc::coro_rpc_client::handler_t::local_error(std::error_code&)’ at /usr/local/include/ylt/coro_rpc/impl/coro_rpc_client.hpp:1348:25,
    inlined from ‘static void coro_rpc::coro_rpc_client::send_err_response(control_t*, std::error_code&)’ at /usr/local/include/ylt/coro_rpc/impl/coro_rpc_client.hpp:1458:27:
/usr/include/c++/12/bits/basic_string.h:234:28: warning: ‘((const std::__cxx11::basic_string<char, std::char_traits<char>, std::allocator<char> >*)((char*)&<unnamed> + offsetof(std::async_rpc_raw_result, std::variant<coro_rpc::coro_rpc_client::async_rpc_raw_result_value_type, std::error_code>::<unnamed>.std::__detail::__variant::_Variant_base<coro_rpc::coro_rpc_client::async_rpc_raw_result_value_type, std::error_code>::<unnamed>.std::__detail::__variant::_Move_assign_base<false, coro_rpc::coro_rpc_client::async_rpc_raw_result_value_type, std::error_code>::<unnamed>.std::__detail::__variant::_Copy_assign_base<false, coro_rpc::coro_rpc_client::async_rpc_raw_result_value_type, std::error_code>::<unnamed>.std::__detail::__variant::_Move_ctor_base<false, coro_rpc::coro_rpc_client::async_rpc_raw_result_value_type, std::error_code>::<unnamed>.std::__detail::__variant::_Copy_ctor_base<false, coro_rpc::coro_rpc_client::async_rpc_raw_result_value_type, std::error_code>::<unnamed>.std::__detail::__variant::_Variant_storage<false, coro_rpc::coro_rpc_client::async_rpc_raw_result_value_type, std::error_code>::_M_u)))[1].std::__cxx11::basic_string<char>::_M_dataplus.std::__cxx11::basic_string<char>::_Alloc_hider::_M_p’ may be used uninitialized [-Wmaybe-uninitialized]
  234 |       { return _M_dataplus._M_p; }
      |                            ^~~~
/usr/local/include/ylt/coro_rpc/impl/coro_rpc_client.hpp: In static member function ‘static void coro_rpc::coro_rpc_client::send_err_response(control_t*, std::error_code&)’:
/usr/local/include/ylt/coro_rpc/impl/coro_rpc_client.hpp:1348:48: note: ‘<anonymous>’ declared here
 1348 |       promise_.setValue(async_rpc_raw_result{ec});
      |                                                ^
In member function ‘constexpr void std::__cxx11::basic_string<_CharT, _Traits, _Alloc>::_M_dispose() [with _CharT = char; _Traits = std::char_traits<char>; _Alloc = std::allocator<char>]’,
    inlined from ‘constexpr std::__cxx11::basic_string<_CharT, _Traits, _Alloc>::~basic_string() [with _CharT = char; _Traits = std::char_traits<char>; _Alloc = std::allocator<char>]’ at /usr/include/c++/12/bits/basic_string.h:803:19,
    inlined from ‘constexpr void std::destroy_at(_Tp*) [with _Tp = __cxx11::basic_string<char>]’ at /usr/include/c++/12/bits/stl_construct.h:88:18,
    inlined from ‘constexpr void std::_Destroy(_Tp*) [with _Tp = __cxx11::basic_string<char>]’ at /usr/include/c++/12/bits/stl_construct.h:149:22,
    inlined from ‘std::__detail::__variant::_Variant_storage<false, std::__cxx11::basic_string<char, std::char_traits<char>, std::allocator<char> >, memory_owner_t>::_M_reset()::<lambda(auto:20&&)> mutable [with auto:20 = std::__cxx11::basic_string<char>&]’ at /usr/include/c++/12/variant:472:19,
    inlined from ‘constexpr _Res std::__invoke_impl(__invoke_other, _Fn&&, _Args&& ...) [with _Res = void; _Fn = __detail::__variant::_Variant_storage<false, __cxx11::basic_string<char, char_traits<char>, allocator<char> >, memory_owner_t>::_M_reset()::<lambda(auto:20&&)>; _Args = {__cxx11::basic_string<char, char_traits<char>, allocator<char> >&}]’ at /usr/include/c++/12/bits/invoke.h:61:36,
    inlined from ‘constexpr std::enable_if_t<is_invocable_r_v<_Res, _Callable, _Args ...>, _Res> std::__invoke_r(_Callable&&, _Args&& ...) [with _Res = void; _Callable = __detail::__variant::_Variant_storage<false, __cxx11::basic_string<char, char_traits<char>, allocator<char> >, memory_owner_t>::_M_reset()::<lambda(auto:20&&)>; _Args = {__cxx11::basic_string<char, char_traits<char>, allocator<char> >&}]’ at /usr/include/c++/12/bits/invoke.h:111:28,
    inlined from ‘static constexpr decltype(auto) std::__detail::__variant::__gen_vtable_impl<std::__detail::__variant::_Multi_array<_Result_type (*)(_Visitor, _Variants ...)>, std::integer_sequence<long unsigned int, __indices ...> >::__visit_invoke(_Visitor&&, _Variants ...) [with _Result_type = void; _Visitor = std::__detail::__variant::_Variant_storage<false, std::__cxx11::basic_string<char, std::char_traits<char>, std::allocator<char> >, memory_owner_t>::_M_reset()::<lambda(auto:20&&)>&&; _Variants = {std::variant<std::__cxx11::basic_string<char, std::char_traits<char>, std::allocator<char> >, memory_owner_t>&}; long unsigned int ...__indices = {0}]’ at /usr/include/c++/12/variant:1035:40,
    inlined from ‘constexpr decltype(auto) std::__do_visit(_Visitor&&, _Variants&& ...) [with _Result_type = void; _Visitor = __detail::__variant::_Variant_storage<false, __cxx11::basic_string<char, char_traits<char>, allocator<char> >, memory_owner_t>::_M_reset()::<lambda(auto:20&&)>; _Variants = {variant<__cxx11::basic_string<char, char_traits<char>, allocator<char> >, memory_owner_t>&}]’ at /usr/include/c++/12/variant:1790:5,
    inlined from ‘constexpr void std::__detail::__variant::_Variant_storage<false, _Types ...>::_M_reset() [with _Types = {std::__cxx11::basic_string<char, std::char_traits<char>, std::allocator<char> >, memory_owner_t}]’ at /usr/include/c++/12/variant:470:23,
    inlined from ‘constexpr std::__detail::__variant::_Variant_storage<false, _Types ...>::~_Variant_storage() [with _Types = {std::__cxx11::basic_string<char, std::char_traits<char>, std::allocator<char> >, memory_owner_t}]’ at /usr/include/c++/12/variant:480:17,
    inlined from ‘constexpr std::__detail::__variant::_Copy_ctor_base<false, std::__cxx11::basic_string<char, std::char_traits<char>, std::allocator<char> >, memory_owner_t>::~_Copy_ctor_base()’ at /usr/include/c++/12/variant:554:12,
    inlined from ‘constexpr std::__detail::__variant::_Move_ctor_base<false, std::__cxx11::basic_string<char, std::char_traits<char>, std::allocator<char> >, memory_owner_t>::~_Move_ctor_base()’ at /usr/include/c++/12/variant:591:12,
    inlined from ‘constexpr std::__detail::__variant::_Copy_assign_base<false, std::__cxx11::basic_string<char, std::char_traits<char>, std::allocator<char> >, memory_owner_t>::~_Copy_assign_base()’ at /usr/include/c++/12/variant:629:12,
    inlined from ‘constexpr std::__detail::__variant::_Move_assign_base<false, std::__cxx11::basic_string<char, std::char_traits<char>, std::allocator<char> >, memory_owner_t>::~_Move_assign_base()’ at /usr/include/c++/12/variant:681:12,
    inlined from ‘constexpr std::__detail::__variant::_Variant_base<std::__cxx11::basic_string<char, std::char_traits<char>, std::allocator<char> >, memory_owner_t>::~_Variant_base()’ at /usr/include/c++/12/variant:735:12,
    inlined from ‘constexpr std::variant<_Types>::~variant() [with _Types = {std::__cxx11::basic_string<char, std::char_traits<char>, std::allocator<char> >, memory_owner_t}]’ at /usr/include/c++/12/variant:1407:28,
    inlined from ‘constexpr coro_io::heterogeneous_buffer::~heterogeneous_buffer()’ at /usr/local/include/ylt/coro_io/heterogeneous_buffer.hpp:29:7,
    inlined from ‘constexpr coro_rpc::resp_body::~resp_body()’ at /usr/local/include/ylt/coro_rpc/impl/coro_rpc_client.hpp:115:8,
    inlined from ‘constexpr coro_rpc::coro_rpc_client::async_rpc_raw_result_value_type::~async_rpc_raw_result_value_type()’ at /usr/local/include/ylt/coro_rpc/impl/coro_rpc_client.hpp:1319:10,
    inlined from ‘constexpr void std::destroy_at(_Tp*) [with _Tp = coro_rpc::coro_rpc_client::async_rpc_raw_result_value_type]’ at /usr/include/c++/12/bits/stl_construct.h:88:18,
    inlined from ‘constexpr void std::_Destroy(_Tp*) [with _Tp = coro_rpc::coro_rpc_client::async_rpc_raw_result_value_type]’ at /usr/include/c++/12/bits/stl_construct.h:149:22,
    inlined from ‘std::__detail::__variant::_Variant_storage<false, coro_rpc::coro_rpc_client::async_rpc_raw_result_value_type, std::error_code>::_M_reset()::<lambda(auto:20&&)> mutable [with auto:20 = coro_rpc::coro_rpc_client::async_rpc_raw_result_value_type&]’ at /usr/include/c++/12/variant:472:19,
    inlined from ‘constexpr _Res std::__invoke_impl(__invoke_other, _Fn&&, _Args&& ...) [with _Res = void; _Fn = __detail::__variant::_Variant_storage<false, coro_rpc::coro_rpc_client::async_rpc_raw_result_value_type, error_code>::_M_reset()::<lambda(auto:20&&)>; _Args = {coro_rpc::coro_rpc_client::async_rpc_raw_result_value_type&}]’ at /usr/include/c++/12/bits/invoke.h:61:36,
    inlined from ‘constexpr std::enable_if_t<is_invocable_r_v<_Res, _Callable, _Args ...>, _Res> std::__invoke_r(_Callable&&, _Args&& ...) [with _Res = void; _Callable = __detail::__variant::_Variant_storage<false, coro_rpc::coro_rpc_client::async_rpc_raw_result_value_type, error_code>::_M_reset()::<lambda(auto:20&&)>; _Args = {coro_rpc::coro_rpc_client::async_rpc_raw_result_value_type&}]’ at /usr/include/c++/12/bits/invoke.h:111:28,
    inlined from ‘static constexpr decltype(auto) std::__detail::__variant::__gen_vtable_impl<std::__detail::__variant::_Multi_array<_Result_type (*)(_Visitor, _Variants ...)>, std::integer_sequence<long unsigned int, __indices ...> >::__visit_invoke(_Visitor&&, _Variants ...) [with _Result_type = void; _Visitor = std::__detail::__variant::_Variant_storage<false, coro_rpc::coro_rpc_client::async_rpc_raw_result_value_type, std::error_code>::_M_reset()::<lambda(auto:20&&)>&&; _Variants = {std::variant<coro_rpc::coro_rpc_client::async_rpc_raw_result_value_type, std::error_code>&}; long unsigned int ...__indices = {0}]’ at /usr/include/c++/12/variant:1035:40,
    inlined from ‘constexpr decltype(auto) std::__do_visit(_Visitor&&, _Variants&& ...) [with _Result_type = void; _Visitor = __detail::__variant::_Variant_storage<false, coro_rpc::coro_rpc_client::async_rpc_raw_result_value_type, error_code>::_M_reset()::<lambda(auto:20&&)>; _Variants = {variant<coro_rpc::coro_rpc_client::async_rpc_raw_result_value_type, error_code>&}]’ at /usr/include/c++/12/variant:1790:5,
    inlined from ‘constexpr decltype(auto) std::__do_visit(_Visitor&&, _Variants&& ...) [with _Result_type = void; _Visitor = __detail::__variant::_Variant_storage<false, coro_rpc::coro_rpc_client::async_rpc_raw_result_value_type, error_code>::_M_reset()::<lambda(auto:20&&)>; _Variants = {variant<coro_rpc::coro_rpc_client::async_rpc_raw_result_value_type, error_code>&}]’ at /usr/include/c++/12/variant:1731:5,
    inlined from ‘constexpr void std::__detail::__variant::_Variant_storage<false, _Types ...>::_M_reset() [with _Types = {coro_rpc::coro_rpc_client::async_rpc_raw_result_value_type, std::error_code}]’ at /usr/include/c++/12/variant:470:23,
    inlined from ‘constexpr std::__detail::__variant::_Variant_storage<false, _Types ...>::~_Variant_storage() [with _Types = {coro_rpc::coro_rpc_client::async_rpc_raw_result_value_type, std::error_code}]’ at /usr/include/c++/12/variant:480:17,
    inlined from ‘constexpr std::__detail::__variant::_Copy_ctor_base<false, coro_rpc::coro_rpc_client::async_rpc_raw_result_value_type, std::error_code>::~_Copy_ctor_base()’ at /usr/include/c++/12/variant:554:12,
    inlined from ‘constexpr std::__detail::__variant::_Move_ctor_base<false, coro_rpc::coro_rpc_client::async_rpc_raw_result_value_type, std::error_code>::~_Move_ctor_base()’ at /usr/include/c++/12/variant:591:12,
    inlined from ‘constexpr std::__detail::__variant::_Copy_assign_base<false, coro_rpc::coro_rpc_client::async_rpc_raw_result_value_type, std::error_code>::~_Copy_assign_base()’ at /usr/include/c++/12/variant:629:12,
    inlined from ‘constexpr std::__detail::__variant::_Move_assign_base<false, coro_rpc::coro_rpc_client::async_rpc_raw_result_value_type, std::error_code>::~_Move_assign_base()’ at /usr/include/c++/12/variant:681:12,
    inlined from ‘constexpr std::__detail::__variant::_Variant_base<coro_rpc::coro_rpc_client::async_rpc_raw_result_value_type, std::error_code>::~_Variant_base()’ at /usr/include/c++/12/variant:735:12,
    inlined from ‘constexpr std::variant<_Types>::~variant() [with _Types = {coro_rpc::coro_rpc_client::async_rpc_raw_result_value_type, std::error_code}]’ at /usr/include/c++/12/variant:1407:28,
    inlined from ‘void coro_rpc::coro_rpc_client::handler_t::local_error(std::error_code&)’ at /usr/local/include/ylt/coro_rpc/impl/coro_rpc_client.hpp:1348:25,
    inlined from ‘static void coro_rpc::coro_rpc_client::send_err_response(control_t*, std::error_code&)’ at /usr/local/include/ylt/coro_rpc/impl/coro_rpc_client.hpp:1458:27:
/usr/include/c++/12/bits/basic_string.h:294:21: warning: ‘((std::__cxx11::basic_string<char, std::char_traits<char>, std::allocator<char> >*)((char*)&<unnamed> + offsetof(std::async_rpc_raw_result, std::variant<coro_rpc::coro_rpc_client::async_rpc_raw_result_value_type, std::error_code>::<unnamed>.std::__detail::__variant::_Variant_base<coro_rpc::coro_rpc_client::async_rpc_raw_result_value_type, std::error_code>::<unnamed>.std::__detail::__variant::_Move_assign_base<false, coro_rpc::coro_rpc_client::async_rpc_raw_result_value_type, std::error_code>::<unnamed>.std::__detail::__variant::_Copy_assign_base<false, coro_rpc::coro_rpc_client::async_rpc_raw_result_value_type, std::error_code>::<unnamed>.std::__detail::__variant::_Move_ctor_base<false, coro_rpc::coro_rpc_client::async_rpc_raw_result_value_type, std::error_code>::<unnamed>.std::__detail::__variant::_Copy_ctor_base<false, coro_rpc::coro_rpc_client::async_rpc_raw_result_value_type, std::error_code>::<unnamed>.std::__detail::__variant::_Variant_storage<false, coro_rpc::coro_rpc_client::async_rpc_raw_result_value_type, std::error_code>::_M_u)))[1].std::__cxx11::basic_string<char>::<anonymous>.std::__cxx11::basic_string<char>::<unnamed union>::_M_allocated_capacity’ may be used uninitialized [-Wmaybe-uninitialized]
  294 |           _M_destroy(_M_allocated_capacity);
      |           ~~~~~~~~~~^~~~~~~~~~~~~~~~~~~~~~~
/usr/local/include/ylt/coro_rpc/impl/coro_rpc_client.hpp: In static member function ‘static void coro_rpc::coro_rpc_client::send_err_response(control_t*, std::error_code&)’:
/usr/local/include/ylt/coro_rpc/impl/coro_rpc_client.hpp:1348:48: note: ‘<anonymous>’ declared here
 1348 |       promise_.setValue(async_rpc_raw_result{ec});
      |                                                ^
In file included from /usr/local/include/ylt/coro_io/heterogeneous_buffer.hpp:19,
                 from /usr/local/include/ylt/coro_rpc/impl/coro_connection.hpp:41:
In destructor ‘memory_owner_t::~memory_owner_t()’,
    inlined from ‘constexpr void std::destroy_at(_Tp*) [with _Tp = memory_owner_t]’ at /usr/include/c++/12/bits/stl_construct.h:88:18,
    inlined from ‘constexpr void std::_Destroy(_Tp*) [with _Tp = memory_owner_t]’ at /usr/include/c++/12/bits/stl_construct.h:149:22,
    inlined from ‘std::__detail::__variant::_Variant_storage<false, std::__cxx11::basic_string<char, std::char_traits<char>, std::allocator<char> >, memory_owner_t>::_M_reset()::<lambda(auto:20&&)> mutable [with auto:20 = memory_owner_t&]’ at /usr/include/c++/12/variant:472:19,
    inlined from ‘constexpr _Res std::__invoke_impl(__invoke_other, _Fn&&, _Args&& ...) [with _Res = void; _Fn = __detail::__variant::_Variant_storage<false, __cxx11::basic_string<char, char_traits<char>, allocator<char> >, memory_owner_t>::_M_reset()::<lambda(auto:20&&)>; _Args = {memory_owner_t&}]’ at /usr/include/c++/12/bits/invoke.h:61:36,
    inlined from ‘constexpr std::enable_if_t<is_invocable_r_v<_Res, _Callable, _Args ...>, _Res> std::__invoke_r(_Callable&&, _Args&& ...) [with _Res = void; _Callable = __detail::__variant::_Variant_storage<false, __cxx11::basic_string<char, char_traits<char>, allocator<char> >, memory_owner_t>::_M_reset()::<lambda(auto:20&&)>; _Args = {memory_owner_t&}]’ at /usr/include/c++/12/bits/invoke.h:111:28,
    inlined from ‘static constexpr decltype(auto) std::__detail::__variant::__gen_vtable_impl<std::__detail::__variant::_Multi_array<_Result_type (*)(_Visitor, _Variants ...)>, std::integer_sequence<long unsigned int, __indices ...> >::__visit_invoke(_Visitor&&, _Variants ...) [with _Result_type = void; _Visitor = std::__detail::__variant::_Variant_storage<false, std::__cxx11::basic_string<char, std::char_traits<char>, std::allocator<char> >, memory_owner_t>::_M_reset()::<lambda(auto:20&&)>&&; _Variants = {std::variant<std::__cxx11::basic_string<char, std::char_traits<char>, std::allocator<char> >, memory_owner_t>&}; long unsigned int ...__indices = {1}]’ at /usr/include/c++/12/variant:1035:40,
    inlined from ‘constexpr decltype(auto) std::__do_visit(_Visitor&&, _Variants&& ...) [with _Result_type = void; _Visitor = __detail::__variant::_Variant_storage<false, __cxx11::basic_string<char, char_traits<char>, allocator<char> >, memory_owner_t>::_M_reset()::<lambda(auto:20&&)>; _Variants = {variant<__cxx11::basic_string<char, char_traits<char>, allocator<char> >, memory_owner_t>&}]’ at /usr/include/c++/12/variant:1791:5,
    inlined from ‘constexpr void std::__detail::__variant::_Variant_storage<false, _Types ...>::_M_reset() [with _Types = {std::__cxx11::basic_string<char, std::char_traits<char>, std::allocator<char> >, memory_owner_t}]’ at /usr/include/c++/12/variant:470:23,
    inlined from ‘constexpr std::__detail::__variant::_Variant_storage<false, _Types ...>::~_Variant_storage() [with _Types = {std::__cxx11::basic_string<char, std::char_traits<char>, std::allocator<char> >, memory_owner_t}]’ at /usr/include/c++/12/variant:480:17,
    inlined from ‘constexpr std::__detail::__variant::_Copy_ctor_base<false, std::__cxx11::basic_string<char, std::char_traits<char>, std::allocator<char> >, memory_owner_t>::~_Copy_ctor_base()’ at /usr/include/c++/12/variant:554:12,
    inlined from ‘constexpr std::__detail::__variant::_Move_ctor_base<false, std::__cxx11::basic_string<char, std::char_traits<char>, std::allocator<char> >, memory_owner_t>::~_Move_ctor_base()’ at /usr/include/c++/12/variant:591:12,
    inlined from ‘constexpr std::__detail::__variant::_Copy_assign_base<false, std::__cxx11::basic_string<char, std::char_traits<char>, std::allocator<char> >, memory_owner_t>::~_Copy_assign_base()’ at /usr/include/c++/12/variant:629:12,
    inlined from ‘constexpr std::__detail::__variant::_Move_assign_base<false, std::__cxx11::basic_string<char, std::char_traits<char>, std::allocator<char> >, memory_owner_t>::~_Move_assign_base()’ at /usr/include/c++/12/variant:681:12,
    inlined from ‘constexpr std::__detail::__variant::_Variant_base<std::__cxx11::basic_string<char, std::char_traits<char>, std::allocator<char> >, memory_owner_t>::~_Variant_base()’ at /usr/include/c++/12/variant:735:12,
    inlined from ‘constexpr std::variant<_Types>::~variant() [with _Types = {std::__cxx11::basic_string<char, std::char_traits<char>, std::allocator<char> >, memory_owner_t}]’ at /usr/include/c++/12/variant:1407:28,
    inlined from ‘constexpr coro_io::heterogeneous_buffer::~heterogeneous_buffer()’ at /usr/local/include/ylt/coro_io/heterogeneous_buffer.hpp:29:7,
    inlined from ‘constexpr coro_rpc::resp_body::~resp_body()’ at /usr/local/include/ylt/coro_rpc/impl/coro_rpc_client.hpp:115:8,
    inlined from ‘constexpr coro_rpc::coro_rpc_client::async_rpc_raw_result_value_type::~async_rpc_raw_result_value_type()’ at /usr/local/include/ylt/coro_rpc/impl/coro_rpc_client.hpp:1319:10,
    inlined from ‘constexpr void std::destroy_at(_Tp*) [with _Tp = coro_rpc::coro_rpc_client::async_rpc_raw_result_value_type]’ at /usr/include/c++/12/bits/stl_construct.h:88:18,
    inlined from ‘constexpr void std::_Destroy(_Tp*) [with _Tp = coro_rpc::coro_rpc_client::async_rpc_raw_result_value_type]’ at /usr/include/c++/12/bits/stl_construct.h:149:22,
    inlined from ‘std::__detail::__variant::_Variant_storage<false, coro_rpc::coro_rpc_client::async_rpc_raw_result_value_type, std::error_code>::_M_reset()::<lambda(auto:20&&)> mutable [with auto:20 = coro_rpc::coro_rpc_client::async_rpc_raw_result_value_type&]’ at /usr/include/c++/12/variant:472:19,
    inlined from ‘constexpr _Res std::__invoke_impl(__invoke_other, _Fn&&, _Args&& ...) [with _Res = void; _Fn = __detail::__variant::_Variant_storage<false, coro_rpc::coro_rpc_client::async_rpc_raw_result_value_type, error_code>::_M_reset()::<lambda(auto:20&&)>; _Args = {coro_rpc::coro_rpc_client::async_rpc_raw_result_value_type&}]’ at /usr/include/c++/12/bits/invoke.h:61:36,
    inlined from ‘constexpr std::enable_if_t<is_invocable_r_v<_Res, _Callable, _Args ...>, _Res> std::__invoke_r(_Callable&&, _Args&& ...) [with _Res = void; _Callable = __detail::__variant::_Variant_storage<false, coro_rpc::coro_rpc_client::async_rpc_raw_result_value_type, error_code>::_M_reset()::<lambda(auto:20&&)>; _Args = {coro_rpc::coro_rpc_client::async_rpc_raw_result_value_type&}]’ at /usr/include/c++/12/bits/invoke.h:111:28,
    inlined from ‘static constexpr decltype(auto) std::__detail::__variant::__gen_vtable_impl<std::__detail::__variant::_Multi_array<_Result_type (*)(_Visitor, _Variants ...)>, std::integer_sequence<long unsigned int, __indices ...> >::__visit_invoke(_Visitor&&, _Variants ...) [with _Result_type = void; _Visitor = std::__detail::__variant::_Variant_storage<false, coro_rpc::coro_rpc_client::async_rpc_raw_result_value_type, std::error_code>::_M_reset()::<lambda(auto:20&&)>&&; _Variants = {std::variant<coro_rpc::coro_rpc_client::async_rpc_raw_result_value_type, std::error_code>&}; long unsigned int ...__indices = {0}]’ at /usr/include/c++/12/variant:1035:40,
    inlined from ‘constexpr decltype(auto) std::__do_visit(_Visitor&&, _Variants&& ...) [with _Result_type = void; _Visitor = __detail::__variant::_Variant_storage<false, coro_rpc::coro_rpc_client::async_rpc_raw_result_value_type, error_code>::_M_reset()::<lambda(auto:20&&)>; _Variants = {variant<coro_rpc::coro_rpc_client::async_rpc_raw_result_value_type, error_code>&}]’ at /usr/include/c++/12/variant:1790:5,
    inlined from ‘constexpr decltype(auto) std::__do_visit(_Visitor&&, _Variants&& ...) [with _Result_type = void; _Visitor = __detail::__variant::_Variant_storage<false, coro_rpc::coro_rpc_client::async_rpc_raw_result_value_type, error_code>::_M_reset()::<lambda(auto:20&&)>; _Variants = {variant<coro_rpc::coro_rpc_client::async_rpc_raw_result_value_type, error_code>&}]’ at /usr/include/c++/12/variant:1731:5,
    inlined from ‘constexpr void std::__detail::__variant::_Variant_storage<false, _Types ...>::_M_reset() [with _Types = {coro_rpc::coro_rpc_client::async_rpc_raw_result_value_type, std::error_code}]’ at /usr/include/c++/12/variant:470:23,
    inlined from ‘constexpr std::__detail::__variant::_Variant_storage<false, _Types ...>::~_Variant_storage() [with _Types = {coro_rpc::coro_rpc_client::async_rpc_raw_result_value_type, std::error_code}]’ at /usr/include/c++/12/variant:480:17,
    inlined from ‘constexpr std::__detail::__variant::_Copy_ctor_base<false, coro_rpc::coro_rpc_client::async_rpc_raw_result_value_type, std::error_code>::~_Copy_ctor_base()’ at /usr/include/c++/12/variant:554:12,
    inlined from ‘constexpr std::__detail::__variant::_Move_ctor_base<false, coro_rpc::coro_rpc_client::async_rpc_raw_result_value_type, std::error_code>::~_Move_ctor_base()’ at /usr/include/c++/12/variant:591:12,
    inlined from ‘constexpr std::__detail::__variant::_Copy_assign_base<false, coro_rpc::coro_rpc_client::async_rpc_raw_result_value_type, std::error_code>::~_Copy_assign_base()’ at /usr/include/c++/12/variant:629:12,
    inlined from ‘constexpr std::__detail::__variant::_Move_assign_base<false, coro_rpc::coro_rpc_client::async_rpc_raw_result_value_type, std::error_code>::~_Move_assign_base()’ at /usr/include/c++/12/variant:681:12,
    inlined from ‘constexpr std::__detail::__variant::_Variant_base<coro_rpc::coro_rpc_client::async_rpc_raw_result_value_type, std::error_code>::~_Variant_base()’ at /usr/include/c++/12/variant:735:12,
    inlined from ‘constexpr std::variant<_Types>::~variant() [with _Types = {coro_rpc::coro_rpc_client::async_rpc_raw_result_value_type, std::error_code}]’ at /usr/include/c++/12/variant:1407:28,
    inlined from ‘void coro_rpc::coro_rpc_client::handler_t::local_error(std::error_code&)’ at /usr/local/include/ylt/coro_rpc/impl/coro_rpc_client.hpp:1348:25,
    inlined from ‘static void coro_rpc::coro_rpc_client::send_err_response(control_t*, std::error_code&)’ at /usr/local/include/ylt/coro_rpc/impl/coro_rpc_client.hpp:1458:27:
/usr/local/include/ylt/coro_io/memory_owner.hpp:92:9: warning: ‘((memory_owner_t*)((char*)&<unnamed> + offsetof(std::async_rpc_raw_result, std::variant<coro_rpc::coro_rpc_client::async_rpc_raw_result_value_type, std::error_code>::<unnamed>.std::__detail::__variant::_Variant_base<coro_rpc::coro_rpc_client::async_rpc_raw_result_value_type, std::error_code>::<unnamed>.std::__detail::__variant::_Move_assign_base<false, coro_rpc::coro_rpc_client::async_rpc_raw_result_value_type, std::error_code>::<unnamed>.std::__detail::__variant::_Copy_assign_base<false, coro_rpc::coro_rpc_client::async_rpc_raw_result_value_type, std::error_code>::<unnamed>.std::__detail::__variant::_Move_ctor_base<false, coro_rpc::coro_rpc_client::async_rpc_raw_result_value_type, std::error_code>::<unnamed>.std::__detail::__variant::_Copy_ctor_base<false, coro_rpc::coro_rpc_client::async_rpc_raw_result_value_type, std::error_code>::<unnamed>.std::__detail::__variant::_Variant_storage<false, coro_rpc::coro_rpc_client::async_rpc_raw_result_value_type, std::error_code>::_M_u)))[1].memory_owner_t::memory_’ may be used uninitialized [-Wmaybe-uninitialized]
   92 |     if (memory_) {
      |         ^~~~~~~
/usr/local/include/ylt/coro_rpc/impl/coro_rpc_client.hpp: In static member function ‘static void coro_rpc::coro_rpc_client::send_err_response(control_t*, std::error_code&)’:
/usr/local/include/ylt/coro_rpc/impl/coro_rpc_client.hpp:1348:48: note: ‘<anonymous>’ declared here
 1348 |       promise_.setValue(async_rpc_raw_result{ec});
      |                                                ^
In file included from /usr/include/c++/12/bits/shared_ptr.h:53,
                 from /usr/include/c++/12/memory:76:
In member function ‘std::__shared_ptr<_Tp, _Lp>::operator bool() const [with _Tp = void; __gnu_cxx::_Lock_policy _Lp = __gnu_cxx::_S_atomic]’,
    inlined from ‘memory_owner_t::~memory_owner_t()’ at /usr/local/include/ylt/coro_io/memory_owner.hpp:93:11,
    inlined from ‘constexpr void std::destroy_at(_Tp*) [with _Tp = memory_owner_t]’ at /usr/include/c++/12/bits/stl_construct.h:88:18,
    inlined from ‘constexpr void std::_Destroy(_Tp*) [with _Tp = memory_owner_t]’ at /usr/include/c++/12/bits/stl_construct.h:149:22,
    inlined from ‘std::__detail::__variant::_Variant_storage<false, std::__cxx11::basic_string<char, std::char_traits<char>, std::allocator<char> >, memory_owner_t>::_M_reset()::<lambda(auto:20&&)> mutable [with auto:20 = memory_owner_t&]’ at /usr/include/c++/12/variant:472:19,
    inlined from ‘constexpr _Res std::__invoke_impl(__invoke_other, _Fn&&, _Args&& ...) [with _Res = void; _Fn = __detail::__variant::_Variant_storage<false, __cxx11::basic_string<char, char_traits<char>, allocator<char> >, memory_owner_t>::_M_reset()::<lambda(auto:20&&)>; _Args = {memory_owner_t&}]’ at /usr/include/c++/12/bits/invoke.h:61:36,
    inlined from ‘constexpr std::enable_if_t<is_invocable_r_v<_Res, _Callable, _Args ...>, _Res> std::__invoke_r(_Callable&&, _Args&& ...) [with _Res = void; _Callable = __detail::__variant::_Variant_storage<false, __cxx11::basic_string<char, char_traits<char>, allocator<char> >, memory_owner_t>::_M_reset()::<lambda(auto:20&&)>; _Args = {memory_owner_t&}]’ at /usr/include/c++/12/bits/invoke.h:111:28,
    inlined from ‘static constexpr decltype(auto) std::__detail::__variant::__gen_vtable_impl<std::__detail::__variant::_Multi_array<_Result_type (*)(_Visitor, _Variants ...)>, std::integer_sequence<long unsigned int, __indices ...> >::__visit_invoke(_Visitor&&, _Variants ...) [with _Result_type = void; _Visitor = std::__detail::__variant::_Variant_storage<false, std::__cxx11::basic_string<char, std::char_traits<char>, std::allocator<char> >, memory_owner_t>::_M_reset()::<lambda(auto:20&&)>&&; _Variants = {std::variant<std::__cxx11::basic_string<char, std::char_traits<char>, std::allocator<char> >, memory_owner_t>&}; long unsigned int ...__indices = {1}]’ at /usr/include/c++/12/variant:1035:40,
    inlined from ‘constexpr decltype(auto) std::__do_visit(_Visitor&&, _Variants&& ...) [with _Result_type = void; _Visitor = __detail::__variant::_Variant_storage<false, __cxx11::basic_string<char, char_traits<char>, allocator<char> >, memory_owner_t>::_M_reset()::<lambda(auto:20&&)>; _Variants = {variant<__cxx11::basic_string<char, char_traits<char>, allocator<char> >, memory_owner_t>&}]’ at /usr/include/c++/12/variant:1791:5,
    inlined from ‘constexpr void std::__detail::__variant::_Variant_storage<false, _Types ...>::_M_reset() [with _Types = {std::__cxx11::basic_string<char, std::char_traits<char>, std::allocator<char> >, memory_owner_t}]’ at /usr/include/c++/12/variant:470:23,
    inlined from ‘constexpr std::__detail::__variant::_Variant_storage<false, _Types ...>::~_Variant_storage() [with _Types = {std::__cxx11::basic_string<char, std::char_traits<char>, std::allocator<char> >, memory_owner_t}]’ at /usr/include/c++/12/variant:480:17,
    inlined from ‘constexpr std::__detail::__variant::_Copy_ctor_base<false, std::__cxx11::basic_string<char, std::char_traits<char>, std::allocator<char> >, memory_owner_t>::~_Copy_ctor_base()’ at /usr/include/c++/12/variant:554:12,
    inlined from ‘constexpr std::__detail::__variant::_Move_ctor_base<false, std::__cxx11::basic_string<char, std::char_traits<char>, std::allocator<char> >, memory_owner_t>::~_Move_ctor_base()’ at /usr/include/c++/12/variant:591:12,
    inlined from ‘constexpr std::__detail::__variant::_Copy_assign_base<false, std::__cxx11::basic_string<char, std::char_traits<char>, std::allocator<char> >, memory_owner_t>::~_Copy_assign_base()’ at /usr/include/c++/12/variant:629:12,
    inlined from ‘constexpr std::__detail::__variant::_Move_assign_base<false, std::__cxx11::basic_string<char, std::char_traits<char>, std::allocator<char> >, memory_owner_t>::~_Move_assign_base()’ at /usr/include/c++/12/variant:681:12,
    inlined from ‘constexpr std::__detail::__variant::_Variant_base<std::__cxx11::basic_string<char, std::char_traits<char>, std::allocator<char> >, memory_owner_t>::~_Variant_base()’ at /usr/include/c++/12/variant:735:12,
    inlined from ‘constexpr std::variant<_Types>::~variant() [with _Types = {std::__cxx11::basic_string<char, std::char_traits<char>, std::allocator<char> >, memory_owner_t}]’ at /usr/include/c++/12/variant:1407:28,
    inlined from ‘constexpr coro_io::heterogeneous_buffer::~heterogeneous_buffer()’ at /usr/local/include/ylt/coro_io/heterogeneous_buffer.hpp:29:7,
    inlined from ‘constexpr coro_rpc::resp_body::~resp_body()’ at /usr/local/include/ylt/coro_rpc/impl/coro_rpc_client.hpp:115:8,
    inlined from ‘constexpr coro_rpc::coro_rpc_client::async_rpc_raw_result_value_type::~async_rpc_raw_result_value_type()’ at /usr/local/include/ylt/coro_rpc/impl/coro_rpc_client.hpp:1319:10,
    inlined from ‘constexpr void std::destroy_at(_Tp*) [with _Tp = coro_rpc::coro_rpc_client::async_rpc_raw_result_value_type]’ at /usr/include/c++/12/bits/stl_construct.h:88:18,
    inlined from ‘constexpr void std::_Destroy(_Tp*) [with _Tp = coro_rpc::coro_rpc_client::async_rpc_raw_result_value_type]’ at /usr/include/c++/12/bits/stl_construct.h:149:22,
    inlined from ‘std::__detail::__variant::_Variant_storage<false, coro_rpc::coro_rpc_client::async_rpc_raw_result_value_type, std::error_code>::_M_reset()::<lambda(auto:20&&)> mutable [with auto:20 = coro_rpc::coro_rpc_client::async_rpc_raw_result_value_type&]’ at /usr/include/c++/12/variant:472:19,
    inlined from ‘constexpr _Res std::__invoke_impl(__invoke_other, _Fn&&, _Args&& ...) [with _Res = void; _Fn = __detail::__variant::_Variant_storage<false, coro_rpc::coro_rpc_client::async_rpc_raw_result_value_type, error_code>::_M_reset()::<lambda(auto:20&&)>; _Args = {coro_rpc::coro_rpc_client::async_rpc_raw_result_value_type&}]’ at /usr/include/c++/12/bits/invoke.h:61:36,
    inlined from ‘constexpr std::enable_if_t<is_invocable_r_v<_Res, _Callable, _Args ...>, _Res> std::__invoke_r(_Callable&&, _Args&& ...) [with _Res = void; _Callable = __detail::__variant::_Variant_storage<false, coro_rpc::coro_rpc_client::async_rpc_raw_result_value_type, error_code>::_M_reset()::<lambda(auto:20&&)>; _Args = {coro_rpc::coro_rpc_client::async_rpc_raw_result_value_type&}]’ at /usr/include/c++/12/bits/invoke.h:111:28,
    inlined from ‘static constexpr decltype(auto) std::__detail::__variant::__gen_vtable_impl<std::__detail::__variant::_Multi_array<_Result_type (*)(_Visitor, _Variants ...)>, std::integer_sequence<long unsigned int, __indices ...> >::__visit_invoke(_Visitor&&, _Variants ...) [with _Result_type = void; _Visitor = std::__detail::__variant::_Variant_storage<false, coro_rpc::coro_rpc_client::async_rpc_raw_result_value_type, std::error_code>::_M_reset()::<lambda(auto:20&&)>&&; _Variants = {std::variant<coro_rpc::coro_rpc_client::async_rpc_raw_result_value_type, std::error_code>&}; long unsigned int ...__indices = {0}]’ at /usr/include/c++/12/variant:1035:40,
    inlined from ‘constexpr decltype(auto) std::__do_visit(_Visitor&&, _Variants&& ...) [with _Result_type = void; _Visitor = __detail::__variant::_Variant_storage<false, coro_rpc::coro_rpc_client::async_rpc_raw_result_value_type, error_code>::_M_reset()::<lambda(auto:20&&)>; _Variants = {variant<coro_rpc::coro_rpc_client::async_rpc_raw_result_value_type, error_code>&}]’ at /usr/include/c++/12/variant:1790:5,
    inlined from ‘constexpr decltype(auto) std::__do_visit(_Visitor&&, _Variants&& ...) [with _Result_type = void; _Visitor = __detail::__variant::_Variant_storage<false, coro_rpc::coro_rpc_client::async_rpc_raw_result_value_type, error_code>::_M_reset()::<lambda(auto:20&&)>; _Variants = {variant<coro_rpc::coro_rpc_client::async_rpc_raw_result_value_type, error_code>&}]’ at /usr/include/c++/12/variant:1731:5,
    inlined from ‘constexpr void std::__detail::__variant::_Variant_storage<false, _Types ...>::_M_reset() [with _Types = {coro_rpc::coro_rpc_client::async_rpc_raw_result_value_type, std::error_code}]’ at /usr/include/c++/12/variant:470:23,
    inlined from ‘constexpr std::__detail::__variant::_Variant_storage<false, _Types ...>::~_Variant_storage() [with _Types = {coro_rpc::coro_rpc_client::async_rpc_raw_result_value_type, std::error_code}]’ at /usr/include/c++/12/variant:480:17,
    inlined from ‘constexpr std::__detail::__variant::_Copy_ctor_base<false, coro_rpc::coro_rpc_client::async_rpc_raw_result_value_type, std::error_code>::~_Copy_ctor_base()’ at /usr/include/c++/12/variant:554:12,
    inlined from ‘constexpr std::__detail::__variant::_Move_ctor_base<false, coro_rpc::coro_rpc_client::async_rpc_raw_result_value_type, std::error_code>::~_Move_ctor_base()’ at /usr/include/c++/12/variant:591:12,
    inlined from ‘constexpr std::__detail::__variant::_Copy_assign_base<false, coro_rpc::coro_rpc_client::async_rpc_raw_result_value_type, std::error_code>::~_Copy_assign_base()’ at /usr/include/c++/12/variant:629:12,
    inlined from ‘constexpr std::__detail::__variant::_Move_assign_base<false, coro_rpc::coro_rpc_client::async_rpc_raw_result_value_type, std::error_code>::~_Move_assign_base()’ at /usr/include/c++/12/variant:681:12,
    inlined from ‘constexpr std::__detail::__variant::_Variant_base<coro_rpc::coro_rpc_client::async_rpc_raw_result_value_type, std::error_code>::~_Variant_base()’ at /usr/include/c++/12/variant:735:12,
    inlined from ‘constexpr std::variant<_Types>::~variant() [with _Types = {coro_rpc::coro_rpc_client::async_rpc_raw_result_value_type, std::error_code}]’ at /usr/include/c++/12/variant:1407:28,
    inlined from ‘void coro_rpc::coro_rpc_client::handler_t::local_error(std::error_code&)’ at /usr/local/include/ylt/coro_rpc/impl/coro_rpc_client.hpp:1348:25,
    inlined from ‘static void coro_rpc::coro_rpc_client::send_err_response(control_t*, std::error_code&)’ at /usr/local/include/ylt/coro_rpc/impl/coro_rpc_client.hpp:1458:27:
/usr/include/c++/12/bits/shared_ptr_base.h:1670:16: warning: ‘((const std::__shared_ptr<void, __gnu_cxx::_S_atomic>*)((char*)&<unnamed> + offsetof(std::async_rpc_raw_result, std::variant<coro_rpc::coro_rpc_client::async_rpc_raw_result_value_type, std::error_code>::<unnamed>.std::__detail::__variant::_Variant_base<coro_rpc::coro_rpc_client::async_rpc_raw_result_value_type, std::error_code>::<unnamed>.std::__detail::__variant::_Move_assign_base<false, coro_rpc::coro_rpc_client::async_rpc_raw_result_value_type, std::error_code>::<unnamed>.std::__detail::__variant::_Copy_assign_base<false, coro_rpc::coro_rpc_client::async_rpc_raw_result_value_type, std::error_code>::<unnamed>.std::__detail::__variant::_Move_ctor_base<false, coro_rpc::coro_rpc_client::async_rpc_raw_result_value_type, std::error_code>::<unnamed>.std::__detail::__variant::_Copy_ctor_base<false, coro_rpc::coro_rpc_client::async_rpc_raw_result_value_type, std::error_code>::<unnamed>.std::__detail::__variant::_Variant_storage<false, coro_rpc::coro_rpc_client::async_rpc_raw_result_value_type, std::error_code>::_M_u)))[3].std::__shared_ptr<void, __gnu_cxx::_S_atomic>::_M_ptr’ may be used uninitialized [-Wmaybe-uninitialized]
 1670 |       { return _M_ptr != nullptr; }
      |                ^~~~~~
/usr/local/include/ylt/coro_rpc/impl/coro_rpc_client.hpp: In static member function ‘static void coro_rpc::coro_rpc_client::send_err_response(control_t*, std::error_code&)’:
/usr/local/include/ylt/coro_rpc/impl/coro_rpc_client.hpp:1348:48: note: ‘<anonymous>’ declared here
 1348 |       promise_.setValue(async_rpc_raw_result{ec});
      |                                                ^
In destructor ‘std::__shared_count<_Lp>::~__shared_count() [with __gnu_cxx::_Lock_policy _Lp = __gnu_cxx::_S_atomic]’,
    inlined from ‘std::__shared_ptr<_Tp, _Lp>::~__shared_ptr() [with _Tp = void; __gnu_cxx::_Lock_policy _Lp = __gnu_cxx::_S_atomic]’ at /usr/include/c++/12/bits/shared_ptr_base.h:1524:7,
    inlined from ‘std::shared_ptr<void>::~shared_ptr()’ at /usr/include/c++/12/bits/shared_ptr.h:175:11,
    inlined from ‘memory_owner_t::~memory_owner_t()’ at /usr/local/include/ylt/coro_io/memory_owner.hpp:102:3,
    inlined from ‘constexpr void std::destroy_at(_Tp*) [with _Tp = memory_owner_t]’ at /usr/include/c++/12/bits/stl_construct.h:88:18,
    inlined from ‘constexpr void std::_Destroy(_Tp*) [with _Tp = memory_owner_t]’ at /usr/include/c++/12/bits/stl_construct.h:149:22,
    inlined from ‘std::__detail::__variant::_Variant_storage<false, std::__cxx11::basic_string<char, std::char_traits<char>, std::allocator<char> >, memory_owner_t>::_M_reset()::<lambda(auto:20&&)> mutable [with auto:20 = memory_owner_t&]’ at /usr/include/c++/12/variant:472:19,
    inlined from ‘constexpr _Res std::__invoke_impl(__invoke_other, _Fn&&, _Args&& ...) [with _Res = void; _Fn = __detail::__variant::_Variant_storage<false, __cxx11::basic_string<char, char_traits<char>, allocator<char> >, memory_owner_t>::_M_reset()::<lambda(auto:20&&)>; _Args = {memory_owner_t&}]’ at /usr/include/c++/12/bits/invoke.h:61:36,
    inlined from ‘constexpr std::enable_if_t<is_invocable_r_v<_Res, _Callable, _Args ...>, _Res> std::__invoke_r(_Callable&&, _Args&& ...) [with _Res = void; _Callable = __detail::__variant::_Variant_storage<false, __cxx11::basic_string<char, char_traits<char>, allocator<char> >, memory_owner_t>::_M_reset()::<lambda(auto:20&&)>; _Args = {memory_owner_t&}]’ at /usr/include/c++/12/bits/invoke.h:111:28,
    inlined from ‘static constexpr decltype(auto) std::__detail::__variant::__gen_vtable_impl<std::__detail::__variant::_Multi_array<_Result_type (*)(_Visitor, _Variants ...)>, std::integer_sequence<long unsigned int, __indices ...> >::__visit_invoke(_Visitor&&, _Variants ...) [with _Result_type = void; _Visitor = std::__detail::__variant::_Variant_storage<false, std::__cxx11::basic_string<char, std::char_traits<char>, std::allocator<char> >, memory_owner_t>::_M_reset()::<lambda(auto:20&&)>&&; _Variants = {std::variant<std::__cxx11::basic_string<char, std::char_traits<char>, std::allocator<char> >, memory_owner_t>&}; long unsigned int ...__indices = {1}]’ at /usr/include/c++/12/variant:1035:40,
    inlined from ‘constexpr decltype(auto) std::__do_visit(_Visitor&&, _Variants&& ...) [with _Result_type = void; _Visitor = __detail::__variant::_Variant_storage<false, __cxx11::basic_string<char, char_traits<char>, allocator<char> >, memory_owner_t>::_M_reset()::<lambda(auto:20&&)>; _Variants = {variant<__cxx11::basic_string<char, char_traits<char>, allocator<char> >, memory_owner_t>&}]’ at /usr/include/c++/12/variant:1791:5,
    inlined from ‘constexpr void std::__detail::__variant::_Variant_storage<false, _Types ...>::_M_reset() [with _Types = {std::__cxx11::basic_string<char, std::char_traits<char>, std::allocator<char> >, memory_owner_t}]’ at /usr/include/c++/12/variant:470:23,
    inlined from ‘constexpr std::__detail::__variant::_Variant_storage<false, _Types ...>::~_Variant_storage() [with _Types = {std::__cxx11::basic_string<char, std::char_traits<char>, std::allocator<char> >, memory_owner_t}]’ at /usr/include/c++/12/variant:480:17,
    inlined from ‘constexpr std::__detail::__variant::_Copy_ctor_base<false, std::__cxx11::basic_string<char, std::char_traits<char>, std::allocator<char> >, memory_owner_t>::~_Copy_ctor_base()’ at /usr/include/c++/12/variant:554:12,
    inlined from ‘constexpr std::__detail::__variant::_Move_ctor_base<false, std::__cxx11::basic_string<char, std::char_traits<char>, std::allocator<char> >, memory_owner_t>::~_Move_ctor_base()’ at /usr/include/c++/12/variant:591:12,
    inlined from ‘constexpr std::__detail::__variant::_Copy_assign_base<false, std::__cxx11::basic_string<char, std::char_traits<char>, std::allocator<char> >, memory_owner_t>::~_Copy_assign_base()’ at /usr/include/c++/12/variant:629:12,
    inlined from ‘constexpr std::__detail::__variant::_Move_assign_base<false, std::__cxx11::basic_string<char, std::char_traits<char>, std::allocator<char> >, memory_owner_t>::~_Move_assign_base()’ at /usr/include/c++/12/variant:681:12,
    inlined from ‘constexpr std::__detail::__variant::_Variant_base<std::__cxx11::basic_string<char, std::char_traits<char>, std::allocator<char> >, memory_owner_t>::~_Variant_base()’ at /usr/include/c++/12/variant:735:12,
    inlined from ‘constexpr std::variant<_Types>::~variant() [with _Types = {std::__cxx11::basic_string<char, std::char_traits<char>, std::allocator<char> >, memory_owner_t}]’ at /usr/include/c++/12/variant:1407:28,
    inlined from ‘constexpr coro_io::heterogeneous_buffer::~heterogeneous_buffer()’ at /usr/local/include/ylt/coro_io/heterogeneous_buffer.hpp:29:7,
    inlined from ‘constexpr coro_rpc::resp_body::~resp_body()’ at /usr/local/include/ylt/coro_rpc/impl/coro_rpc_client.hpp:115:8,
    inlined from ‘constexpr coro_rpc::coro_rpc_client::async_rpc_raw_result_value_type::~async_rpc_raw_result_value_type()’ at /usr/local/include/ylt/coro_rpc/impl/coro_rpc_client.hpp:1319:10,
    inlined from ‘constexpr void std::destroy_at(_Tp*) [with _Tp = coro_rpc::coro_rpc_client::async_rpc_raw_result_value_type]’ at /usr/include/c++/12/bits/stl_construct.h:88:18,
    inlined from ‘constexpr void std::_Destroy(_Tp*) [with _Tp = coro_rpc::coro_rpc_client::async_rpc_raw_result_value_type]’ at /usr/include/c++/12/bits/stl_construct.h:149:22,
    inlined from ‘std::__detail::__variant::_Variant_storage<false, coro_rpc::coro_rpc_client::async_rpc_raw_result_value_type, std::error_code>::_M_reset()::<lambda(auto:20&&)> mutable [with auto:20 = coro_rpc::coro_rpc_client::async_rpc_raw_result_value_type&]’ at /usr/include/c++/12/variant:472:19,
    inlined from ‘constexpr _Res std::__invoke_impl(__invoke_other, _Fn&&, _Args&& ...) [with _Res = void; _Fn = __detail::__variant::_Variant_storage<false, coro_rpc::coro_rpc_client::async_rpc_raw_result_value_type, error_code>::_M_reset()::<lambda(auto:20&&)>; _Args = {coro_rpc::coro_rpc_client::async_rpc_raw_result_value_type&}]’ at /usr/include/c++/12/bits/invoke.h:61:36,
    inlined from ‘constexpr std::enable_if_t<is_invocable_r_v<_Res, _Callable, _Args ...>, _Res> std::__invoke_r(_Callable&&, _Args&& ...) [with _Res = void; _Callable = __detail::__variant::_Variant_storage<false, coro_rpc::coro_rpc_client::async_rpc_raw_result_value_type, error_code>::_M_reset()::<lambda(auto:20&&)>; _Args = {coro_rpc::coro_rpc_client::async_rpc_raw_result_value_type&}]’ at /usr/include/c++/12/bits/invoke.h:111:28,
    inlined from ‘static constexpr decltype(auto) std::__detail::__variant::__gen_vtable_impl<std::__detail::__variant::_Multi_array<_Result_type (*)(_Visitor, _Variants ...)>, std::integer_sequence<long unsigned int, __indices ...> >::__visit_invoke(_Visitor&&, _Variants ...) [with _Result_type = void; _Visitor = std::__detail::__variant::_Variant_storage<false, coro_rpc::coro_rpc_client::async_rpc_raw_result_value_type, std::error_code>::_M_reset()::<lambda(auto:20&&)>&&; _Variants = {std::variant<coro_rpc::coro_rpc_client::async_rpc_raw_result_value_type, std::error_code>&}; long unsigned int ...__indices = {0}]’ at /usr/include/c++/12/variant:1035:40,
    inlined from ‘constexpr decltype(auto) std::__do_visit(_Visitor&&, _Variants&& ...) [with _Result_type = void; _Visitor = __detail::__variant::_Variant_storage<false, coro_rpc::coro_rpc_client::async_rpc_raw_result_value_type, error_code>::_M_reset()::<lambda(auto:20&&)>; _Variants = {variant<coro_rpc::coro_rpc_client::async_rpc_raw_result_value_type, error_code>&}]’ at /usr/include/c++/12/variant:1790:5,
    inlined from ‘constexpr decltype(auto) std::__do_visit(_Visitor&&, _Variants&& ...) [with _Result_type = void; _Visitor = __detail::__variant::_Variant_storage<false, coro_rpc::coro_rpc_client::async_rpc_raw_result_value_type, error_code>::_M_reset()::<lambda(auto:20&&)>; _Variants = {variant<coro_rpc::coro_rpc_client::async_rpc_raw_result_value_type, error_code>&}]’ at /usr/include/c++/12/variant:1731:5,
    inlined from ‘constexpr void std::__detail::__variant::_Variant_storage<false, _Types ...>::_M_reset() [with _Types = {coro_rpc::coro_rpc_client::async_rpc_raw_result_value_type, std::error_code}]’ at /usr/include/c++/12/variant:470:23,
    inlined from ‘constexpr std::__detail::__variant::_Variant_storage<false, _Types ...>::~_Variant_storage() [with _Types = {coro_rpc::coro_rpc_client::async_rpc_raw_result_value_type, std::error_code}]’ at /usr/include/c++/12/variant:480:17,
    inlined from ‘constexpr std::__detail::__variant::_Copy_ctor_base<false, coro_rpc::coro_rpc_client::async_rpc_raw_result_value_type, std::error_code>::~_Copy_ctor_base()’ at /usr/include/c++/12/variant:554:12,
    inlined from ‘constexpr std::__detail::__variant::_Move_ctor_base<false, coro_rpc::coro_rpc_client::async_rpc_raw_result_value_type, std::error_code>::~_Move_ctor_base()’ at /usr/include/c++/12/variant:591:12,
    inlined from ‘constexpr std::__detail::__variant::_Copy_assign_base<false, coro_rpc::coro_rpc_client::async_rpc_raw_result_value_type, std::error_code>::~_Copy_assign_base()’ at /usr/include/c++/12/variant:629:12,
    inlined from ‘constexpr std::__detail::__variant::_Move_assign_base<false, coro_rpc::coro_rpc_client::async_rpc_raw_result_value_type, std::error_code>::~_Move_assign_base()’ at /usr/include/c++/12/variant:681:12,
    inlined from ‘constexpr std::__detail::__variant::_Variant_base<coro_rpc::coro_rpc_client::async_rpc_raw_result_value_type, std::error_code>::~_Variant_base()’ at /usr/include/c++/12/variant:735:12,
    inlined from ‘constexpr std::variant<_Types>::~variant() [with _Types = {coro_rpc::coro_rpc_client::async_rpc_raw_result_value_type, std::error_code}]’ at /usr/include/c++/12/variant:1407:28,
    inlined from ‘void coro_rpc::coro_rpc_client::handler_t::local_error(std::error_code&)’ at /usr/local/include/ylt/coro_rpc/impl/coro_rpc_client.hpp:1348:25,
    inlined from ‘static void coro_rpc::coro_rpc_client::send_err_response(control_t*, std::error_code&)’ at /usr/local/include/ylt/coro_rpc/impl/coro_rpc_client.hpp:1458:27:
/usr/include/c++/12/bits/shared_ptr_base.h:1070:13: warning: ‘((std::__shared_count<__gnu_cxx::_S_atomic>*)((char*)&<unnamed> + offsetof(std::async_rpc_raw_result, std::variant<coro_rpc::coro_rpc_client::async_rpc_raw_result_value_type, std::error_code>::<unnamed>.std::__detail::__variant::_Variant_base<coro_rpc::coro_rpc_client::async_rpc_raw_result_value_type, std::error_code>::<unnamed>.std::__detail::__variant::_Move_assign_base<false, coro_rpc::coro_rpc_client::async_rpc_raw_result_value_type, std::error_code>::<unnamed>.std::__detail::__variant::_Copy_assign_base<false, coro_rpc::coro_rpc_client::async_rpc_raw_result_value_type, std::error_code>::<unnamed>.std::__detail::__variant::_Move_ctor_base<false, coro_rpc::coro_rpc_client::async_rpc_raw_result_value_type, std::error_code>::<unnamed>.std::__detail::__variant::_Copy_ctor_base<false, coro_rpc::coro_rpc_client::async_rpc_raw_result_value_type, std::error_code>::<unnamed>.std::__detail::__variant::_Variant_storage<false, coro_rpc::coro_rpc_client::async_rpc_raw_result_value_type, std::error_code>::_M_u)))[7].std::__shared_count<>::_M_pi’ may be used uninitialized [-Wmaybe-uninitialized]
 1070 |         if (_M_pi != nullptr)
      |             ^~~~~
/usr/local/include/ylt/coro_rpc/impl/coro_rpc_client.hpp: In static member function ‘static void coro_rpc::coro_rpc_client::send_err_response(control_t*, std::error_code&)’:
/usr/local/include/ylt/coro_rpc/impl/coro_rpc_client.hpp:1348:48: note: ‘<anonymous>’ declared here
 1348 |       promise_.setValue(async_rpc_raw_result{ec});
      |                                                ^
In member function ‘constexpr void std::__cxx11::basic_string<_CharT, _Traits, _Alloc>::_M_dispose() [with _CharT = char; _Traits = std::char_traits<char>; _Alloc = std::allocator<char>]’,
    inlined from ‘constexpr std::__cxx11::basic_string<_CharT, _Traits, _Alloc>::~basic_string() [with _CharT = char; _Traits = std::char_traits<char>; _Alloc = std::allocator<char>]’ at /usr/include/c++/12/bits/basic_string.h:803:19,
    inlined from ‘constexpr coro_rpc::resp_body::~resp_body()’ at /usr/local/include/ylt/coro_rpc/impl/coro_rpc_client.hpp:115:8,
    inlined from ‘constexpr coro_rpc::coro_rpc_client::async_rpc_raw_result_value_type::~async_rpc_raw_result_value_type()’ at /usr/local/include/ylt/coro_rpc/impl/coro_rpc_client.hpp:1319:10,
    inlined from ‘constexpr void std::destroy_at(_Tp*) [with _Tp = coro_rpc::coro_rpc_client::async_rpc_raw_result_value_type]’ at /usr/include/c++/12/bits/stl_construct.h:88:18,
    inlined from ‘constexpr void std::_Destroy(_Tp*) [with _Tp = coro_rpc::coro_rpc_client::async_rpc_raw_result_value_type]’ at /usr/include/c++/12/bits/stl_construct.h:149:22,
    inlined from ‘std::__detail::__variant::_Variant_storage<false, coro_rpc::coro_rpc_client::async_rpc_raw_result_value_type, std::error_code>::_M_reset()::<lambda(auto:20&&)> mutable [with auto:20 = coro_rpc::coro_rpc_client::async_rpc_raw_result_value_type&]’ at /usr/include/c++/12/variant:472:19,
    inlined from ‘constexpr _Res std::__invoke_impl(__invoke_other, _Fn&&, _Args&& ...) [with _Res = void; _Fn = __detail::__variant::_Variant_storage<false, coro_rpc::coro_rpc_client::async_rpc_raw_result_value_type, error_code>::_M_reset()::<lambda(auto:20&&)>; _Args = {coro_rpc::coro_rpc_client::async_rpc_raw_result_value_type&}]’ at /usr/include/c++/12/bits/invoke.h:61:36,
    inlined from ‘constexpr std::enable_if_t<is_invocable_r_v<_Res, _Callable, _Args ...>, _Res> std::__invoke_r(_Callable&&, _Args&& ...) [with _Res = void; _Callable = __detail::__variant::_Variant_storage<false, coro_rpc::coro_rpc_client::async_rpc_raw_result_value_type, error_code>::_M_reset()::<lambda(auto:20&&)>; _Args = {coro_rpc::coro_rpc_client::async_rpc_raw_result_value_type&}]’ at /usr/include/c++/12/bits/invoke.h:111:28,
    inlined from ‘static constexpr decltype(auto) std::__detail::__variant::__gen_vtable_impl<std::__detail::__variant::_Multi_array<_Result_type (*)(_Visitor, _Variants ...)>, std::integer_sequence<long unsigned int, __indices ...> >::__visit_invoke(_Visitor&&, _Variants ...) [with _Result_type = void; _Visitor = std::__detail::__variant::_Variant_storage<false, coro_rpc::coro_rpc_client::async_rpc_raw_result_value_type, std::error_code>::_M_reset()::<lambda(auto:20&&)>&&; _Variants = {std::variant<coro_rpc::coro_rpc_client::async_rpc_raw_result_value_type, std::error_code>&}; long unsigned int ...__indices = {0}]’ at /usr/include/c++/12/variant:1035:40,
    inlined from ‘constexpr decltype(auto) std::__do_visit(_Visitor&&, _Variants&& ...) [with _Result_type = void; _Visitor = __detail::__variant::_Variant_storage<false, coro_rpc::coro_rpc_client::async_rpc_raw_result_value_type, error_code>::_M_reset()::<lambda(auto:20&&)>; _Variants = {variant<coro_rpc::coro_rpc_client::async_rpc_raw_result_value_type, error_code>&}]’ at /usr/include/c++/12/variant:1790:5,
    inlined from ‘constexpr decltype(auto) std::__do_visit(_Visitor&&, _Variants&& ...) [with _Result_type = void; _Visitor = __detail::__variant::_Variant_storage<false, coro_rpc::coro_rpc_client::async_rpc_raw_result_value_type, error_code>::_M_reset()::<lambda(auto:20&&)>; _Variants = {variant<coro_rpc::coro_rpc_client::async_rpc_raw_result_value_type, error_code>&}]’ at /usr/include/c++/12/variant:1731:5,
    inlined from ‘constexpr void std::__detail::__variant::_Variant_storage<false, _Types ...>::_M_reset() [with _Types = {coro_rpc::coro_rpc_client::async_rpc_raw_result_value_type, std::error_code}]’ at /usr/include/c++/12/variant:470:23,
    inlined from ‘constexpr std::__detail::__variant::_Variant_storage<false, _Types ...>::~_Variant_storage() [with _Types = {coro_rpc::coro_rpc_client::async_rpc_raw_result_value_type, std::error_code}]’ at /usr/include/c++/12/variant:480:17,
    inlined from ‘constexpr std::__detail::__variant::_Copy_ctor_base<false, coro_rpc::coro_rpc_client::async_rpc_raw_result_value_type, std::error_code>::~_Copy_ctor_base()’ at /usr/include/c++/12/variant:554:12,
    inlined from ‘constexpr std::__detail::__variant::_Move_ctor_base<false, coro_rpc::coro_rpc_client::async_rpc_raw_result_value_type, std::error_code>::~_Move_ctor_base()’ at /usr/include/c++/12/variant:591:12,
    inlined from ‘constexpr std::__detail::__variant::_Copy_assign_base<false, coro_rpc::coro_rpc_client::async_rpc_raw_result_value_type, std::error_code>::~_Copy_assign_base()’ at /usr/include/c++/12/variant:629:12,
    inlined from ‘constexpr std::__detail::__variant::_Move_assign_base<false, coro_rpc::coro_rpc_client::async_rpc_raw_result_value_type, std::error_code>::~_Move_assign_base()’ at /usr/include/c++/12/variant:681:12,
    inlined from ‘constexpr std::__detail::__variant::_Variant_base<coro_rpc::coro_rpc_client::async_rpc_raw_result_value_type, std::error_code>::~_Variant_base()’ at /usr/include/c++/12/variant:735:12,
    inlined from ‘constexpr std::variant<_Types>::~variant() [with _Types = {coro_rpc::coro_rpc_client::async_rpc_raw_result_value_type, std::error_code}]’ at /usr/include/c++/12/variant:1407:28,
    inlined from ‘void coro_rpc::coro_rpc_client::handler_t::local_error(std::error_code&)’ at /usr/local/include/ylt/coro_rpc/impl/coro_rpc_client.hpp:1348:25,
    inlined from ‘static void coro_rpc::coro_rpc_client::send_err_response(control_t*, std::error_code&)’ at /usr/local/include/ylt/coro_rpc/impl/coro_rpc_client.hpp:1458:27:
/usr/include/c++/12/bits/basic_string.h:294:21: warning: ‘*(std::__cxx11::basic_string<char, std::char_traits<char>, std::allocator<char> >*)((char*)&<unnamed> + offsetof(std::async_rpc_raw_result, std::variant<coro_rpc::coro_rpc_client::async_rpc_raw_result_value_type, std::error_code>::<unnamed>.std::__detail::__variant::_Variant_base<coro_rpc::coro_rpc_client::async_rpc_raw_result_value_type, std::error_code>::<unnamed>.std::__detail::__variant::_Move_assign_base<false, coro_rpc::coro_rpc_client::async_rpc_raw_result_value_type, std::error_code>::<unnamed>.std::__detail::__variant::_Copy_assign_base<false, coro_rpc::coro_rpc_client::async_rpc_raw_result_value_type, std::error_code>::<unnamed>.std::__detail::__variant::_Move_ctor_base<false, coro_rpc::coro_rpc_client::async_rpc_raw_result_value_type, std::error_code>::<unnamed>.std::__detail::__variant::_Copy_ctor_base<false, coro_rpc::coro_rpc_client::async_rpc_raw_result_value_type, std::error_code>::<unnamed>.std::__detail::__variant::_Variant_storage<false, coro_rpc::coro_rpc_client::async_rpc_raw_result_value_type, std::error_code>::_M_u)).std::__cxx11::basic_string<char>::<anonymous>.std::__cxx11::basic_string<char>::<unnamed union>::_M_allocated_capacity’ may be used uninitialized [-Wmaybe-uninitialized]
  294 |           _M_destroy(_M_allocated_capacity);
      |           ~~~~~~~~~~^~~~~~~~~~~~~~~~~~~~~~~
/usr/local/include/ylt/coro_rpc/impl/coro_rpc_client.hpp: In static member function ‘static void coro_rpc::coro_rpc_client::send_err_response(control_t*, std::error_code&)’:
/usr/local/include/ylt/coro_rpc/impl/coro_rpc_client.hpp:1348:48: note: ‘<anonymous>’ declared here
 1348 |       promise_.setValue(async_rpc_raw_result{ec});
      |                                                ^
[ 29%] Built target rpc_communicator
[ 30%] Building CXX object mooncake-transfer-engine/src/transport/CMakeFiles/transport.dir/transport.cpp.o
[ 30%] Built target transport
[ 31%] Building CXX object mooncake-transfer-engine/src/CMakeFiles/transfer_engine.dir/multi_transport.cpp.o
[ 31%] Building CXX object mooncake-transfer-engine/src/CMakeFiles/transfer_engine.dir/memory_location.cpp.o
[ 32%] Building CXX object mooncake-transfer-engine/src/CMakeFiles/transfer_engine.dir/config.cpp.o
[ 33%] Building CXX object mooncake-transfer-engine/src/CMakeFiles/transfer_engine.dir/topology.cpp.o
[ 34%] Building CXX object mooncake-transfer-engine/src/CMakeFiles/transfer_engine.dir/transfer_engine_c.cpp.o
[ 36%] Building CXX object mooncake-transfer-engine/src/CMakeFiles/transfer_engine.dir/transfer_engine_impl.cpp.o
[ 36%] Building CXX object mooncake-transfer-engine/src/CMakeFiles/transfer_engine.dir/transfer_engine.cpp.o
[ 36%] Building CXX object mooncake-transfer-engine/src/CMakeFiles/transfer_engine.dir/transfer_metadata.cpp.o
[ 37%] Building CXX object mooncake-transfer-engine/src/CMakeFiles/transfer_engine.dir/transfer_metadata_dump.cpp.o
[ 38%] Building CXX object mooncake-transfer-engine/src/CMakeFiles/transfer_engine.dir/transfer_metadata_plugin.cpp.o
[ 38%] Linking CXX static library libtransfer_engine.a
[ 38%] Built target transfer_engine
[ 38%] Building CXX object mooncake-integration/CMakeFiles/engine.dir/transfer_engine/transfer_engine_py.cpp.o
[ 40%] Building CXX object mooncake-store/src/CMakeFiles/mooncake_store.dir/client_service.cpp.o
[ 40%] Building CXX object mooncake-store/src/CMakeFiles/mooncake_store.dir/master_client.cpp.o
[ 40%] Building CXX object mooncake-store/src/CMakeFiles/mooncake_store.dir/allocator.cpp.o
[ 40%] Building CXX object mooncake-store/src/CMakeFiles/mooncake_store.dir/master_service.cpp.o
[ 44%] Building CXX object mooncake-store/src/CMakeFiles/mooncake_store.dir/client_metric.cpp.o
[ 44%] Building CXX object mooncake-store/src/CMakeFiles/mooncake_store.dir/utils.cpp.o
[ 44%] Building CXX object mooncake-store/src/CMakeFiles/mooncake_store.dir/types.cpp.o
[ 45%] Building CXX object mooncake-store/src/CMakeFiles/mooncake_store.dir/mmap_arena.cpp.o
[ 45%] Building CXX object mooncake-store/src/CMakeFiles/mooncake_store.dir/master_metric_manager.cpp.o
[ 46%] Building CXX object mooncake-store/src/CMakeFiles/mooncake_store.dir/segment.cpp.o
[ 50%] Building CXX object mooncake-store/src/CMakeFiles/mooncake_store.dir/transfer_task.cpp.o
[ 50%] Building CXX object mooncake-store/src/CMakeFiles/mooncake_store.dir/etcd_helper.cpp.o
[ 50%] Building CXX object mooncake-store/src/CMakeFiles/mooncake_store.dir/thread_pool.cpp.o
[ 50%] Building CXX object mooncake-store/src/CMakeFiles/mooncake_store.dir/storage_backend.cpp.o
[ 50%] Building CXX object mooncake-store/src/CMakeFiles/mooncake_store.dir/rpc_service.cpp.o
[ 50%] Building CXX object mooncake-store/src/CMakeFiles/mooncake_store.dir/client_buffer.cpp.o
[ 51%] Building CXX object mooncake-store/src/CMakeFiles/mooncake_store.dir/aligned_client_buffer.cpp.o
[ 52%] Building CXX object mooncake-store/src/CMakeFiles/mooncake_store.dir/posix_file.cpp.o
[ 53%] Building CXX object mooncake-store/src/CMakeFiles/mooncake_store.dir/offset_allocator.cpp.o
[ 54%] Building CXX object mooncake-store/src/CMakeFiles/mooncake_store.dir/real_client.cpp.o
[ 54%] Building CXX object mooncake-store/src/CMakeFiles/mooncake_store.dir/shm_helper.cpp.o
[ 55%] Building CXX object mooncake-store/src/CMakeFiles/mooncake_store.dir/dummy_client.cpp.o
[ 58%] Building CXX object mooncake-store/src/CMakeFiles/mooncake_store.dir/ha/leadership/backends/etcd/etcd_leader_coordinator.cpp.o
[ 59%] Building CXX object mooncake-store/src/CMakeFiles/mooncake_store.dir/http_metadata_server.cpp.o
[ 59%] Building CXX object mooncake-store/src/CMakeFiles/mooncake_store.dir/ha/common/redis/redis_connection.cpp.o
[ 56%] Building CXX object mooncake-store/src/CMakeFiles/mooncake_store.dir/file_storage.cpp.o
[ 60%] Building CXX object mooncake-store/src/CMakeFiles/mooncake_store.dir/serialize/serializer.cpp.o
[ 61%] Building CXX object mooncake-store/src/CMakeFiles/mooncake_store.dir/ha/snapshot/object/backends/s3/s3_snapshot_object_store.cpp.o
[ 60%] Building CXX object mooncake-store/src/CMakeFiles/mooncake_store.dir/ha/snapshot/object/snapshot_object_store.cpp.o
[ 61%] Building CXX object mooncake-store/src/CMakeFiles/mooncake_store.dir/ha/standby_controller.cpp.o
[ 61%] Building CXX object mooncake-store/src/CMakeFiles/mooncake_store.dir/ha/snapshot/object/backends/local/local_file_snapshot_object_store.cpp.o
[ 62%] Building CXX object mooncake-store/src/CMakeFiles/mooncake_store.dir/ha/leadership/leader_coordinator_factory.cpp.o
[ 63%] Building CXX object mooncake-store/src/CMakeFiles/mooncake_store.dir/utils/type_util.cpp.o
[ 65%] Building CXX object mooncake-store/src/CMakeFiles/mooncake_store.dir/ha/oplog/etcd_oplog_change_notifier.cpp.o
[ 67%] Building CXX object mooncake-store/src/CMakeFiles/mooncake_store.dir/ha/snapshot/catalog/backends/embedded/embedded_snapshot_catalog_store.cpp.o
[ 68%] Building CXX object mooncake-store/src/CMakeFiles/mooncake_store.dir/ha/oplog/oplog_manager.cpp.o
[ 72%] Building CXX object mooncake-store/src/CMakeFiles/mooncake_store.dir/ha/oplog/etcd_oplog_store.cpp.o
[ 73%] Building CXX object mooncake-store/src/CMakeFiles/mooncake_store.dir/utils/file_util.cpp.o
[ 68%] Building CXX object mooncake-store/src/CMakeFiles/mooncake_store.dir/ha/snapshot/catalog/backends/redis/redis_snapshot_catalog_store.cpp.o
[ 74%] Building CXX object mooncake-store/src/CMakeFiles/mooncake_store.dir/ha/oplog/localfs_oplog_store.cpp.o
[ 75%] Building CXX object mooncake-store/src/CMakeFiles/mooncake_store.dir/ha/oplog/oplog_serializer.cpp.o
[ 69%] Building CXX object mooncake-store/src/CMakeFiles/mooncake_store.dir/ha/leadership/master_service_supervisor.cpp.o
[ 70%] Building CXX object mooncake-store/src/CMakeFiles/mooncake_store.dir/ha/leadership/backends/redis/redis_leader_coordinator.cpp.o
[ 72%] Building CXX object mooncake-store/src/CMakeFiles/mooncake_store.dir/hot_standby_service.cpp.o
[ 67%] Building CXX object mooncake-store/src/CMakeFiles/mooncake_store.dir/ha/snapshot/catalog_backed_snapshot_provider.cpp.o
[ 76%] Building CXX object mooncake-store/src/CMakeFiles/mooncake_store.dir/local_hot_cache.cpp.o
[ 73%] Building CXX object mooncake-store/src/CMakeFiles/mooncake_store.dir/task_manager.cpp.o
[ 79%] Building CXX object mooncake-store/src/CMakeFiles/mooncake_store.dir/uring_file.cpp.o
[ 79%] Building CXX object mooncake-store/src/CMakeFiles/mooncake_store.dir/ha/oplog/oplog_store_factory.cpp.o
[ 79%] Building CXX object mooncake-store/src/CMakeFiles/mooncake_store.dir/ha_metric_manager.cpp.o
[ 80%] Building CXX object mooncake-store/src/CMakeFiles/mooncake_store.dir/store_c.cpp.o
[ 81%] Building CXX object mooncake-store/src/CMakeFiles/mooncake_store.dir/ha/oplog/oplog_applier.cpp.o
[ 81%] Building CXX object mooncake-store/src/CMakeFiles/mooncake_store.dir/ha/oplog/polling_oplog_change_notifier.cpp.o
[ 82%] Building CXX object mooncake-store/src/CMakeFiles/mooncake_store.dir/memory_alloc.cpp.o
[ 82%] Building CXX object mooncake-store/src/CMakeFiles/mooncake_store.dir/ha/oplog/oplog_replicator.cpp.o
[ 82%] Building CXX object mooncake-store/src/CMakeFiles/mooncake_store.dir/engram/engram_store.cpp.o
[ 83%] Building CXX object mooncake-store/src/CMakeFiles/mooncake_store.dir/standby_state_machine.cpp.o
[ 84%] Linking CXX shared module engine.cpython-311-aarch64-linux-gnu.so
[ 84%] Built target engine
In file included from /usr/include/c++/12/bits/stl_construct.h:60,
                 from /usr/include/c++/12/bits/char_traits.h:46,
                 from /usr/include/c++/12/string:40,
                 from /home/q00913006/project/mooncake-qyf/mooncake-store/include/http_metadata_server.h:5,
                 from /home/q00913006/project/mooncake-qyf/mooncake-store/src/http_metadata_server.cpp:1:
In function ‘constexpr std::_Require<std::__not_<std::__is_tuple_like<_Tp> >, std::is_move_constructible<_Tp>, std::is_move_assignable<_Tp> > std::swap(_Tp&, _Tp&) [with _Tp = async_simple::util::detail::_any_data]’,
    inlined from ‘void async_simple::util::move_only_function<RetType(ArgTypes ...)>::swap(async_simple::util::move_only_function<RetType(ArgTypes ...)>&) [with RetType = void; ArgTypes = {std::pair<std::error_code, long unsigned int>}]’ at /usr/local/include/async_simple/util/move_only_function.h:347:18,
    inlined from ‘async_simple::util::move_only_function<RetType(ArgTypes ...)>::move_only_function(async_simple::util::move_only_function<RetType(ArgTypes ...)>&&) [with RetType = void; ArgTypes = {std::pair<std::error_code, long unsigned int>}]’ at /usr/local/include/async_simple/util/move_only_function.h:286:19,
    inlined from ‘async_simple::util::move_only_function<RetType(ArgTypes ...)>& async_simple::util::move_only_function<RetType(ArgTypes ...)>::operator=(async_simple::util::move_only_function<RetType(ArgTypes ...)>&&) [with RetType = void; ArgTypes = {std::pair<std::error_code, long unsigned int>}]’ at /usr/local/include/async_simple/util/move_only_function.h:324:9,
    inlined from ‘void coro_io::detail::circle_buffer<T>::push(T&&) [with T = async_simple::util::move_only_function<void(std::pair<std::error_code, long unsigned int>)>]’ at /usr/local/include/ylt/coro_io/detail/circle_buffer.hpp:40:17,
    inlined from ‘void coro_io::detail::ib_socket_shared_state_t::post_send_impl(ibv_sge, callback_t&&, bool)’ at /usr/local/include/ylt/coro_io/ibverbs/ib_socket.hpp:283:22:
/usr/include/c++/12/bits/move.h:205:7: warning: ‘<unnamed>.async_simple::util::move_only_function<void(std::pair<std::error_code, long unsigned int>)>::<unnamed>.async_simple::util::detail::_function_base::_m_functor’ may be used uninitialized [-Wmaybe-uninitialized]
  205 |       __a = _GLIBCXX_MOVE(__b);
      |       ^~~
In file included from /usr/local/include/async_simple/Signal.h:34,
                 from /usr/local/include/async_simple/Executor.h:29,
                 from /usr/local/include/async_simple/Future.h:24,
                 from /usr/local/include/cinatra/coro_http_client.hpp:26,
                 from /usr/local/include/cinatra/coro_http_server.hpp:5,
                 from /usr/local/include/ylt/coro_http/coro_http_server.hpp:39,
                 from /home/q00913006/project/mooncake-qyf/mooncake-store/include/http_metadata_server.h:9:
/usr/local/include/async_simple/util/move_only_function.h: In member function ‘void coro_io::detail::ib_socket_shared_state_t::post_send_impl(ibv_sge, callback_t&&, bool)’:
/usr/local/include/async_simple/util/move_only_function.h:324:9: note: ‘<anonymous>’ declared here
  324 |         move_only_function(std::move(other)).swap(*this);
      |         ^~~~~~~~~~~~~~~~~~~~~~~~~~~~~~~~~~~~
In function ‘constexpr std::_Require<std::__not_<std::__is_tuple_like<_Tp> >, std::is_move_constructible<_Tp>, std::is_move_assignable<_Tp> > std::swap(_Tp&, _Tp&) [with _Tp = void (*)(const async_simple::util::detail::_any_data&, pair<error_code, long unsigned int>&&)]’,
    inlined from ‘void async_simple::util::move_only_function<RetType(ArgTypes ...)>::swap(async_simple::util::move_only_function<RetType(ArgTypes ...)>&) [with RetType = void; ArgTypes = {std::pair<std::error_code, long unsigned int>}]’ at /usr/local/include/async_simple/util/move_only_function.h:349:18,
    inlined from ‘async_simple::util::move_only_function<RetType(ArgTypes ...)>::move_only_function(async_simple::util::move_only_function<RetType(ArgTypes ...)>&&) [with RetType = void; ArgTypes = {std::pair<std::error_code, long unsigned int>}]’ at /usr/local/include/async_simple/util/move_only_function.h:286:19,
    inlined from ‘async_simple::util::move_only_function<RetType(ArgTypes ...)>& async_simple::util::move_only_function<RetType(ArgTypes ...)>::operator=(async_simple::util::move_only_function<RetType(ArgTypes ...)>&&) [with RetType = void; ArgTypes = {std::pair<std::error_code, long unsigned int>}]’ at /usr/local/include/async_simple/util/move_only_function.h:324:9,
    inlined from ‘void coro_io::detail::circle_buffer<T>::push(T&&) [with T = async_simple::util::move_only_function<void(std::pair<std::error_code, long unsigned int>)>]’ at /usr/local/include/ylt/coro_io/detail/circle_buffer.hpp:40:17,
    inlined from ‘void coro_io::detail::ib_socket_shared_state_t::post_send_impl(ibv_sge, callback_t&&, bool)’ at /usr/local/include/ylt/coro_io/ibverbs/ib_socket.hpp:283:22:
/usr/include/c++/12/bits/move.h:205:11: warning: ‘<unnamed>.async_simple::util::move_only_function<void(std::pair<std::error_code, long unsigned int>)>::_m_invoker’ may be used uninitialized [-Wmaybe-uninitialized]
  205 |       __a = _GLIBCXX_MOVE(__b);
      |           ^
/usr/local/include/async_simple/util/move_only_function.h: In member function ‘void coro_io::detail::ib_socket_shared_state_t::post_send_impl(ibv_sge, callback_t&&, bool)’:
/usr/local/include/async_simple/util/move_only_function.h:324:9: note: ‘<anonymous>’ declared here
  324 |         move_only_function(std::move(other)).swap(*this);
      |         ^~~~~~~~~~~~~~~~~~~~~~~~~~~~~~~~~~~~
In function ‘constexpr std::_Require<std::__not_<std::__is_tuple_like<_Tp> >, std::is_move_constructible<_Tp>, std::is_move_assignable<_Tp> > std::swap(_Tp&, _Tp&) [with _Tp = async_simple::util::detail::_any_data]’,
    inlined from ‘void async_simple::util::move_only_function<RetType(ArgTypes ...)>::swap(async_simple::util::move_only_function<RetType(ArgTypes ...)>&) [with RetType = void; ArgTypes = {std::pair<std::error_code, long unsigned int>}]’ at /usr/local/include/async_simple/util/move_only_function.h:347:18,
    inlined from ‘async_simple::util::move_only_function<RetType(ArgTypes ...)>::move_only_function(async_simple::util::move_only_function<RetType(ArgTypes ...)>&&) [with RetType = void; ArgTypes = {std::pair<std::error_code, long unsigned int>}]’ at /usr/local/include/async_simple/util/move_only_function.h:286:19,
    inlined from ‘static void coro_io::detail::ib_socket_shared_state_t::resume(std::pair<std::error_code, long unsigned int>&&, callback_t&&)’ at /usr/local/include/ylt/coro_io/ibverbs/ib_socket.hpp:71:41,
    inlined from ‘void coro_io::detail::ib_socket_shared_state_t::post_send_impl(ibv_sge, callback_t&&, bool)’ at /usr/local/include/ylt/coro_io/ibverbs/ib_socket.hpp:279:41:
/usr/include/c++/12/bits/move.h:205:7: warning: ‘handle_tmp.async_simple::util::move_only_function<void(std::pair<std::error_code, long unsigned int>)>::<unnamed>.async_simple::util::detail::_function_base::_m_functor’ may be used uninitialized [-Wmaybe-uninitialized]
  205 |       __a = _GLIBCXX_MOVE(__b);
      |       ^~~
In file included from /usr/local/include/ylt/coro_io/ibverbs/ib_io.hpp:43,
                 from /usr/local/include/ylt/coro_io/socket_wrapper.hpp:20,
                 from /usr/local/include/cinatra/coro_http_connection.hpp:29,
                 from /usr/local/include/cinatra/coro_http_server.hpp:11:
/usr/local/include/ylt/coro_io/ibverbs/ib_socket.hpp: In member function ‘void coro_io::detail::ib_socket_shared_state_t::post_send_impl(ibv_sge, callback_t&&, bool)’:
/usr/local/include/ylt/coro_io/ibverbs/ib_socket.hpp:71:12: note: ‘handle_tmp’ declared here
   71 |       auto handle_tmp = std::move(handle);
      |            ^~~~~~~~~~
In function ‘constexpr std::_Require<std::__not_<std::__is_tuple_like<_Tp> >, std::is_move_constructible<_Tp>, std::is_move_assignable<_Tp> > std::swap(_Tp&, _Tp&) [with _Tp = void (*)(const async_simple::util::detail::_any_data&, pair<error_code, long unsigned int>&&)]’,
    inlined from ‘void async_simple::util::move_only_function<RetType(ArgTypes ...)>::swap(async_simple::util::move_only_function<RetType(ArgTypes ...)>&) [with RetType = void; ArgTypes = {std::pair<std::error_code, long unsigned int>}]’ at /usr/local/include/async_simple/util/move_only_function.h:349:18,
    inlined from ‘async_simple::util::move_only_function<RetType(ArgTypes ...)>::move_only_function(async_simple::util::move_only_function<RetType(ArgTypes ...)>&&) [with RetType = void; ArgTypes = {std::pair<std::error_code, long unsigned int>}]’ at /usr/local/include/async_simple/util/move_only_function.h:286:19,
    inlined from ‘static void coro_io::detail::ib_socket_shared_state_t::resume(std::pair<std::error_code, long unsigned int>&&, callback_t&&)’ at /usr/local/include/ylt/coro_io/ibverbs/ib_socket.hpp:71:41,
    inlined from ‘void coro_io::detail::ib_socket_shared_state_t::post_send_impl(ibv_sge, callback_t&&, bool)’ at /usr/local/include/ylt/coro_io/ibverbs/ib_socket.hpp:279:41:
/usr/include/c++/12/bits/move.h:205:11: warning: ‘handle_tmp.async_simple::util::move_only_function<void(std::pair<std::error_code, long unsigned int>)>::_m_invoker’ may be used uninitialized [-Wmaybe-uninitialized]
  205 |       __a = _GLIBCXX_MOVE(__b);
      |           ^
/usr/local/include/ylt/coro_io/ibverbs/ib_socket.hpp: In member function ‘void coro_io::detail::ib_socket_shared_state_t::post_send_impl(ibv_sge, callback_t&&, bool)’:
/usr/local/include/ylt/coro_io/ibverbs/ib_socket.hpp:71:12: note: ‘handle_tmp’ declared here
   71 |       auto handle_tmp = std::move(handle);
      |            ^~~~~~~~~~
In file included from /usr/include/c++/12/bits/exception_ptr.h:43,
                 from /usr/include/c++/12/exception:168,
                 from /usr/include/c++/12/optional:38,
                 from /home/q00913006/project/mooncake-qyf/mooncake-store/include/master_config.h:3,
                 from /home/q00913006/project/mooncake-qyf/mooncake-store/include/ha/leadership/master_service_supervisor.h:3,
                 from /home/q00913006/project/mooncake-qyf/mooncake-store/src/ha/leadership/master_service_supervisor.cpp:1:
In function ‘constexpr std::_Require<std::__not_<std::__is_tuple_like<_Tp> >, std::is_move_constructible<_Tp>, std::is_move_assignable<_Tp> > std::swap(_Tp&, _Tp&) [with _Tp = async_simple::util::detail::_any_data]’,
    inlined from ‘void async_simple::util::move_only_function<RetType(ArgTypes ...)>::swap(async_simple::util::move_only_function<RetType(ArgTypes ...)>&) [with RetType = void; ArgTypes = {std::pair<std::error_code, long unsigned int>}]’ at /usr/local/include/async_simple/util/move_only_function.h:347:18,
    inlined from ‘async_simple::util::move_only_function<RetType(ArgTypes ...)>::move_only_function(async_simple::util::move_only_function<RetType(ArgTypes ...)>&&) [with RetType = void; ArgTypes = {std::pair<std::error_code, long unsigned int>}]’ at /usr/local/include/async_simple/util/move_only_function.h:286:19,
    inlined from ‘static void coro_io::detail::ib_socket_shared_state_t::resume(std::pair<std::error_code, long unsigned int>&&, callback_t&&)’ at /usr/local/include/ylt/coro_io/ibverbs/ib_socket.hpp:71:41:
/usr/include/c++/12/bits/move.h:205:7: warning: ‘handle_tmp.async_simple::util::move_only_function<void(std::pair<std::error_code, long unsigned int>)>::<unnamed>.async_simple::util::detail::_function_base::_m_functor’ may be used uninitialized [-Wmaybe-uninitialized]
  205 |       __a = _GLIBCXX_MOVE(__b);
      |       ^~~
In file included from /usr/local/include/ylt/coro_io/ibverbs/ib_io.hpp:43,
                 from /usr/local/include/ylt/coro_io/socket_wrapper.hpp:20,
                 from /usr/local/include/ylt/coro_rpc/impl/coro_connection.hpp:42,
                 from /usr/local/include/ylt/coro_rpc/impl/coro_rpc_server.hpp:44,
                 from /usr/local/include/ylt/coro_rpc/coro_rpc_server.hpp:17,
                 from /home/q00913006/project/mooncake-qyf/mooncake-store/src/ha/leadership/master_service_supervisor.cpp:12:
/usr/local/include/ylt/coro_io/ibverbs/ib_socket.hpp: In static member function ‘static void coro_io::detail::ib_socket_shared_state_t::resume(std::pair<std::error_code, long unsigned int>&&, callback_t&&)’:
/usr/local/include/ylt/coro_io/ibverbs/ib_socket.hpp:71:12: note: ‘handle_tmp’ declared here
   71 |       auto handle_tmp = std::move(handle);
      |            ^~~~~~~~~~
In function ‘constexpr std::_Require<std::__not_<std::__is_tuple_like<_Tp> >, std::is_move_constructible<_Tp>, std::is_move_assignable<_Tp> > std::swap(_Tp&, _Tp&) [with _Tp = void (*)(const async_simple::util::detail::_any_data&, pair<error_code, long unsigned int>&&)]’,
    inlined from ‘void async_simple::util::move_only_function<RetType(ArgTypes ...)>::swap(async_simple::util::move_only_function<RetType(ArgTypes ...)>&) [with RetType = void; ArgTypes = {std::pair<std::error_code, long unsigned int>}]’ at /usr/local/include/async_simple/util/move_only_function.h:349:18,
    inlined from ‘async_simple::util::move_only_function<RetType(ArgTypes ...)>::move_only_function(async_simple::util::move_only_function<RetType(ArgTypes ...)>&&) [with RetType = void; ArgTypes = {std::pair<std::error_code, long unsigned int>}]’ at /usr/local/include/async_simple/util/move_only_function.h:286:19,
    inlined from ‘static void coro_io::detail::ib_socket_shared_state_t::resume(std::pair<std::error_code, long unsigned int>&&, callback_t&&)’ at /usr/local/include/ylt/coro_io/ibverbs/ib_socket.hpp:71:41:
/usr/include/c++/12/bits/move.h:205:11: warning: ‘handle_tmp.async_simple::util::move_only_function<void(std::pair<std::error_code, long unsigned int>)>::_m_invoker’ may be used uninitialized [-Wmaybe-uninitialized]
  205 |       __a = _GLIBCXX_MOVE(__b);
      |           ^
/usr/local/include/ylt/coro_io/ibverbs/ib_socket.hpp: In static member function ‘static void coro_io::detail::ib_socket_shared_state_t::resume(std::pair<std::error_code, long unsigned int>&&, callback_t&&)’:
/usr/local/include/ylt/coro_io/ibverbs/ib_socket.hpp:71:12: note: ‘handle_tmp’ declared here
   71 |       auto handle_tmp = std::move(handle);
      |            ^~~~~~~~~~
In function ‘constexpr std::_Require<std::__not_<std::__is_tuple_like<_Tp> >, std::is_move_constructible<_Tp>, std::is_move_assignable<_Tp> > std::swap(_Tp&, _Tp&) [with _Tp = async_simple::util::detail::_any_data]’,
    inlined from ‘void async_simple::util::move_only_function<RetType(ArgTypes ...)>::swap(async_simple::util::move_only_function<RetType(ArgTypes ...)>&) [with RetType = void; ArgTypes = {std::pair<std::error_code, long unsigned int>}]’ at /usr/local/include/async_simple/util/move_only_function.h:347:18,
    inlined from ‘async_simple::util::move_only_function<RetType(ArgTypes ...)>::move_only_function(async_simple::util::move_only_function<RetType(ArgTypes ...)>&&) [with RetType = void; ArgTypes = {std::pair<std::error_code, long unsigned int>}]’ at /usr/local/include/async_simple/util/move_only_function.h:286:19,
    inlined from ‘async_simple::util::move_only_function<RetType(ArgTypes ...)>& async_simple::util::move_only_function<RetType(ArgTypes ...)>::operator=(async_simple::util::move_only_function<RetType(ArgTypes ...)>&&) [with RetType = void; ArgTypes = {std::pair<std::error_code, long unsigned int>}]’ at /usr/local/include/async_simple/util/move_only_function.h:324:9,
    inlined from ‘void coro_io::detail::circle_buffer<T>::push(T&&) [with T = async_simple::util::move_only_function<void(std::pair<std::error_code, long unsigned int>)>]’ at /usr/local/include/ylt/coro_io/detail/circle_buffer.hpp:40:17,
    inlined from ‘void coro_io::detail::ib_socket_shared_state_t::post_send_impl(ibv_sge, callback_t&&, bool)’ at /usr/local/include/ylt/coro_io/ibverbs/ib_socket.hpp:283:22:
/usr/include/c++/12/bits/move.h:205:7: warning: ‘<unnamed>.async_simple::util::move_only_function<void(std::pair<std::error_code, long unsigned int>)>::<unnamed>.async_simple::util::detail::_function_base::_m_functor’ may be used uninitialized [-Wmaybe-uninitialized]
  205 |       __a = _GLIBCXX_MOVE(__b);
      |       ^~~
In file included from /usr/local/include/async_simple/Signal.h:34,
                 from /usr/local/include/async_simple/Executor.h:29,
                 from /usr/local/include/async_simple/coro/Lazy.h:31,
                 from /usr/local/include/ylt/coro_rpc/impl/coro_rpc_server.hpp:17:
/usr/local/include/async_simple/util/move_only_function.h: In member function ‘void coro_io::detail::ib_socket_shared_state_t::post_send_impl(ibv_sge, callback_t&&, bool)’:
/usr/local/include/async_simple/util/move_only_function.h:324:9: note: ‘<anonymous>’ declared here
  324 |         move_only_function(std::move(other)).swap(*this);
      |         ^~~~~~~~~~~~~~~~~~~~~~~~~~~~~~~~~~~~
In function ‘constexpr std::_Require<std::__not_<std::__is_tuple_like<_Tp> >, std::is_move_constructible<_Tp>, std::is_move_assignable<_Tp> > std::swap(_Tp&, _Tp&) [with _Tp = void (*)(const async_simple::util::detail::_any_data&, pair<error_code, long unsigned int>&&)]’,
    inlined from ‘void async_simple::util::move_only_function<RetType(ArgTypes ...)>::swap(async_simple::util::move_only_function<RetType(ArgTypes ...)>&) [with RetType = void; ArgTypes = {std::pair<std::error_code, long unsigned int>}]’ at /usr/local/include/async_simple/util/move_only_function.h:349:18,
    inlined from ‘async_simple::util::move_only_function<RetType(ArgTypes ...)>::move_only_function(async_simple::util::move_only_function<RetType(ArgTypes ...)>&&) [with RetType = void; ArgTypes = {std::pair<std::error_code, long unsigned int>}]’ at /usr/local/include/async_simple/util/move_only_function.h:286:19,
    inlined from ‘async_simple::util::move_only_function<RetType(ArgTypes ...)>& async_simple::util::move_only_function<RetType(ArgTypes ...)>::operator=(async_simple::util::move_only_function<RetType(ArgTypes ...)>&&) [with RetType = void; ArgTypes = {std::pair<std::error_code, long unsigned int>}]’ at /usr/local/include/async_simple/util/move_only_function.h:324:9,
    inlined from ‘void coro_io::detail::circle_buffer<T>::push(T&&) [with T = async_simple::util::move_only_function<void(std::pair<std::error_code, long unsigned int>)>]’ at /usr/local/include/ylt/coro_io/detail/circle_buffer.hpp:40:17,
    inlined from ‘void coro_io::detail::ib_socket_shared_state_t::post_send_impl(ibv_sge, callback_t&&, bool)’ at /usr/local/include/ylt/coro_io/ibverbs/ib_socket.hpp:283:22:
/usr/include/c++/12/bits/move.h:205:11: warning: ‘<unnamed>.async_simple::util::move_only_function<void(std::pair<std::error_code, long unsigned int>)>::_m_invoker’ may be used uninitialized [-Wmaybe-uninitialized]
  205 |       __a = _GLIBCXX_MOVE(__b);
      |           ^
/usr/local/include/async_simple/util/move_only_function.h: In member function ‘void coro_io::detail::ib_socket_shared_state_t::post_send_impl(ibv_sge, callback_t&&, bool)’:
/usr/local/include/async_simple/util/move_only_function.h:324:9: note: ‘<anonymous>’ declared here
  324 |         move_only_function(std::move(other)).swap(*this);
      |         ^~~~~~~~~~~~~~~~~~~~~~~~~~~~~~~~~~~~
In function ‘constexpr std::_Require<std::__not_<std::__is_tuple_like<_Tp> >, std::is_move_constructible<_Tp>, std::is_move_assignable<_Tp> > std::swap(_Tp&, _Tp&) [with _Tp = async_simple::util::detail::_any_data]’,
    inlined from ‘void async_simple::util::move_only_function<RetType(ArgTypes ...)>::swap(async_simple::util::move_only_function<RetType(ArgTypes ...)>&) [with RetType = void; ArgTypes = {std::pair<std::error_code, long unsigned int>}]’ at /usr/local/include/async_simple/util/move_only_function.h:347:18,
    inlined from ‘async_simple::util::move_only_function<RetType(ArgTypes ...)>::move_only_function(async_simple::util::move_only_function<RetType(ArgTypes ...)>&&) [with RetType = void; ArgTypes = {std::pair<std::error_code, long unsigned int>}]’ at /usr/local/include/async_simple/util/move_only_function.h:286:19,
    inlined from ‘static void coro_io::detail::ib_socket_shared_state_t::resume(std::pair<std::error_code, long unsigned int>&&, callback_t&&)’ at /usr/local/include/ylt/coro_io/ibverbs/ib_socket.hpp:71:41,
    inlined from ‘void coro_io::detail::ib_socket_shared_state_t::post_send_impl(ibv_sge, callback_t&&, bool)’ at /usr/local/include/ylt/coro_io/ibverbs/ib_socket.hpp:279:41:
/usr/include/c++/12/bits/move.h:205:7: warning: ‘handle_tmp.async_simple::util::move_only_function<void(std::pair<std::error_code, long unsigned int>)>::<unnamed>.async_simple::util::detail::_function_base::_m_functor’ may be used uninitialized [-Wmaybe-uninitialized]
  205 |       __a = _GLIBCXX_MOVE(__b);
      |       ^~~
/usr/local/include/ylt/coro_io/ibverbs/ib_socket.hpp: In member function ‘void coro_io::detail::ib_socket_shared_state_t::post_send_impl(ibv_sge, callback_t&&, bool)’:
/usr/local/include/ylt/coro_io/ibverbs/ib_socket.hpp:71:12: note: ‘handle_tmp’ declared here
   71 |       auto handle_tmp = std::move(handle);
      |            ^~~~~~~~~~
In function ‘constexpr std::_Require<std::__not_<std::__is_tuple_like<_Tp> >, std::is_move_constructible<_Tp>, std::is_move_assignable<_Tp> > std::swap(_Tp&, _Tp&) [with _Tp = void (*)(const async_simple::util::detail::_any_data&, pair<error_code, long unsigned int>&&)]’,
    inlined from ‘void async_simple::util::move_only_function<RetType(ArgTypes ...)>::swap(async_simple::util::move_only_function<RetType(ArgTypes ...)>&) [with RetType = void; ArgTypes = {std::pair<std::error_code, long unsigned int>}]’ at /usr/local/include/async_simple/util/move_only_function.h:349:18,
    inlined from ‘async_simple::util::move_only_function<RetType(ArgTypes ...)>::move_only_function(async_simple::util::move_only_function<RetType(ArgTypes ...)>&&) [with RetType = void; ArgTypes = {std::pair<std::error_code, long unsigned int>}]’ at /usr/local/include/async_simple/util/move_only_function.h:286:19,
    inlined from ‘static void coro_io::detail::ib_socket_shared_state_t::resume(std::pair<std::error_code, long unsigned int>&&, callback_t&&)’ at /usr/local/include/ylt/coro_io/ibverbs/ib_socket.hpp:71:41,
    inlined from ‘void coro_io::detail::ib_socket_shared_state_t::post_send_impl(ibv_sge, callback_t&&, bool)’ at /usr/local/include/ylt/coro_io/ibverbs/ib_socket.hpp:279:41:
/usr/include/c++/12/bits/move.h:205:11: warning: ‘handle_tmp.async_simple::util::move_only_function<void(std::pair<std::error_code, long unsigned int>)>::_m_invoker’ may be used uninitialized [-Wmaybe-uninitialized]
  205 |       __a = _GLIBCXX_MOVE(__b);
      |           ^
/usr/local/include/ylt/coro_io/ibverbs/ib_socket.hpp: In member function ‘void coro_io::detail::ib_socket_shared_state_t::post_send_impl(ibv_sge, callback_t&&, bool)’:
/usr/local/include/ylt/coro_io/ibverbs/ib_socket.hpp:71:12: note: ‘handle_tmp’ declared here
   71 |       auto handle_tmp = std::move(handle);
      |            ^~~~~~~~~~
In function ‘constexpr std::_Require<std::__not_<std::__is_tuple_like<_Tp> >, std::is_move_constructible<_Tp>, std::is_move_assignable<_Tp> > std::swap(_Tp&, _Tp&) [with _Tp = async_simple::util::detail::_any_data]’,
    inlined from ‘void async_simple::util::move_only_function<RetType(ArgTypes ...)>::swap(async_simple::util::move_only_function<RetType(ArgTypes ...)>&) [with RetType = void; ArgTypes = {std::pair<std::error_code, long unsigned int>}]’ at /usr/local/include/async_simple/util/move_only_function.h:347:18,
    inlined from ‘async_simple::util::move_only_function<RetType(ArgTypes ...)>::move_only_function(async_simple::util::move_only_function<RetType(ArgTypes ...)>&&) [with RetType = void; ArgTypes = {std::pair<std::error_code, long unsigned int>}]’ at /usr/local/include/async_simple/util/move_only_function.h:286:19,
    inlined from ‘static void coro_io::detail::ib_socket_shared_state_t::resume(std::pair<std::error_code, long unsigned int>&&, callback_t&&)’ at /usr/local/include/ylt/coro_io/ibverbs/ib_socket.hpp:71:41,
    inlined from ‘void coro_io::detail::ib_socket_shared_state_t::post_recv_impl(callback_t&&)’ at /usr/local/include/ylt/coro_io/ibverbs/ib_socket.hpp:294:39:
/usr/include/c++/12/bits/move.h:205:7: warning: ‘handle_tmp.async_simple::util::move_only_function<void(std::pair<std::error_code, long unsigned int>)>::<unnamed>.async_simple::util::detail::_function_base::_m_functor’ may be used uninitialized [-Wmaybe-uninitialized]
  205 |       __a = _GLIBCXX_MOVE(__b);
      |       ^~~
/usr/local/include/ylt/coro_io/ibverbs/ib_socket.hpp: In member function ‘void coro_io::detail::ib_socket_shared_state_t::post_recv_impl(callback_t&&)’:
/usr/local/include/ylt/coro_io/ibverbs/ib_socket.hpp:71:12: note: ‘handle_tmp’ declared here
   71 |       auto handle_tmp = std::move(handle);
      |            ^~~~~~~~~~
In function ‘constexpr std::_Require<std::__not_<std::__is_tuple_like<_Tp> >, std::is_move_constructible<_Tp>, std::is_move_assignable<_Tp> > std::swap(_Tp&, _Tp&) [with _Tp = void (*)(const async_simple::util::detail::_any_data&, pair<error_code, long unsigned int>&&)]’,
    inlined from ‘void async_simple::util::move_only_function<RetType(ArgTypes ...)>::swap(async_simple::util::move_only_function<RetType(ArgTypes ...)>&) [with RetType = void; ArgTypes = {std::pair<std::error_code, long unsigned int>}]’ at /usr/local/include/async_simple/util/move_only_function.h:349:18,
    inlined from ‘async_simple::util::move_only_function<RetType(ArgTypes ...)>::move_only_function(async_simple::util::move_only_function<RetType(ArgTypes ...)>&&) [with RetType = void; ArgTypes = {std::pair<std::error_code, long unsigned int>}]’ at /usr/local/include/async_simple/util/move_only_function.h:286:19,
    inlined from ‘static void coro_io::detail::ib_socket_shared_state_t::resume(std::pair<std::error_code, long unsigned int>&&, callback_t&&)’ at /usr/local/include/ylt/coro_io/ibverbs/ib_socket.hpp:71:41,
    inlined from ‘void coro_io::detail::ib_socket_shared_state_t::post_recv_impl(callback_t&&)’ at /usr/local/include/ylt/coro_io/ibverbs/ib_socket.hpp:294:39:
/usr/include/c++/12/bits/move.h:205:11: warning: ‘handle_tmp.async_simple::util::move_only_function<void(std::pair<std::error_code, long unsigned int>)>::_m_invoker’ may be used uninitialized [-Wmaybe-uninitialized]
  205 |       __a = _GLIBCXX_MOVE(__b);
      |           ^
/usr/local/include/ylt/coro_io/ibverbs/ib_socket.hpp: In member function ‘void coro_io::detail::ib_socket_shared_state_t::post_recv_impl(callback_t&&)’:
/usr/local/include/ylt/coro_io/ibverbs/ib_socket.hpp:71:12: note: ‘handle_tmp’ declared here
   71 |       auto handle_tmp = std::move(handle);
      |            ^~~~~~~~~~
In function ‘constexpr std::_Require<std::__not_<std::__is_tuple_like<_Tp> >, std::is_move_constructible<_Tp>, std::is_move_assignable<_Tp> > std::swap(_Tp&, _Tp&) [with _Tp = async_simple::util::detail::_any_data]’,
    inlined from ‘void async_simple::util::move_only_function<RetType(ArgTypes ...)>::swap(async_simple::util::move_only_function<RetType(ArgTypes ...)>&) [with RetType = void; ArgTypes = {std::pair<std::error_code, long unsigned int>}]’ at /usr/local/include/async_simple/util/move_only_function.h:347:18,
    inlined from ‘async_simple::util::move_only_function<RetType(ArgTypes ...)>::move_only_function(async_simple::util::move_only_function<RetType(ArgTypes ...)>&&) [with RetType = void; ArgTypes = {std::pair<std::error_code, long unsigned int>}]’ at /usr/local/include/async_simple/util/move_only_function.h:286:19,
    inlined from ‘async_simple::util::move_only_function<RetType(ArgTypes ...)>& async_simple::util::move_only_function<RetType(ArgTypes ...)>::operator=(async_simple::util::move_only_function<RetType(ArgTypes ...)>&&) [with RetType = void; ArgTypes = {std::pair<std::error_code, long unsigned int>}]’ at /usr/local/include/async_simple/util/move_only_function.h:324:9,
    inlined from ‘void coro_io::detail::ib_socket_shared_state_t::post_recv_impl(callback_t&&)’ at /usr/local/include/ylt/coro_io/ibverbs/ib_socket.hpp:303:33:
/usr/include/c++/12/bits/move.h:205:7: warning: ‘<unnamed>.async_simple::util::move_only_function<void(std::pair<std::error_code, long unsigned int>)>::<unnamed>.async_simple::util::detail::_function_base::_m_functor’ may be used uninitialized [-Wmaybe-uninitialized]
  205 |       __a = _GLIBCXX_MOVE(__b);
      |       ^~~
/usr/local/include/async_simple/util/move_only_function.h: In member function ‘void coro_io::detail::ib_socket_shared_state_t::post_recv_impl(callback_t&&)’:
/usr/local/include/async_simple/util/move_only_function.h:324:9: note: ‘<anonymous>’ declared here
  324 |         move_only_function(std::move(other)).swap(*this);
      |         ^~~~~~~~~~~~~~~~~~~~~~~~~~~~~~~~~~~~
In function ‘constexpr std::_Require<std::__not_<std::__is_tuple_like<_Tp> >, std::is_move_constructible<_Tp>, std::is_move_assignable<_Tp> > std::swap(_Tp&, _Tp&) [with _Tp = void (*)(const async_simple::util::detail::_any_data&, pair<error_code, long unsigned int>&&)]’,
    inlined from ‘void async_simple::util::move_only_function<RetType(ArgTypes ...)>::swap(async_simple::util::move_only_function<RetType(ArgTypes ...)>&) [with RetType = void; ArgTypes = {std::pair<std::error_code, long unsigned int>}]’ at /usr/local/include/async_simple/util/move_only_function.h:349:18,
    inlined from ‘async_simple::util::move_only_function<RetType(ArgTypes ...)>::move_only_function(async_simple::util::move_only_function<RetType(ArgTypes ...)>&&) [with RetType = void; ArgTypes = {std::pair<std::error_code, long unsigned int>}]’ at /usr/local/include/async_simple/util/move_only_function.h:286:19,
    inlined from ‘async_simple::util::move_only_function<RetType(ArgTypes ...)>& async_simple::util::move_only_function<RetType(ArgTypes ...)>::operator=(async_simple::util::move_only_function<RetType(ArgTypes ...)>&&) [with RetType = void; ArgTypes = {std::pair<std::error_code, long unsigned int>}]’ at /usr/local/include/async_simple/util/move_only_function.h:324:9,
    inlined from ‘void coro_io::detail::ib_socket_shared_state_t::post_recv_impl(callback_t&&)’ at /usr/local/include/ylt/coro_io/ibverbs/ib_socket.hpp:303:33:
/usr/include/c++/12/bits/move.h:205:11: warning: ‘<unnamed>.async_simple::util::move_only_function<void(std::pair<std::error_code, long unsigned int>)>::_m_invoker’ may be used uninitialized [-Wmaybe-uninitialized]
  205 |       __a = _GLIBCXX_MOVE(__b);
      |           ^
/usr/local/include/async_simple/util/move_only_function.h: In member function ‘void coro_io::detail::ib_socket_shared_state_t::post_recv_impl(callback_t&&)’:
/usr/local/include/async_simple/util/move_only_function.h:324:9: note: ‘<anonymous>’ declared here
  324 |         move_only_function(std::move(other)).swap(*this);
      |         ^~~~~~~~~~~~~~~~~~~~~~~~~~~~~~~~~~~~
In function ‘constexpr std::_Require<std::__not_<std::__is_tuple_like<_Tp> >, std::is_move_constructible<_Tp>, std::is_move_assignable<_Tp> > std::swap(_Tp&, _Tp&) [with _Tp = async_simple::util::detail::_any_data]’,
    inlined from ‘void async_simple::util::move_only_function<RetType(ArgTypes ...)>::swap(async_simple::util::move_only_function<RetType(ArgTypes ...)>&) [with RetType = void; ArgTypes = {std::pair<std::error_code, long unsigned int>}]’ at /usr/local/include/async_simple/util/move_only_function.h:347:18,
    inlined from ‘async_simple::util::move_only_function<RetType(ArgTypes ...)>::move_only_function(async_simple::util::move_only_function<RetType(ArgTypes ...)>&&) [with RetType = void; ArgTypes = {std::pair<std::error_code, long unsigned int>}]’ at /usr/local/include/async_simple/util/move_only_function.h:286:19,
    inlined from ‘async_simple::util::move_only_function<RetType(ArgTypes ...)>& async_simple::util::move_only_function<RetType(ArgTypes ...)>::operator=(async_simple::util::move_only_function<RetType(ArgTypes ...)>&&) [with RetType = void; ArgTypes = {std::pair<std::error_code, long unsigned int>}]’ at /usr/local/include/async_simple/util/move_only_function.h:324:9,
    inlined from ‘std::error_code coro_io::detail::ib_socket_shared_state_t::poll_completion()’ at /usr/local/include/ylt/coro_io/ibverbs/ib_socket.hpp:363:51:
/usr/include/c++/12/bits/move.h:205:7: warning: ‘<unnamed>.async_simple::util::move_only_function<void(std::pair<std::error_code, long unsigned int>)>::<unnamed>.async_simple::util::detail::_function_base::_m_functor’ may be used uninitialized [-Wmaybe-uninitialized]
  205 |       __a = _GLIBCXX_MOVE(__b);
      |       ^~~
/usr/local/include/async_simple/util/move_only_function.h: In member function ‘std::error_code coro_io::detail::ib_socket_shared_state_t::poll_completion()’:
/usr/local/include/async_simple/util/move_only_function.h:324:9: note: ‘<anonymous>’ declared here
  324 |         move_only_function(std::move(other)).swap(*this);
      |         ^~~~~~~~~~~~~~~~~~~~~~~~~~~~~~~~~~~~
In function ‘constexpr std::_Require<std::__not_<std::__is_tuple_like<_Tp> >, std::is_move_constructible<_Tp>, std::is_move_assignable<_Tp> > std::swap(_Tp&, _Tp&) [with _Tp = void (*)(const async_simple::util::detail::_any_data&, pair<error_code, long unsigned int>&&)]’,
    inlined from ‘void async_simple::util::move_only_function<RetType(ArgTypes ...)>::swap(async_simple::util::move_only_function<RetType(ArgTypes ...)>&) [with RetType = void; ArgTypes = {std::pair<std::error_code, long unsigned int>}]’ at /usr/local/include/async_simple/util/move_only_function.h:349:18,
    inlined from ‘async_simple::util::move_only_function<RetType(ArgTypes ...)>::move_only_function(async_simple::util::move_only_function<RetType(ArgTypes ...)>&&) [with RetType = void; ArgTypes = {std::pair<std::error_code, long unsigned int>}]’ at /usr/local/include/async_simple/util/move_only_function.h:286:19,
    inlined from ‘async_simple::util::move_only_function<RetType(ArgTypes ...)>& async_simple::util::move_only_function<RetType(ArgTypes ...)>::operator=(async_simple::util::move_only_function<RetType(ArgTypes ...)>&&) [with RetType = void; ArgTypes = {std::pair<std::error_code, long unsigned int>}]’ at /usr/local/include/async_simple/util/move_only_function.h:324:9,
    inlined from ‘std::error_code coro_io::detail::ib_socket_shared_state_t::poll_completion()’ at /usr/local/include/ylt/coro_io/ibverbs/ib_socket.hpp:363:51:
/usr/include/c++/12/bits/move.h:205:11: warning: ‘<unnamed>.async_simple::util::move_only_function<void(std::pair<std::error_code, long unsigned int>)>::_m_invoker’ may be used uninitialized [-Wmaybe-uninitialized]
  205 |       __a = _GLIBCXX_MOVE(__b);
      |           ^
/usr/local/include/async_simple/util/move_only_function.h: In member function ‘std::error_code coro_io::detail::ib_socket_shared_state_t::poll_completion()’:
/usr/local/include/async_simple/util/move_only_function.h:324:9: note: ‘<anonymous>’ declared here
  324 |         move_only_function(std::move(other)).swap(*this);
      |         ^~~~~~~~~~~~~~~~~~~~~~~~~~~~~~~~~~~~
In function ‘constexpr std::_Require<std::__not_<std::__is_tuple_like<_Tp> >, std::is_move_constructible<_Tp>, std::is_move_assignable<_Tp> > std::swap(_Tp&, _Tp&) [with _Tp = async_simple::util::detail::_any_data]’,
    inlined from ‘void async_simple::util::move_only_function<RetType(ArgTypes ...)>::swap(async_simple::util::move_only_function<RetType(ArgTypes ...)>&) [with RetType = void; ArgTypes = {std::pair<std::error_code, long unsigned int>}]’ at /usr/local/include/async_simple/util/move_only_function.h:347:18,
    inlined from ‘async_simple::util::move_only_function<RetType(ArgTypes ...)>::move_only_function(async_simple::util::move_only_function<RetType(ArgTypes ...)>&&) [with RetType = void; ArgTypes = {std::pair<std::error_code, long unsigned int>}]’ at /usr/local/include/async_simple/util/move_only_function.h:286:19,
    inlined from ‘static void coro_io::detail::ib_socket_shared_state_t::resume(std::pair<std::error_code, long unsigned int>&&, callback_t&&)’ at /usr/local/include/ylt/coro_io/ibverbs/ib_socket.hpp:71:41,
    inlined from ‘std::error_code coro_io::detail::ib_socket_shared_state_t::poll_completion()’ at /usr/local/include/ylt/coro_io/ibverbs/ib_socket.hpp:381:15:
/usr/include/c++/12/bits/move.h:205:7: warning: ‘handle_tmp.async_simple::util::move_only_function<void(std::pair<std::error_code, long unsigned int>)>::<unnamed>.async_simple::util::detail::_function_base::_m_functor’ may be used uninitialized [-Wmaybe-uninitialized]
  205 |       __a = _GLIBCXX_MOVE(__b);
      |       ^~~
/usr/local/include/ylt/coro_io/ibverbs/ib_socket.hpp: In member function ‘std::error_code coro_io::detail::ib_socket_shared_state_t::poll_completion()’:
/usr/local/include/ylt/coro_io/ibverbs/ib_socket.hpp:71:12: note: ‘handle_tmp’ declared here
   71 |       auto handle_tmp = std::move(handle);
      |            ^~~~~~~~~~
In function ‘constexpr std::_Require<std::__not_<std::__is_tuple_like<_Tp> >, std::is_move_constructible<_Tp>, std::is_move_assignable<_Tp> > std::swap(_Tp&, _Tp&) [with _Tp = void (*)(const async_simple::util::detail::_any_data&, pair<error_code, long unsigned int>&&)]’,
    inlined from ‘void async_simple::util::move_only_function<RetType(ArgTypes ...)>::swap(async_simple::util::move_only_function<RetType(ArgTypes ...)>&) [with RetType = void; ArgTypes = {std::pair<std::error_code, long unsigned int>}]’ at /usr/local/include/async_simple/util/move_only_function.h:349:18,
    inlined from ‘async_simple::util::move_only_function<RetType(ArgTypes ...)>::move_only_function(async_simple::util::move_only_function<RetType(ArgTypes ...)>&&) [with RetType = void; ArgTypes = {std::pair<std::error_code, long unsigned int>}]’ at /usr/local/include/async_simple/util/move_only_function.h:286:19,
    inlined from ‘static void coro_io::detail::ib_socket_shared_state_t::resume(std::pair<std::error_code, long unsigned int>&&, callback_t&&)’ at /usr/local/include/ylt/coro_io/ibverbs/ib_socket.hpp:71:41,
    inlined from ‘std::error_code coro_io::detail::ib_socket_shared_state_t::poll_completion()’ at /usr/local/include/ylt/coro_io/ibverbs/ib_socket.hpp:381:15:
/usr/include/c++/12/bits/move.h:205:11: warning: ‘handle_tmp.async_simple::util::move_only_function<void(std::pair<std::error_code, long unsigned int>)>::_m_invoker’ may be used uninitialized [-Wmaybe-uninitialized]
  205 |       __a = _GLIBCXX_MOVE(__b);
      |           ^
/usr/local/include/ylt/coro_io/ibverbs/ib_socket.hpp: In member function ‘std::error_code coro_io::detail::ib_socket_shared_state_t::poll_completion()’:
/usr/local/include/ylt/coro_io/ibverbs/ib_socket.hpp:71:12: note: ‘handle_tmp’ declared here
   71 |       auto handle_tmp = std::move(handle);
      |            ^~~~~~~~~~
In function ‘constexpr std::_Require<std::__not_<std::__is_tuple_like<_Tp> >, std::is_move_constructible<_Tp>, std::is_move_assignable<_Tp> > std::swap(_Tp&, _Tp&) [with _Tp = async_simple::util::detail::_any_data]’,
    inlined from ‘void async_simple::util::move_only_function<RetType(ArgTypes ...)>::swap(async_simple::util::move_only_function<RetType(ArgTypes ...)>&) [with RetType = void; ArgTypes = {std::pair<std::error_code, long unsigned int>}]’ at /usr/local/include/async_simple/util/move_only_function.h:347:18,
    inlined from ‘async_simple::util::move_only_function<RetType(ArgTypes ...)>::move_only_function(async_simple::util::move_only_function<RetType(ArgTypes ...)>&&) [with RetType = void; ArgTypes = {std::pair<std::error_code, long unsigned int>}]’ at /usr/local/include/async_simple/util/move_only_function.h:286:19,
    inlined from ‘static void coro_io::detail::ib_socket_shared_state_t::resume(std::pair<std::error_code, long unsigned int>&&, callback_t&&)’ at /usr/local/include/ylt/coro_io/ibverbs/ib_socket.hpp:71:41,
    inlined from ‘std::error_code coro_io::detail::ib_socket_shared_state_t::poll_completion()’ at /usr/local/include/ylt/coro_io/ibverbs/ib_socket.hpp:384:15:
/usr/include/c++/12/bits/move.h:205:7: warning: ‘handle_tmp.async_simple::util::move_only_function<void(std::pair<std::error_code, long unsigned int>)>::<unnamed>.async_simple::util::detail::_function_base::_m_functor’ may be used uninitialized [-Wmaybe-uninitialized]
  205 |       __a = _GLIBCXX_MOVE(__b);
      |       ^~~
/usr/local/include/ylt/coro_io/ibverbs/ib_socket.hpp: In member function ‘std::error_code coro_io::detail::ib_socket_shared_state_t::poll_completion()’:
/usr/local/include/ylt/coro_io/ibverbs/ib_socket.hpp:71:12: note: ‘handle_tmp’ declared here
   71 |       auto handle_tmp = std::move(handle);
      |            ^~~~~~~~~~
In function ‘constexpr std::_Require<std::__not_<std::__is_tuple_like<_Tp> >, std::is_move_constructible<_Tp>, std::is_move_assignable<_Tp> > std::swap(_Tp&, _Tp&) [with _Tp = void (*)(const async_simple::util::detail::_any_data&, pair<error_code, long unsigned int>&&)]’,
    inlined from ‘void async_simple::util::move_only_function<RetType(ArgTypes ...)>::swap(async_simple::util::move_only_function<RetType(ArgTypes ...)>&) [with RetType = void; ArgTypes = {std::pair<std::error_code, long unsigned int>}]’ at /usr/local/include/async_simple/util/move_only_function.h:349:18,
    inlined from ‘async_simple::util::move_only_function<RetType(ArgTypes ...)>::move_only_function(async_simple::util::move_only_function<RetType(ArgTypes ...)>&&) [with RetType = void; ArgTypes = {std::pair<std::error_code, long unsigned int>}]’ at /usr/local/include/async_simple/util/move_only_function.h:286:19,
    inlined from ‘static void coro_io::detail::ib_socket_shared_state_t::resume(std::pair<std::error_code, long unsigned int>&&, callback_t&&)’ at /usr/local/include/ylt/coro_io/ibverbs/ib_socket.hpp:71:41,
    inlined from ‘std::error_code coro_io::detail::ib_socket_shared_state_t::poll_completion()’ at /usr/local/include/ylt/coro_io/ibverbs/ib_socket.hpp:384:15:
/usr/include/c++/12/bits/move.h:205:11: warning: ‘handle_tmp.async_simple::util::move_only_function<void(std::pair<std::error_code, long unsigned int>)>::_m_invoker’ may be used uninitialized [-Wmaybe-uninitialized]
  205 |       __a = _GLIBCXX_MOVE(__b);
      |           ^
/usr/local/include/ylt/coro_io/ibverbs/ib_socket.hpp: In member function ‘std::error_code coro_io::detail::ib_socket_shared_state_t::poll_completion()’:
/usr/local/include/ylt/coro_io/ibverbs/ib_socket.hpp:71:12: note: ‘handle_tmp’ declared here
   71 |       auto handle_tmp = std::move(handle);
      |            ^~~~~~~~~~
In function ‘constexpr std::_Require<std::__not_<std::__is_tuple_like<_Tp> >, std::is_move_constructible<_Tp>, std::is_move_assignable<_Tp> > std::swap(_Tp&, _Tp&) [with _Tp = async_simple::util::detail::_any_data]’,
    inlined from ‘void async_simple::util::move_only_function<RetType(ArgTypes ...)>::swap(async_simple::util::move_only_function<RetType(ArgTypes ...)>&) [with RetType = void; ArgTypes = {std::pair<std::error_code, long unsigned int>}]’ at /usr/local/include/async_simple/util/move_only_function.h:347:18,
    inlined from ‘async_simple::util::move_only_function<RetType(ArgTypes ...)>::move_only_function(async_simple::util::move_only_function<RetType(ArgTypes ...)>&&) [with RetType = void; ArgTypes = {std::pair<std::error_code, long unsigned int>}]’ at /usr/local/include/async_simple/util/move_only_function.h:286:19,
    inlined from ‘static void coro_io::detail::ib_socket_shared_state_t::resume(std::pair<std::error_code, long unsigned int>&&, callback_t&&)’ at /usr/local/include/ylt/coro_io/ibverbs/ib_socket.hpp:71:41,
    inlined from ‘void coro_io::ib_socket_t::init_fd()::<lambda(std::shared_ptr<coro_io::detail::ib_socket_shared_state_t>)>::operator()(coro_io::ib_socket_t::init_fd()::<lambda(std::shared_ptr<coro_io::detail::ib_socket_shared_state_t>)>::_ZZN7coro_io11ib_socket_t7init_fdEvENKUlSt10shared_ptrINS_6detail24ib_socket_shared_state_tEEE0_clES4_.Frame*)’ at /usr/local/include/ylt/coro_io/ibverbs/ib_socket.hpp:1062:53:
/usr/include/c++/12/bits/move.h:205:7: warning: ‘handle_tmp.async_simple::util::move_only_function<void(std::pair<std::error_code, long unsigned int>)>::<unnamed>.async_simple::util::detail::_function_base::_m_functor’ may be used uninitialized [-Wmaybe-uninitialized]
  205 |       __a = _GLIBCXX_MOVE(__b);
      |       ^~~
/usr/local/include/ylt/coro_io/ibverbs/ib_socket.hpp: In function ‘void coro_io::ib_socket_t::init_fd()::<lambda(std::shared_ptr<coro_io::detail::ib_socket_shared_state_t>)>::operator()(coro_io::ib_socket_t::init_fd()::<lambda(std::shared_ptr<coro_io::detail::ib_socket_shared_state_t>)>::_ZZN7coro_io11ib_socket_t7init_fdEvENKUlSt10shared_ptrINS_6detail24ib_socket_shared_state_tEEE0_clES4_.Frame*)’:
/usr/local/include/ylt/coro_io/ibverbs/ib_socket.hpp:71:12: note: ‘handle_tmp’ declared here
   71 |       auto handle_tmp = std::move(handle);
      |            ^~~~~~~~~~
In function ‘constexpr std::_Require<std::__not_<std::__is_tuple_like<_Tp> >, std::is_move_constructible<_Tp>, std::is_move_assignable<_Tp> > std::swap(_Tp&, _Tp&) [with _Tp = void (*)(const async_simple::util::detail::_any_data&, pair<error_code, long unsigned int>&&)]’,
    inlined from ‘void async_simple::util::move_only_function<RetType(ArgTypes ...)>::swap(async_simple::util::move_only_function<RetType(ArgTypes ...)>&) [with RetType = void; ArgTypes = {std::pair<std::error_code, long unsigned int>}]’ at /usr/local/include/async_simple/util/move_only_function.h:349:18,
    inlined from ‘async_simple::util::move_only_function<RetType(ArgTypes ...)>::move_only_function(async_simple::util::move_only_function<RetType(ArgTypes ...)>&&) [with RetType = void; ArgTypes = {std::pair<std::error_code, long unsigned int>}]’ at /usr/local/include/async_simple/util/move_only_function.h:286:19,
    inlined from ‘static void coro_io::detail::ib_socket_shared_state_t::resume(std::pair<std::error_code, long unsigned int>&&, callback_t&&)’ at /usr/local/include/ylt/coro_io/ibverbs/ib_socket.hpp:71:41,
    inlined from ‘void coro_io::ib_socket_t::init_fd()::<lambda(std::shared_ptr<coro_io::detail::ib_socket_shared_state_t>)>::operator()(coro_io::ib_socket_t::init_fd()::<lambda(std::shared_ptr<coro_io::detail::ib_socket_shared_state_t>)>::_ZZN7coro_io11ib_socket_t7init_fdEvENKUlSt10shared_ptrINS_6detail24ib_socket_shared_state_tEEE0_clES4_.Frame*)’ at /usr/local/include/ylt/coro_io/ibverbs/ib_socket.hpp:1062:53:
/usr/include/c++/12/bits/move.h:205:11: warning: ‘handle_tmp.async_simple::util::move_only_function<void(std::pair<std::error_code, long unsigned int>)>::_m_invoker’ may be used uninitialized [-Wmaybe-uninitialized]
  205 |       __a = _GLIBCXX_MOVE(__b);
      |           ^
/usr/local/include/ylt/coro_io/ibverbs/ib_socket.hpp: In function ‘void coro_io::ib_socket_t::init_fd()::<lambda(std::shared_ptr<coro_io::detail::ib_socket_shared_state_t>)>::operator()(coro_io::ib_socket_t::init_fd()::<lambda(std::shared_ptr<coro_io::detail::ib_socket_shared_state_t>)>::_ZZN7coro_io11ib_socket_t7init_fdEvENKUlSt10shared_ptrINS_6detail24ib_socket_shared_state_tEEE0_clES4_.Frame*)’:
/usr/local/include/ylt/coro_io/ibverbs/ib_socket.hpp:71:12: note: ‘handle_tmp’ declared here
   71 |       auto handle_tmp = std::move(handle);
      |            ^~~~~~~~~~
In file included from /usr/include/c++/12/bits/atomic_base.h:38,
                 from /usr/include/c++/12/atomic:41,
                 from /usr/include/c++/12/stop_token:34,
                 from /usr/include/c++/12/thread:40,
                 from /home/q00913006/project/mooncake-qyf/mooncake-store/src/real_client.cpp:11:
In function ‘constexpr std::_Require<std::__not_<std::__is_tuple_like<_Tp> >, std::is_move_constructible<_Tp>, std::is_move_assignable<_Tp> > std::swap(_Tp&, _Tp&) [with _Tp = async_simple::util::detail::_any_data]’,
    inlined from ‘void async_simple::util::move_only_function<RetType(ArgTypes ...)>::swap(async_simple::util::move_only_function<RetType(ArgTypes ...)>&) [with RetType = void; ArgTypes = {std::pair<std::error_code, long unsigned int>}]’ at /usr/local/include/async_simple/util/move_only_function.h:347:18,
    inlined from ‘async_simple::util::move_only_function<RetType(ArgTypes ...)>::move_only_function(async_simple::util::move_only_function<RetType(ArgTypes ...)>&&) [with RetType = void; ArgTypes = {std::pair<std::error_code, long unsigned int>}]’ at /usr/local/include/async_simple/util/move_only_function.h:286:19,
    inlined from ‘static void coro_io::detail::ib_socket_shared_state_t::resume(std::pair<std::error_code, long unsigned int>&&, callback_t&&)’ at /usr/local/include/ylt/coro_io/ibverbs/ib_socket.hpp:71:41:
/usr/include/c++/12/bits/move.h:205:7: warning: ‘handle_tmp.async_simple::util::move_only_function<void(std::pair<std::error_code, long unsigned int>)>::<unnamed>.async_simple::util::detail::_function_base::_m_functor’ may be used uninitialized [-Wmaybe-uninitialized]
  205 |       __a = _GLIBCXX_MOVE(__b);
      |       ^~~
In file included from /usr/local/include/ylt/coro_io/ibverbs/ib_io.hpp:43,
                 from /usr/local/include/ylt/coro_io/socket_wrapper.hpp:20,
                 from /usr/local/include/ylt/coro_rpc/impl/coro_connection.hpp:42,
                 from /usr/local/include/ylt/coro_rpc/impl/context.hpp:30,
                 from /usr/local/include/ylt/coro_rpc/impl/coro_rpc_client.hpp:55,
                 from /usr/local/include/ylt/coro_rpc/coro_rpc_client.hpp:17,
                 from /home/q00913006/project/mooncake-qyf/mooncake-store/include/master_client.h:11,
                 from /home/q00913006/project/mooncake-qyf/mooncake-store/include/client_service.h:19,
                 from /home/q00913006/project/mooncake-qyf/mooncake-store/include/pyclient.h:10,
                 from /home/q00913006/project/mooncake-qyf/mooncake-store/include/real_client.h:14,
                 from /home/q00913006/project/mooncake-qyf/mooncake-store/src/real_client.cpp:25:
/usr/local/include/ylt/coro_io/ibverbs/ib_socket.hpp: In static member function ‘static void coro_io::detail::ib_socket_shared_state_t::resume(std::pair<std::error_code, long unsigned int>&&, callback_t&&)’:
/usr/local/include/ylt/coro_io/ibverbs/ib_socket.hpp:71:12: note: ‘handle_tmp’ declared here
   71 |       auto handle_tmp = std::move(handle);
      |            ^~~~~~~~~~
In function ‘constexpr std::_Require<std::__not_<std::__is_tuple_like<_Tp> >, std::is_move_constructible<_Tp>, std::is_move_assignable<_Tp> > std::swap(_Tp&, _Tp&) [with _Tp = void (*)(const async_simple::util::detail::_any_data&, pair<error_code, long unsigned int>&&)]’,
    inlined from ‘void async_simple::util::move_only_function<RetType(ArgTypes ...)>::swap(async_simple::util::move_only_function<RetType(ArgTypes ...)>&) [with RetType = void; ArgTypes = {std::pair<std::error_code, long unsigned int>}]’ at /usr/local/include/async_simple/util/move_only_function.h:349:18,
    inlined from ‘async_simple::util::move_only_function<RetType(ArgTypes ...)>::move_only_function(async_simple::util::move_only_function<RetType(ArgTypes ...)>&&) [with RetType = void; ArgTypes = {std::pair<std::error_code, long unsigned int>}]’ at /usr/local/include/async_simple/util/move_only_function.h:286:19,
    inlined from ‘static void coro_io::detail::ib_socket_shared_state_t::resume(std::pair<std::error_code, long unsigned int>&&, callback_t&&)’ at /usr/local/include/ylt/coro_io/ibverbs/ib_socket.hpp:71:41:
/usr/include/c++/12/bits/move.h:205:11: warning: ‘handle_tmp.async_simple::util::move_only_function<void(std::pair<std::error_code, long unsigned int>)>::_m_invoker’ may be used uninitialized [-Wmaybe-uninitialized]
  205 |       __a = _GLIBCXX_MOVE(__b);
      |           ^
/usr/local/include/ylt/coro_io/ibverbs/ib_socket.hpp: In static member function ‘static void coro_io::detail::ib_socket_shared_state_t::resume(std::pair<std::error_code, long unsigned int>&&, callback_t&&)’:
/usr/local/include/ylt/coro_io/ibverbs/ib_socket.hpp:71:12: note: ‘handle_tmp’ declared here
   71 |       auto handle_tmp = std::move(handle);
      |            ^~~~~~~~~~
In file included from /usr/include/c++/12/bits/atomic_base.h:38,
                 from /usr/include/c++/12/atomic:41,
                 from /home/q00913006/project/mooncake-qyf/mooncake-store/include/rpc_service.h:4,
                 from /home/q00913006/project/mooncake-qyf/mooncake-store/src/rpc_service.cpp:1:
In function ‘constexpr std::_Require<std::__not_<std::__is_tuple_like<_Tp> >, std::is_move_constructible<_Tp>, std::is_move_assignable<_Tp> > std::swap(_Tp&, _Tp&) [with _Tp = async_simple::util::detail::_any_data]’,
    inlined from ‘void async_simple::util::move_only_function<RetType(ArgTypes ...)>::swap(async_simple::util::move_only_function<RetType(ArgTypes ...)>&) [with RetType = void; ArgTypes = {std::pair<std::error_code, long unsigned int>}]’ at /usr/local/include/async_simple/util/move_only_function.h:347:18,
    inlined from ‘async_simple::util::move_only_function<RetType(ArgTypes ...)>::move_only_function(async_simple::util::move_only_function<RetType(ArgTypes ...)>&&) [with RetType = void; ArgTypes = {std::pair<std::error_code, long unsigned int>}]’ at /usr/local/include/async_simple/util/move_only_function.h:286:19,
    inlined from ‘async_simple::util::move_only_function<RetType(ArgTypes ...)>& async_simple::util::move_only_function<RetType(ArgTypes ...)>::operator=(async_simple::util::move_only_function<RetType(ArgTypes ...)>&&) [with RetType = void; ArgTypes = {std::pair<std::error_code, long unsigned int>}]’ at /usr/local/include/async_simple/util/move_only_function.h:324:9,
    inlined from ‘void coro_io::detail::circle_buffer<T>::push(T&&) [with T = async_simple::util::move_only_function<void(std::pair<std::error_code, long unsigned int>)>]’ at /usr/local/include/ylt/coro_io/detail/circle_buffer.hpp:40:17,
    inlined from ‘void coro_io::detail::ib_socket_shared_state_t::post_send_impl(ibv_sge, callback_t&&, bool)’ at /usr/local/include/ylt/coro_io/ibverbs/ib_socket.hpp:283:22:
/usr/include/c++/12/bits/move.h:205:7: warning: ‘<unnamed>.async_simple::util::move_only_function<void(std::pair<std::error_code, long unsigned int>)>::<unnamed>.async_simple::util::detail::_function_base::_m_functor’ may be used uninitialized [-Wmaybe-uninitialized]
  205 |       __a = _GLIBCXX_MOVE(__b);
      |       ^~~
In file included from /usr/local/include/async_simple/Signal.h:34,
                 from /usr/local/include/async_simple/Executor.h:29,
                 from /usr/local/include/async_simple/Future.h:24,
                 from /usr/local/include/cinatra/coro_http_client.hpp:26,
                 from /usr/local/include/cinatra/coro_http_server.hpp:5,
                 from /usr/local/include/ylt/coro_http/coro_http_server.hpp:39,
                 from /home/q00913006/project/mooncake-qyf/mooncake-store/include/rpc_service.h:12:
/usr/local/include/async_simple/util/move_only_function.h: In member function ‘void coro_io::detail::ib_socket_shared_state_t::post_send_impl(ibv_sge, callback_t&&, bool)’:
/usr/local/include/async_simple/util/move_only_function.h:324:9: note: ‘<anonymous>’ declared here
  324 |         move_only_function(std::move(other)).swap(*this);
      |         ^~~~~~~~~~~~~~~~~~~~~~~~~~~~~~~~~~~~
In function ‘constexpr std::_Require<std::__not_<std::__is_tuple_like<_Tp> >, std::is_move_constructible<_Tp>, std::is_move_assignable<_Tp> > std::swap(_Tp&, _Tp&) [with _Tp = void (*)(const async_simple::util::detail::_any_data&, pair<error_code, long unsigned int>&&)]’,
    inlined from ‘void async_simple::util::move_only_function<RetType(ArgTypes ...)>::swap(async_simple::util::move_only_function<RetType(ArgTypes ...)>&) [with RetType = void; ArgTypes = {std::pair<std::error_code, long unsigned int>}]’ at /usr/local/include/async_simple/util/move_only_function.h:349:18,
    inlined from ‘async_simple::util::move_only_function<RetType(ArgTypes ...)>::move_only_function(async_simple::util::move_only_function<RetType(ArgTypes ...)>&&) [with RetType = void; ArgTypes = {std::pair<std::error_code, long unsigned int>}]’ at /usr/local/include/async_simple/util/move_only_function.h:286:19,
    inlined from ‘async_simple::util::move_only_function<RetType(ArgTypes ...)>& async_simple::util::move_only_function<RetType(ArgTypes ...)>::operator=(async_simple::util::move_only_function<RetType(ArgTypes ...)>&&) [with RetType = void; ArgTypes = {std::pair<std::error_code, long unsigned int>}]’ at /usr/local/include/async_simple/util/move_only_function.h:324:9,
    inlined from ‘void coro_io::detail::circle_buffer<T>::push(T&&) [with T = async_simple::util::move_only_function<void(std::pair<std::error_code, long unsigned int>)>]’ at /usr/local/include/ylt/coro_io/detail/circle_buffer.hpp:40:17,
    inlined from ‘void coro_io::detail::ib_socket_shared_state_t::post_send_impl(ibv_sge, callback_t&&, bool)’ at /usr/local/include/ylt/coro_io/ibverbs/ib_socket.hpp:283:22:
/usr/include/c++/12/bits/move.h:205:11: warning: ‘<unnamed>.async_simple::util::move_only_function<void(std::pair<std::error_code, long unsigned int>)>::_m_invoker’ may be used uninitialized [-Wmaybe-uninitialized]
  205 |       __a = _GLIBCXX_MOVE(__b);
      |           ^
/usr/local/include/async_simple/util/move_only_function.h: In member function ‘void coro_io::detail::ib_socket_shared_state_t::post_send_impl(ibv_sge, callback_t&&, bool)’:
/usr/local/include/async_simple/util/move_only_function.h:324:9: note: ‘<anonymous>’ declared here
  324 |         move_only_function(std::move(other)).swap(*this);
      |         ^~~~~~~~~~~~~~~~~~~~~~~~~~~~~~~~~~~~
In function ‘constexpr std::_Require<std::__not_<std::__is_tuple_like<_Tp> >, std::is_move_constructible<_Tp>, std::is_move_assignable<_Tp> > std::swap(_Tp&, _Tp&) [with _Tp = async_simple::util::detail::_any_data]’,
    inlined from ‘void async_simple::util::move_only_function<RetType(ArgTypes ...)>::swap(async_simple::util::move_only_function<RetType(ArgTypes ...)>&) [with RetType = void; ArgTypes = {std::pair<std::error_code, long unsigned int>}]’ at /usr/local/include/async_simple/util/move_only_function.h:347:18,
    inlined from ‘async_simple::util::move_only_function<RetType(ArgTypes ...)>::move_only_function(async_simple::util::move_only_function<RetType(ArgTypes ...)>&&) [with RetType = void; ArgTypes = {std::pair<std::error_code, long unsigned int>}]’ at /usr/local/include/async_simple/util/move_only_function.h:286:19,
    inlined from ‘static void coro_io::detail::ib_socket_shared_state_t::resume(std::pair<std::error_code, long unsigned int>&&, callback_t&&)’ at /usr/local/include/ylt/coro_io/ibverbs/ib_socket.hpp:71:41,
    inlined from ‘void coro_io::detail::ib_socket_shared_state_t::post_send_impl(ibv_sge, callback_t&&, bool)’ at /usr/local/include/ylt/coro_io/ibverbs/ib_socket.hpp:279:41:
/usr/include/c++/12/bits/move.h:205:7: warning: ‘handle_tmp.async_simple::util::move_only_function<void(std::pair<std::error_code, long unsigned int>)>::<unnamed>.async_simple::util::detail::_function_base::_m_functor’ may be used uninitialized [-Wmaybe-uninitialized]
  205 |       __a = _GLIBCXX_MOVE(__b);
      |       ^~~
In file included from /usr/local/include/ylt/coro_io/ibverbs/ib_io.hpp:43,
                 from /usr/local/include/ylt/coro_io/socket_wrapper.hpp:20,
                 from /usr/local/include/cinatra/coro_http_connection.hpp:29,
                 from /usr/local/include/cinatra/coro_http_server.hpp:11:
/usr/local/include/ylt/coro_io/ibverbs/ib_socket.hpp: In member function ‘void coro_io::detail::ib_socket_shared_state_t::post_send_impl(ibv_sge, callback_t&&, bool)’:
/usr/local/include/ylt/coro_io/ibverbs/ib_socket.hpp:71:12: note: ‘handle_tmp’ declared here
   71 |       auto handle_tmp = std::move(handle);
      |            ^~~~~~~~~~
In function ‘constexpr std::_Require<std::__not_<std::__is_tuple_like<_Tp> >, std::is_move_constructible<_Tp>, std::is_move_assignable<_Tp> > std::swap(_Tp&, _Tp&) [with _Tp = void (*)(const async_simple::util::detail::_any_data&, pair<error_code, long unsigned int>&&)]’,
    inlined from ‘void async_simple::util::move_only_function<RetType(ArgTypes ...)>::swap(async_simple::util::move_only_function<RetType(ArgTypes ...)>&) [with RetType = void; ArgTypes = {std::pair<std::error_code, long unsigned int>}]’ at /usr/local/include/async_simple/util/move_only_function.h:349:18,
    inlined from ‘async_simple::util::move_only_function<RetType(ArgTypes ...)>::move_only_function(async_simple::util::move_only_function<RetType(ArgTypes ...)>&&) [with RetType = void; ArgTypes = {std::pair<std::error_code, long unsigned int>}]’ at /usr/local/include/async_simple/util/move_only_function.h:286:19,
    inlined from ‘static void coro_io::detail::ib_socket_shared_state_t::resume(std::pair<std::error_code, long unsigned int>&&, callback_t&&)’ at /usr/local/include/ylt/coro_io/ibverbs/ib_socket.hpp:71:41,
    inlined from ‘void coro_io::detail::ib_socket_shared_state_t::post_send_impl(ibv_sge, callback_t&&, bool)’ at /usr/local/include/ylt/coro_io/ibverbs/ib_socket.hpp:279:41:
/usr/include/c++/12/bits/move.h:205:11: warning: ‘handle_tmp.async_simple::util::move_only_function<void(std::pair<std::error_code, long unsigned int>)>::_m_invoker’ may be used uninitialized [-Wmaybe-uninitialized]
  205 |       __a = _GLIBCXX_MOVE(__b);
      |           ^
/usr/local/include/ylt/coro_io/ibverbs/ib_socket.hpp: In member function ‘void coro_io::detail::ib_socket_shared_state_t::post_send_impl(ibv_sge, callback_t&&, bool)’:
/usr/local/include/ylt/coro_io/ibverbs/ib_socket.hpp:71:12: note: ‘handle_tmp’ declared here
   71 |       auto handle_tmp = std::move(handle);
      |            ^~~~~~~~~~
In function ‘constexpr std::_Require<std::__not_<std::__is_tuple_like<_Tp> >, std::is_move_constructible<_Tp>, std::is_move_assignable<_Tp> > std::swap(_Tp&, _Tp&) [with _Tp = async_simple::util::detail::_any_data]’,
    inlined from ‘void async_simple::util::move_only_function<RetType(ArgTypes ...)>::swap(async_simple::util::move_only_function<RetType(ArgTypes ...)>&) [with RetType = void; ArgTypes = {std::pair<std::error_code, long unsigned int>}]’ at /usr/local/include/async_simple/util/move_only_function.h:347:18,
    inlined from ‘async_simple::util::move_only_function<RetType(ArgTypes ...)>::move_only_function(async_simple::util::move_only_function<RetType(ArgTypes ...)>&&) [with RetType = void; ArgTypes = {std::pair<std::error_code, long unsigned int>}]’ at /usr/local/include/async_simple/util/move_only_function.h:286:19,
    inlined from ‘async_simple::util::move_only_function<RetType(ArgTypes ...)>& async_simple::util::move_only_function<RetType(ArgTypes ...)>::operator=(async_simple::util::move_only_function<RetType(ArgTypes ...)>&&) [with RetType = void; ArgTypes = {std::pair<std::error_code, long unsigned int>}]’ at /usr/local/include/async_simple/util/move_only_function.h:324:9,
    inlined from ‘void coro_io::detail::circle_buffer<T>::push(T&&) [with T = async_simple::util::move_only_function<void(std::pair<std::error_code, long unsigned int>)>]’ at /usr/local/include/ylt/coro_io/detail/circle_buffer.hpp:40:17,
    inlined from ‘void coro_io::detail::ib_socket_shared_state_t::post_send_impl(ibv_sge, callback_t&&, bool)’ at /usr/local/include/ylt/coro_io/ibverbs/ib_socket.hpp:283:22:
/usr/include/c++/12/bits/move.h:205:7: warning: ‘<unnamed>.async_simple::util::move_only_function<void(std::pair<std::error_code, long unsigned int>)>::<unnamed>.async_simple::util::detail::_function_base::_m_functor’ may be used uninitialized [-Wmaybe-uninitialized]
  205 |       __a = _GLIBCXX_MOVE(__b);
      |       ^~~
In file included from /usr/local/include/async_simple/Signal.h:34,
                 from /usr/local/include/async_simple/Executor.h:29,
                 from /usr/local/include/async_simple/Future.h:24,
                 from /usr/local/include/ylt/coro_rpc/impl/coro_rpc_client.hpp:17:
/usr/local/include/async_simple/util/move_only_function.h: In member function ‘void coro_io::detail::ib_socket_shared_state_t::post_send_impl(ibv_sge, callback_t&&, bool)’:
/usr/local/include/async_simple/util/move_only_function.h:324:9: note: ‘<anonymous>’ declared here
  324 |         move_only_function(std::move(other)).swap(*this);
      |         ^~~~~~~~~~~~~~~~~~~~~~~~~~~~~~~~~~~~
In function ‘constexpr std::_Require<std::__not_<std::__is_tuple_like<_Tp> >, std::is_move_constructible<_Tp>, std::is_move_assignable<_Tp> > std::swap(_Tp&, _Tp&) [with _Tp = void (*)(const async_simple::util::detail::_any_data&, pair<error_code, long unsigned int>&&)]’,
    inlined from ‘void async_simple::util::move_only_function<RetType(ArgTypes ...)>::swap(async_simple::util::move_only_function<RetType(ArgTypes ...)>&) [with RetType = void; ArgTypes = {std::pair<std::error_code, long unsigned int>}]’ at /usr/local/include/async_simple/util/move_only_function.h:349:18,
    inlined from ‘async_simple::util::move_only_function<RetType(ArgTypes ...)>::move_only_function(async_simple::util::move_only_function<RetType(ArgTypes ...)>&&) [with RetType = void; ArgTypes = {std::pair<std::error_code, long unsigned int>}]’ at /usr/local/include/async_simple/util/move_only_function.h:286:19,
    inlined from ‘async_simple::util::move_only_function<RetType(ArgTypes ...)>& async_simple::util::move_only_function<RetType(ArgTypes ...)>::operator=(async_simple::util::move_only_function<RetType(ArgTypes ...)>&&) [with RetType = void; ArgTypes = {std::pair<std::error_code, long unsigned int>}]’ at /usr/local/include/async_simple/util/move_only_function.h:324:9,
    inlined from ‘void coro_io::detail::circle_buffer<T>::push(T&&) [with T = async_simple::util::move_only_function<void(std::pair<std::error_code, long unsigned int>)>]’ at /usr/local/include/ylt/coro_io/detail/circle_buffer.hpp:40:17,
    inlined from ‘void coro_io::detail::ib_socket_shared_state_t::post_send_impl(ibv_sge, callback_t&&, bool)’ at /usr/local/include/ylt/coro_io/ibverbs/ib_socket.hpp:283:22:
/usr/include/c++/12/bits/move.h:205:11: warning: ‘<unnamed>.async_simple::util::move_only_function<void(std::pair<std::error_code, long unsigned int>)>::_m_invoker’ may be used uninitialized [-Wmaybe-uninitialized]
  205 |       __a = _GLIBCXX_MOVE(__b);
      |           ^
/usr/local/include/async_simple/util/move_only_function.h: In member function ‘void coro_io::detail::ib_socket_shared_state_t::post_send_impl(ibv_sge, callback_t&&, bool)’:
/usr/local/include/async_simple/util/move_only_function.h:324:9: note: ‘<anonymous>’ declared here
  324 |         move_only_function(std::move(other)).swap(*this);
      |         ^~~~~~~~~~~~~~~~~~~~~~~~~~~~~~~~~~~~
In function ‘constexpr std::_Require<std::__not_<std::__is_tuple_like<_Tp> >, std::is_move_constructible<_Tp>, std::is_move_assignable<_Tp> > std::swap(_Tp&, _Tp&) [with _Tp = async_simple::util::detail::_any_data]’,
    inlined from ‘void async_simple::util::move_only_function<RetType(ArgTypes ...)>::swap(async_simple::util::move_only_function<RetType(ArgTypes ...)>&) [with RetType = void; ArgTypes = {std::pair<std::error_code, long unsigned int>}]’ at /usr/local/include/async_simple/util/move_only_function.h:347:18,
    inlined from ‘async_simple::util::move_only_function<RetType(ArgTypes ...)>::move_only_function(async_simple::util::move_only_function<RetType(ArgTypes ...)>&&) [with RetType = void; ArgTypes = {std::pair<std::error_code, long unsigned int>}]’ at /usr/local/include/async_simple/util/move_only_function.h:286:19,
    inlined from ‘static void coro_io::detail::ib_socket_shared_state_t::resume(std::pair<std::error_code, long unsigned int>&&, callback_t&&)’ at /usr/local/include/ylt/coro_io/ibverbs/ib_socket.hpp:71:41,
    inlined from ‘void coro_io::detail::ib_socket_shared_state_t::post_recv_impl(callback_t&&)’ at /usr/local/include/ylt/coro_io/ibverbs/ib_socket.hpp:294:39:
/usr/include/c++/12/bits/move.h:205:7: warning: ‘handle_tmp.async_simple::util::move_only_function<void(std::pair<std::error_code, long unsigned int>)>::<unnamed>.async_simple::util::detail::_function_base::_m_functor’ may be used uninitialized [-Wmaybe-uninitialized]
  205 |       __a = _GLIBCXX_MOVE(__b);
      |       ^~~
/usr/local/include/ylt/coro_io/ibverbs/ib_socket.hpp: In member function ‘void coro_io::detail::ib_socket_shared_state_t::post_recv_impl(callback_t&&)’:
/usr/local/include/ylt/coro_io/ibverbs/ib_socket.hpp:71:12: note: ‘handle_tmp’ declared here
   71 |       auto handle_tmp = std::move(handle);
      |            ^~~~~~~~~~
In function ‘constexpr std::_Require<std::__not_<std::__is_tuple_like<_Tp> >, std::is_move_constructible<_Tp>, std::is_move_assignable<_Tp> > std::swap(_Tp&, _Tp&) [with _Tp = void (*)(const async_simple::util::detail::_any_data&, pair<error_code, long unsigned int>&&)]’,
    inlined from ‘void async_simple::util::move_only_function<RetType(ArgTypes ...)>::swap(async_simple::util::move_only_function<RetType(ArgTypes ...)>&) [with RetType = void; ArgTypes = {std::pair<std::error_code, long unsigned int>}]’ at /usr/local/include/async_simple/util/move_only_function.h:349:18,
    inlined from ‘async_simple::util::move_only_function<RetType(ArgTypes ...)>::move_only_function(async_simple::util::move_only_function<RetType(ArgTypes ...)>&&) [with RetType = void; ArgTypes = {std::pair<std::error_code, long unsigned int>}]’ at /usr/local/include/async_simple/util/move_only_function.h:286:19,
    inlined from ‘static void coro_io::detail::ib_socket_shared_state_t::resume(std::pair<std::error_code, long unsigned int>&&, callback_t&&)’ at /usr/local/include/ylt/coro_io/ibverbs/ib_socket.hpp:71:41,
    inlined from ‘void coro_io::detail::ib_socket_shared_state_t::post_recv_impl(callback_t&&)’ at /usr/local/include/ylt/coro_io/ibverbs/ib_socket.hpp:294:39:
/usr/include/c++/12/bits/move.h:205:11: warning: ‘handle_tmp.async_simple::util::move_only_function<void(std::pair<std::error_code, long unsigned int>)>::_m_invoker’ may be used uninitialized [-Wmaybe-uninitialized]
  205 |       __a = _GLIBCXX_MOVE(__b);
      |           ^
/usr/local/include/ylt/coro_io/ibverbs/ib_socket.hpp: In member function ‘void coro_io::detail::ib_socket_shared_state_t::post_recv_impl(callback_t&&)’:
/usr/local/include/ylt/coro_io/ibverbs/ib_socket.hpp:71:12: note: ‘handle_tmp’ declared here
   71 |       auto handle_tmp = std::move(handle);
      |            ^~~~~~~~~~
In function ‘constexpr std::_Require<std::__not_<std::__is_tuple_like<_Tp> >, std::is_move_constructible<_Tp>, std::is_move_assignable<_Tp> > std::swap(_Tp&, _Tp&) [with _Tp = async_simple::util::detail::_any_data]’,
    inlined from ‘void async_simple::util::move_only_function<RetType(ArgTypes ...)>::swap(async_simple::util::move_only_function<RetType(ArgTypes ...)>&) [with RetType = void; ArgTypes = {std::pair<std::error_code, long unsigned int>}]’ at /usr/local/include/async_simple/util/move_only_function.h:347:18,
    inlined from ‘async_simple::util::move_only_function<RetType(ArgTypes ...)>::move_only_function(async_simple::util::move_only_function<RetType(ArgTypes ...)>&&) [with RetType = void; ArgTypes = {std::pair<std::error_code, long unsigned int>}]’ at /usr/local/include/async_simple/util/move_only_function.h:286:19,
    inlined from ‘async_simple::util::move_only_function<RetType(ArgTypes ...)>& async_simple::util::move_only_function<RetType(ArgTypes ...)>::operator=(async_simple::util::move_only_function<RetType(ArgTypes ...)>&&) [with RetType = void; ArgTypes = {std::pair<std::error_code, long unsigned int>}]’ at /usr/local/include/async_simple/util/move_only_function.h:324:9,
    inlined from ‘void coro_io::detail::ib_socket_shared_state_t::post_recv_impl(callback_t&&)’ at /usr/local/include/ylt/coro_io/ibverbs/ib_socket.hpp:303:33:
/usr/include/c++/12/bits/move.h:205:7: warning: ‘<unnamed>.async_simple::util::move_only_function<void(std::pair<std::error_code, long unsigned int>)>::<unnamed>.async_simple::util::detail::_function_base::_m_functor’ may be used uninitialized [-Wmaybe-uninitialized]
  205 |       __a = _GLIBCXX_MOVE(__b);
      |       ^~~
/usr/local/include/async_simple/util/move_only_function.h: In member function ‘void coro_io::detail::ib_socket_shared_state_t::post_recv_impl(callback_t&&)’:
/usr/local/include/async_simple/util/move_only_function.h:324:9: note: ‘<anonymous>’ declared here
  324 |         move_only_function(std::move(other)).swap(*this);
      |         ^~~~~~~~~~~~~~~~~~~~~~~~~~~~~~~~~~~~
In function ‘constexpr std::_Require<std::__not_<std::__is_tuple_like<_Tp> >, std::is_move_constructible<_Tp>, std::is_move_assignable<_Tp> > std::swap(_Tp&, _Tp&) [with _Tp = void (*)(const async_simple::util::detail::_any_data&, pair<error_code, long unsigned int>&&)]’,
    inlined from ‘void async_simple::util::move_only_function<RetType(ArgTypes ...)>::swap(async_simple::util::move_only_function<RetType(ArgTypes ...)>&) [with RetType = void; ArgTypes = {std::pair<std::error_code, long unsigned int>}]’ at /usr/local/include/async_simple/util/move_only_function.h:349:18,
    inlined from ‘async_simple::util::move_only_function<RetType(ArgTypes ...)>::move_only_function(async_simple::util::move_only_function<RetType(ArgTypes ...)>&&) [with RetType = void; ArgTypes = {std::pair<std::error_code, long unsigned int>}]’ at /usr/local/include/async_simple/util/move_only_function.h:286:19,
    inlined from ‘async_simple::util::move_only_function<RetType(ArgTypes ...)>& async_simple::util::move_only_function<RetType(ArgTypes ...)>::operator=(async_simple::util::move_only_function<RetType(ArgTypes ...)>&&) [with RetType = void; ArgTypes = {std::pair<std::error_code, long unsigned int>}]’ at /usr/local/include/async_simple/util/move_only_function.h:324:9,
    inlined from ‘void coro_io::detail::ib_socket_shared_state_t::post_recv_impl(callback_t&&)’ at /usr/local/include/ylt/coro_io/ibverbs/ib_socket.hpp:303:33:
/usr/include/c++/12/bits/move.h:205:11: warning: ‘<unnamed>.async_simple::util::move_only_function<void(std::pair<std::error_code, long unsigned int>)>::_m_invoker’ may be used uninitialized [-Wmaybe-uninitialized]
  205 |       __a = _GLIBCXX_MOVE(__b);
      |           ^
/usr/local/include/async_simple/util/move_only_function.h: In member function ‘void coro_io::detail::ib_socket_shared_state_t::post_recv_impl(callback_t&&)’:
/usr/local/include/async_simple/util/move_only_function.h:324:9: note: ‘<anonymous>’ declared here
  324 |         move_only_function(std::move(other)).swap(*this);
      |         ^~~~~~~~~~~~~~~~~~~~~~~~~~~~~~~~~~~~
In function ‘constexpr std::_Require<std::__not_<std::__is_tuple_like<_Tp> >, std::is_move_constructible<_Tp>, std::is_move_assignable<_Tp> > std::swap(_Tp&, _Tp&) [with _Tp = async_simple::util::detail::_any_data]’,
    inlined from ‘void async_simple::util::move_only_function<RetType(ArgTypes ...)>::swap(async_simple::util::move_only_function<RetType(ArgTypes ...)>&) [with RetType = void; ArgTypes = {std::pair<std::error_code, long unsigned int>}]’ at /usr/local/include/async_simple/util/move_only_function.h:347:18,
    inlined from ‘async_simple::util::move_only_function<RetType(ArgTypes ...)>::move_only_function(async_simple::util::move_only_function<RetType(ArgTypes ...)>&&) [with RetType = void; ArgTypes = {std::pair<std::error_code, long unsigned int>}]’ at /usr/local/include/async_simple/util/move_only_function.h:286:19,
    inlined from ‘async_simple::util::move_only_function<RetType(ArgTypes ...)>& async_simple::util::move_only_function<RetType(ArgTypes ...)>::operator=(async_simple::util::move_only_function<RetType(ArgTypes ...)>&&) [with RetType = void; ArgTypes = {std::pair<std::error_code, long unsigned int>}]’ at /usr/local/include/async_simple/util/move_only_function.h:324:9,
    inlined from ‘std::error_code coro_io::detail::ib_socket_shared_state_t::poll_completion()’ at /usr/local/include/ylt/coro_io/ibverbs/ib_socket.hpp:363:51:
/usr/include/c++/12/bits/move.h:205:7: warning: ‘<unnamed>.async_simple::util::move_only_function<void(std::pair<std::error_code, long unsigned int>)>::<unnamed>.async_simple::util::detail::_function_base::_m_functor’ may be used uninitialized [-Wmaybe-uninitialized]
  205 |       __a = _GLIBCXX_MOVE(__b);
      |       ^~~
/usr/local/include/async_simple/util/move_only_function.h: In member function ‘std::error_code coro_io::detail::ib_socket_shared_state_t::poll_completion()’:
/usr/local/include/async_simple/util/move_only_function.h:324:9: note: ‘<anonymous>’ declared here
  324 |         move_only_function(std::move(other)).swap(*this);
      |         ^~~~~~~~~~~~~~~~~~~~~~~~~~~~~~~~~~~~
In function ‘constexpr std::_Require<std::__not_<std::__is_tuple_like<_Tp> >, std::is_move_constructible<_Tp>, std::is_move_assignable<_Tp> > std::swap(_Tp&, _Tp&) [with _Tp = void (*)(const async_simple::util::detail::_any_data&, pair<error_code, long unsigned int>&&)]’,
    inlined from ‘void async_simple::util::move_only_function<RetType(ArgTypes ...)>::swap(async_simple::util::move_only_function<RetType(ArgTypes ...)>&) [with RetType = void; ArgTypes = {std::pair<std::error_code, long unsigned int>}]’ at /usr/local/include/async_simple/util/move_only_function.h:349:18,
    inlined from ‘async_simple::util::move_only_function<RetType(ArgTypes ...)>::move_only_function(async_simple::util::move_only_function<RetType(ArgTypes ...)>&&) [with RetType = void; ArgTypes = {std::pair<std::error_code, long unsigned int>}]’ at /usr/local/include/async_simple/util/move_only_function.h:286:19,
    inlined from ‘async_simple::util::move_only_function<RetType(ArgTypes ...)>& async_simple::util::move_only_function<RetType(ArgTypes ...)>::operator=(async_simple::util::move_only_function<RetType(ArgTypes ...)>&&) [with RetType = void; ArgTypes = {std::pair<std::error_code, long unsigned int>}]’ at /usr/local/include/async_simple/util/move_only_function.h:324:9,
    inlined from ‘std::error_code coro_io::detail::ib_socket_shared_state_t::poll_completion()’ at /usr/local/include/ylt/coro_io/ibverbs/ib_socket.hpp:363:51:
/usr/include/c++/12/bits/move.h:205:11: warning: ‘<unnamed>.async_simple::util::move_only_function<void(std::pair<std::error_code, long unsigned int>)>::_m_invoker’ may be used uninitialized [-Wmaybe-uninitialized]
  205 |       __a = _GLIBCXX_MOVE(__b);
      |           ^
/usr/local/include/async_simple/util/move_only_function.h: In member function ‘std::error_code coro_io::detail::ib_socket_shared_state_t::poll_completion()’:
/usr/local/include/async_simple/util/move_only_function.h:324:9: note: ‘<anonymous>’ declared here
  324 |         move_only_function(std::move(other)).swap(*this);
      |         ^~~~~~~~~~~~~~~~~~~~~~~~~~~~~~~~~~~~
In function ‘constexpr std::_Require<std::__not_<std::__is_tuple_like<_Tp> >, std::is_move_constructible<_Tp>, std::is_move_assignable<_Tp> > std::swap(_Tp&, _Tp&) [with _Tp = async_simple::util::detail::_any_data]’,
    inlined from ‘void async_simple::util::move_only_function<RetType(ArgTypes ...)>::swap(async_simple::util::move_only_function<RetType(ArgTypes ...)>&) [with RetType = void; ArgTypes = {std::pair<std::error_code, long unsigned int>}]’ at /usr/local/include/async_simple/util/move_only_function.h:347:18,
    inlined from ‘async_simple::util::move_only_function<RetType(ArgTypes ...)>::move_only_function(async_simple::util::move_only_function<RetType(ArgTypes ...)>&&) [with RetType = void; ArgTypes = {std::pair<std::error_code, long unsigned int>}]’ at /usr/local/include/async_simple/util/move_only_function.h:286:19,
    inlined from ‘static void coro_io::detail::ib_socket_shared_state_t::resume(std::pair<std::error_code, long unsigned int>&&, callback_t&&)’ at /usr/local/include/ylt/coro_io/ibverbs/ib_socket.hpp:71:41,
    inlined from ‘std::error_code coro_io::detail::ib_socket_shared_state_t::poll_completion()’ at /usr/local/include/ylt/coro_io/ibverbs/ib_socket.hpp:381:15:
/usr/include/c++/12/bits/move.h:205:7: warning: ‘handle_tmp.async_simple::util::move_only_function<void(std::pair<std::error_code, long unsigned int>)>::<unnamed>.async_simple::util::detail::_function_base::_m_functor’ may be used uninitialized [-Wmaybe-uninitialized]
  205 |       __a = _GLIBCXX_MOVE(__b);
      |       ^~~
/usr/local/include/ylt/coro_io/ibverbs/ib_socket.hpp: In member function ‘std::error_code coro_io::detail::ib_socket_shared_state_t::poll_completion()’:
/usr/local/include/ylt/coro_io/ibverbs/ib_socket.hpp:71:12: note: ‘handle_tmp’ declared here
   71 |       auto handle_tmp = std::move(handle);
      |            ^~~~~~~~~~
In function ‘constexpr std::_Require<std::__not_<std::__is_tuple_like<_Tp> >, std::is_move_constructible<_Tp>, std::is_move_assignable<_Tp> > std::swap(_Tp&, _Tp&) [with _Tp = void (*)(const async_simple::util::detail::_any_data&, pair<error_code, long unsigned int>&&)]’,
    inlined from ‘void async_simple::util::move_only_function<RetType(ArgTypes ...)>::swap(async_simple::util::move_only_function<RetType(ArgTypes ...)>&) [with RetType = void; ArgTypes = {std::pair<std::error_code, long unsigned int>}]’ at /usr/local/include/async_simple/util/move_only_function.h:349:18,
    inlined from ‘async_simple::util::move_only_function<RetType(ArgTypes ...)>::move_only_function(async_simple::util::move_only_function<RetType(ArgTypes ...)>&&) [with RetType = void; ArgTypes = {std::pair<std::error_code, long unsigned int>}]’ at /usr/local/include/async_simple/util/move_only_function.h:286:19,
    inlined from ‘static void coro_io::detail::ib_socket_shared_state_t::resume(std::pair<std::error_code, long unsigned int>&&, callback_t&&)’ at /usr/local/include/ylt/coro_io/ibverbs/ib_socket.hpp:71:41,
    inlined from ‘std::error_code coro_io::detail::ib_socket_shared_state_t::poll_completion()’ at /usr/local/include/ylt/coro_io/ibverbs/ib_socket.hpp:381:15:
/usr/include/c++/12/bits/move.h:205:11: warning: ‘handle_tmp.async_simple::util::move_only_function<void(std::pair<std::error_code, long unsigned int>)>::_m_invoker’ may be used uninitialized [-Wmaybe-uninitialized]
  205 |       __a = _GLIBCXX_MOVE(__b);
      |           ^
/usr/local/include/ylt/coro_io/ibverbs/ib_socket.hpp: In member function ‘std::error_code coro_io::detail::ib_socket_shared_state_t::poll_completion()’:
/usr/local/include/ylt/coro_io/ibverbs/ib_socket.hpp:71:12: note: ‘handle_tmp’ declared here
   71 |       auto handle_tmp = std::move(handle);
      |            ^~~~~~~~~~
In function ‘constexpr std::_Require<std::__not_<std::__is_tuple_like<_Tp> >, std::is_move_constructible<_Tp>, std::is_move_assignable<_Tp> > std::swap(_Tp&, _Tp&) [with _Tp = async_simple::util::detail::_any_data]’,
    inlined from ‘void async_simple::util::move_only_function<RetType(ArgTypes ...)>::swap(async_simple::util::move_only_function<RetType(ArgTypes ...)>&) [with RetType = void; ArgTypes = {std::pair<std::error_code, long unsigned int>}]’ at /usr/local/include/async_simple/util/move_only_function.h:347:18,
    inlined from ‘async_simple::util::move_only_function<RetType(ArgTypes ...)>::move_only_function(async_simple::util::move_only_function<RetType(ArgTypes ...)>&&) [with RetType = void; ArgTypes = {std::pair<std::error_code, long unsigned int>}]’ at /usr/local/include/async_simple/util/move_only_function.h:286:19,
    inlined from ‘static void coro_io::detail::ib_socket_shared_state_t::resume(std::pair<std::error_code, long unsigned int>&&, callback_t&&)’ at /usr/local/include/ylt/coro_io/ibverbs/ib_socket.hpp:71:41,
    inlined from ‘std::error_code coro_io::detail::ib_socket_shared_state_t::poll_completion()’ at /usr/local/include/ylt/coro_io/ibverbs/ib_socket.hpp:384:15:
/usr/include/c++/12/bits/move.h:205:7: warning: ‘handle_tmp.async_simple::util::move_only_function<void(std::pair<std::error_code, long unsigned int>)>::<unnamed>.async_simple::util::detail::_function_base::_m_functor’ may be used uninitialized [-Wmaybe-uninitialized]
  205 |       __a = _GLIBCXX_MOVE(__b);
      |       ^~~
/usr/local/include/ylt/coro_io/ibverbs/ib_socket.hpp: In member function ‘std::error_code coro_io::detail::ib_socket_shared_state_t::poll_completion()’:
/usr/local/include/ylt/coro_io/ibverbs/ib_socket.hpp:71:12: note: ‘handle_tmp’ declared here
   71 |       auto handle_tmp = std::move(handle);
      |            ^~~~~~~~~~
In function ‘constexpr std::_Require<std::__not_<std::__is_tuple_like<_Tp> >, std::is_move_constructible<_Tp>, std::is_move_assignable<_Tp> > std::swap(_Tp&, _Tp&) [with _Tp = void (*)(const async_simple::util::detail::_any_data&, pair<error_code, long unsigned int>&&)]’,
    inlined from ‘void async_simple::util::move_only_function<RetType(ArgTypes ...)>::swap(async_simple::util::move_only_function<RetType(ArgTypes ...)>&) [with RetType = void; ArgTypes = {std::pair<std::error_code, long unsigned int>}]’ at /usr/local/include/async_simple/util/move_only_function.h:349:18,
    inlined from ‘async_simple::util::move_only_function<RetType(ArgTypes ...)>::move_only_function(async_simple::util::move_only_function<RetType(ArgTypes ...)>&&) [with RetType = void; ArgTypes = {std::pair<std::error_code, long unsigned int>}]’ at /usr/local/include/async_simple/util/move_only_function.h:286:19,
    inlined from ‘static void coro_io::detail::ib_socket_shared_state_t::resume(std::pair<std::error_code, long unsigned int>&&, callback_t&&)’ at /usr/local/include/ylt/coro_io/ibverbs/ib_socket.hpp:71:41,
    inlined from ‘std::error_code coro_io::detail::ib_socket_shared_state_t::poll_completion()’ at /usr/local/include/ylt/coro_io/ibverbs/ib_socket.hpp:384:15:
/usr/include/c++/12/bits/move.h:205:11: warning: ‘handle_tmp.async_simple::util::move_only_function<void(std::pair<std::error_code, long unsigned int>)>::_m_invoker’ may be used uninitialized [-Wmaybe-uninitialized]
  205 |       __a = _GLIBCXX_MOVE(__b);
      |           ^
/usr/local/include/ylt/coro_io/ibverbs/ib_socket.hpp: In member function ‘std::error_code coro_io::detail::ib_socket_shared_state_t::poll_completion()’:
/usr/local/include/ylt/coro_io/ibverbs/ib_socket.hpp:71:12: note: ‘handle_tmp’ declared here
   71 |       auto handle_tmp = std::move(handle);
      |            ^~~~~~~~~~
In file included from /usr/include/c++/12/bits/exception_ptr.h:43,
                 from /usr/include/c++/12/exception:168,
                 from /usr/include/c++/12/stdexcept:38,
                 from /usr/local/include/async_simple/Common.h:20,
                 from /usr/local/include/async_simple/coro/SyncAwait.h:20,
                 from /home/q00913006/project/mooncake-qyf/mooncake-store/src/dummy_client.cpp:1:
In function ‘constexpr std::_Require<std::__not_<std::__is_tuple_like<_Tp> >, std::is_move_constructible<_Tp>, std::is_move_assignable<_Tp> > std::swap(_Tp&, _Tp&) [with _Tp = async_simple::util::detail::_any_data]’,
    inlined from ‘void async_simple::util::move_only_function<RetType(ArgTypes ...)>::swap(async_simple::util::move_only_function<RetType(ArgTypes ...)>&) [with RetType = void; ArgTypes = {std::pair<std::error_code, long unsigned int>}]’ at /usr/local/include/async_simple/util/move_only_function.h:347:18,
    inlined from ‘async_simple::util::move_only_function<RetType(ArgTypes ...)>::move_only_function(async_simple::util::move_only_function<RetType(ArgTypes ...)>&&) [with RetType = void; ArgTypes = {std::pair<std::error_code, long unsigned int>}]’ at /usr/local/include/async_simple/util/move_only_function.h:286:19,
    inlined from ‘static void coro_io::detail::ib_socket_shared_state_t::resume(std::pair<std::error_code, long unsigned int>&&, callback_t&&)’ at /usr/local/include/ylt/coro_io/ibverbs/ib_socket.hpp:71:41:
/usr/include/c++/12/bits/move.h:205:7: warning: ‘handle_tmp.async_simple::util::move_only_function<void(std::pair<std::error_code, long unsigned int>)>::<unnamed>.async_simple::util::detail::_function_base::_m_functor’ may be used uninitialized [-Wmaybe-uninitialized]
  205 |       __a = _GLIBCXX_MOVE(__b);
      |       ^~~
In file included from /usr/local/include/ylt/coro_io/ibverbs/ib_io.hpp:43,
                 from /usr/local/include/ylt/coro_io/socket_wrapper.hpp:20,
                 from /usr/local/include/ylt/coro_rpc/impl/coro_connection.hpp:42,
                 from /usr/local/include/ylt/coro_rpc/impl/context.hpp:30,
                 from /usr/local/include/ylt/coro_rpc/impl/coro_rpc_client.hpp:55,
                 from /usr/local/include/ylt/coro_rpc/coro_rpc_client.hpp:17,
                 from /home/q00913006/project/mooncake-qyf/mooncake-store/src/dummy_client.cpp:4:
/usr/local/include/ylt/coro_io/ibverbs/ib_socket.hpp: In static member function ‘static void coro_io::detail::ib_socket_shared_state_t::resume(std::pair<std::error_code, long unsigned int>&&, callback_t&&)’:
/usr/local/include/ylt/coro_io/ibverbs/ib_socket.hpp:71:12: note: ‘handle_tmp’ declared here
   71 |       auto handle_tmp = std::move(handle);
      |            ^~~~~~~~~~
In function ‘constexpr std::_Require<std::__not_<std::__is_tuple_like<_Tp> >, std::is_move_constructible<_Tp>, std::is_move_assignable<_Tp> > std::swap(_Tp&, _Tp&) [with _Tp = void (*)(const async_simple::util::detail::_any_data&, pair<error_code, long unsigned int>&&)]’,
    inlined from ‘void async_simple::util::move_only_function<RetType(ArgTypes ...)>::swap(async_simple::util::move_only_function<RetType(ArgTypes ...)>&) [with RetType = void; ArgTypes = {std::pair<std::error_code, long unsigned int>}]’ at /usr/local/include/async_simple/util/move_only_function.h:349:18,
    inlined from ‘async_simple::util::move_only_function<RetType(ArgTypes ...)>::move_only_function(async_simple::util::move_only_function<RetType(ArgTypes ...)>&&) [with RetType = void; ArgTypes = {std::pair<std::error_code, long unsigned int>}]’ at /usr/local/include/async_simple/util/move_only_function.h:286:19,
    inlined from ‘static void coro_io::detail::ib_socket_shared_state_t::resume(std::pair<std::error_code, long unsigned int>&&, callback_t&&)’ at /usr/local/include/ylt/coro_io/ibverbs/ib_socket.hpp:71:41:
/usr/include/c++/12/bits/move.h:205:11: warning: ‘handle_tmp.async_simple::util::move_only_function<void(std::pair<std::error_code, long unsigned int>)>::_m_invoker’ may be used uninitialized [-Wmaybe-uninitialized]
  205 |       __a = _GLIBCXX_MOVE(__b);
      |           ^
/usr/local/include/ylt/coro_io/ibverbs/ib_socket.hpp: In static member function ‘static void coro_io::detail::ib_socket_shared_state_t::resume(std::pair<std::error_code, long unsigned int>&&, callback_t&&)’:
/usr/local/include/ylt/coro_io/ibverbs/ib_socket.hpp:71:12: note: ‘handle_tmp’ declared here
   71 |       auto handle_tmp = std::move(handle);
      |            ^~~~~~~~~~
In function ‘constexpr std::_Require<std::__not_<std::__is_tuple_like<_Tp> >, std::is_move_constructible<_Tp>, std::is_move_assignable<_Tp> > std::swap(_Tp&, _Tp&) [with _Tp = async_simple::util::detail::_any_data]’,
    inlined from ‘void async_simple::util::move_only_function<RetType(ArgTypes ...)>::swap(async_simple::util::move_only_function<RetType(ArgTypes ...)>&) [with RetType = void; ArgTypes = {std::pair<std::error_code, long unsigned int>}]’ at /usr/local/include/async_simple/util/move_only_function.h:347:18,
    inlined from ‘async_simple::util::move_only_function<RetType(ArgTypes ...)>::move_only_function(async_simple::util::move_only_function<RetType(ArgTypes ...)>&&) [with RetType = void; ArgTypes = {std::pair<std::error_code, long unsigned int>}]’ at /usr/local/include/async_simple/util/move_only_function.h:286:19,
    inlined from ‘static void coro_io::detail::ib_socket_shared_state_t::resume(std::pair<std::error_code, long unsigned int>&&, callback_t&&)’ at /usr/local/include/ylt/coro_io/ibverbs/ib_socket.hpp:71:41,
    inlined from ‘void coro_io::ib_socket_t::init_fd()::<lambda(std::shared_ptr<coro_io::detail::ib_socket_shared_state_t>)>::operator()(coro_io::ib_socket_t::init_fd()::<lambda(std::shared_ptr<coro_io::detail::ib_socket_shared_state_t>)>::_ZZN7coro_io11ib_socket_t7init_fdEvENKUlSt10shared_ptrINS_6detail24ib_socket_shared_state_tEEE0_clES4_.Frame*)’ at /usr/local/include/ylt/coro_io/ibverbs/ib_socket.hpp:1062:53:
/usr/include/c++/12/bits/move.h:205:7: warning: ‘handle_tmp.async_simple::util::move_only_function<void(std::pair<std::error_code, long unsigned int>)>::<unnamed>.async_simple::util::detail::_function_base::_m_functor’ may be used uninitialized [-Wmaybe-uninitialized]
  205 |       __a = _GLIBCXX_MOVE(__b);
      |       ^~~
/usr/local/include/ylt/coro_io/ibverbs/ib_socket.hpp: In function ‘void coro_io::ib_socket_t::init_fd()::<lambda(std::shared_ptr<coro_io::detail::ib_socket_shared_state_t>)>::operator()(coro_io::ib_socket_t::init_fd()::<lambda(std::shared_ptr<coro_io::detail::ib_socket_shared_state_t>)>::_ZZN7coro_io11ib_socket_t7init_fdEvENKUlSt10shared_ptrINS_6detail24ib_socket_shared_state_tEEE0_clES4_.Frame*)’:
/usr/local/include/ylt/coro_io/ibverbs/ib_socket.hpp:71:12: note: ‘handle_tmp’ declared here
   71 |       auto handle_tmp = std::move(handle);
      |            ^~~~~~~~~~
In function ‘constexpr std::_Require<std::__not_<std::__is_tuple_like<_Tp> >, std::is_move_constructible<_Tp>, std::is_move_assignable<_Tp> > std::swap(_Tp&, _Tp&) [with _Tp = void (*)(const async_simple::util::detail::_any_data&, pair<error_code, long unsigned int>&&)]’,
    inlined from ‘void async_simple::util::move_only_function<RetType(ArgTypes ...)>::swap(async_simple::util::move_only_function<RetType(ArgTypes ...)>&) [with RetType = void; ArgTypes = {std::pair<std::error_code, long unsigned int>}]’ at /usr/local/include/async_simple/util/move_only_function.h:349:18,
    inlined from ‘async_simple::util::move_only_function<RetType(ArgTypes ...)>::move_only_function(async_simple::util::move_only_function<RetType(ArgTypes ...)>&&) [with RetType = void; ArgTypes = {std::pair<std::error_code, long unsigned int>}]’ at /usr/local/include/async_simple/util/move_only_function.h:286:19,
    inlined from ‘static void coro_io::detail::ib_socket_shared_state_t::resume(std::pair<std::error_code, long unsigned int>&&, callback_t&&)’ at /usr/local/include/ylt/coro_io/ibverbs/ib_socket.hpp:71:41,
    inlined from ‘void coro_io::ib_socket_t::init_fd()::<lambda(std::shared_ptr<coro_io::detail::ib_socket_shared_state_t>)>::operator()(coro_io::ib_socket_t::init_fd()::<lambda(std::shared_ptr<coro_io::detail::ib_socket_shared_state_t>)>::_ZZN7coro_io11ib_socket_t7init_fdEvENKUlSt10shared_ptrINS_6detail24ib_socket_shared_state_tEEE0_clES4_.Frame*)’ at /usr/local/include/ylt/coro_io/ibverbs/ib_socket.hpp:1062:53:
/usr/include/c++/12/bits/move.h:205:11: warning: ‘handle_tmp.async_simple::util::move_only_function<void(std::pair<std::error_code, long unsigned int>)>::_m_invoker’ may be used uninitialized [-Wmaybe-uninitialized]
  205 |       __a = _GLIBCXX_MOVE(__b);
      |           ^
/usr/local/include/ylt/coro_io/ibverbs/ib_socket.hpp: In function ‘void coro_io::ib_socket_t::init_fd()::<lambda(std::shared_ptr<coro_io::detail::ib_socket_shared_state_t>)>::operator()(coro_io::ib_socket_t::init_fd()::<lambda(std::shared_ptr<coro_io::detail::ib_socket_shared_state_t>)>::_ZZN7coro_io11ib_socket_t7init_fdEvENKUlSt10shared_ptrINS_6detail24ib_socket_shared_state_tEEE0_clES4_.Frame*)’:
/usr/local/include/ylt/coro_io/ibverbs/ib_socket.hpp:71:12: note: ‘handle_tmp’ declared here
   71 |       auto handle_tmp = std::move(handle);
      |            ^~~~~~~~~~
In file included from /usr/include/boost/container_hash/hash.hpp:65,
                 from /usr/include/boost/functional/hash.hpp:6,
                 from /home/q00913006/project/mooncake-qyf/mooncake-store/include/client_service.h:4:
In member function ‘constexpr bool std::__detail::__variant::_Variant_storage<false, _Types ...>::_M_valid() const [with _Types = {std::__cxx11::basic_string<char, std::char_traits<char>, std::allocator<char> >, memory_owner_t}]’,
    inlined from ‘constexpr void std::__detail::__variant::_Variant_storage<false, _Types ...>::_M_reset() [with _Types = {std::__cxx11::basic_string<char, std::char_traits<char>, std::allocator<char> >, memory_owner_t}]’ at /usr/include/c++/12/variant:467:15,
    inlined from ‘constexpr std::__detail::__variant::_Variant_storage<false, _Types ...>::~_Variant_storage() [with _Types = {std::__cxx11::basic_string<char, std::char_traits<char>, std::allocator<char> >, memory_owner_t}]’ at /usr/include/c++/12/variant:480:17,
    inlined from ‘constexpr std::__detail::__variant::_Copy_ctor_base<false, std::__cxx11::basic_string<char, std::char_traits<char>, std::allocator<char> >, memory_owner_t>::~_Copy_ctor_base()’ at /usr/include/c++/12/variant:554:12,
    inlined from ‘constexpr std::__detail::__variant::_Move_ctor_base<false, std::__cxx11::basic_string<char, std::char_traits<char>, std::allocator<char> >, memory_owner_t>::~_Move_ctor_base()’ at /usr/include/c++/12/variant:591:12,
    inlined from ‘constexpr std::__detail::__variant::_Copy_assign_base<false, std::__cxx11::basic_string<char, std::char_traits<char>, std::allocator<char> >, memory_owner_t>::~_Copy_assign_base()’ at /usr/include/c++/12/variant:629:12,
    inlined from ‘constexpr std::__detail::__variant::_Move_assign_base<false, std::__cxx11::basic_string<char, std::char_traits<char>, std::allocator<char> >, memory_owner_t>::~_Move_assign_base()’ at /usr/include/c++/12/variant:681:12,
    inlined from ‘constexpr std::__detail::__variant::_Variant_base<std::__cxx11::basic_string<char, std::char_traits<char>, std::allocator<char> >, memory_owner_t>::~_Variant_base()’ at /usr/include/c++/12/variant:735:12,
    inlined from ‘constexpr std::variant<_Types>::~variant() [with _Types = {std::__cxx11::basic_string<char, std::char_traits<char>, std::allocator<char> >, memory_owner_t}]’ at /usr/include/c++/12/variant:1407:28,
    inlined from ‘constexpr coro_io::heterogeneous_buffer::~heterogeneous_buffer()’ at /usr/local/include/ylt/coro_io/heterogeneous_buffer.hpp:29:7,
    inlined from ‘constexpr coro_rpc::resp_body::~resp_body()’ at /usr/local/include/ylt/coro_rpc/impl/coro_rpc_client.hpp:115:8,
    inlined from ‘constexpr coro_rpc::coro_rpc_client::async_rpc_raw_result_value_type::~async_rpc_raw_result_value_type()’ at /usr/local/include/ylt/coro_rpc/impl/coro_rpc_client.hpp:1319:10,
    inlined from ‘constexpr void std::destroy_at(_Tp*) [with _Tp = coro_rpc::coro_rpc_client::async_rpc_raw_result_value_type]’ at /usr/include/c++/12/bits/stl_construct.h:88:18,
    inlined from ‘constexpr void std::_Destroy(_Tp*) [with _Tp = coro_rpc::coro_rpc_client::async_rpc_raw_result_value_type]’ at /usr/include/c++/12/bits/stl_construct.h:149:22,
    inlined from ‘std::__detail::__variant::_Variant_storage<false, coro_rpc::coro_rpc_client::async_rpc_raw_result_value_type, std::error_code>::_M_reset()::<lambda(auto:19&&)> mutable [with auto:19 = coro_rpc::coro_rpc_client::async_rpc_raw_result_value_type&]’ at /usr/include/c++/12/variant:472:19,
    inlined from ‘constexpr _Res std::__invoke_impl(__invoke_other, _Fn&&, _Args&& ...) [with _Res = void; _Fn = __detail::__variant::_Variant_storage<false, coro_rpc::coro_rpc_client::async_rpc_raw_result_value_type, error_code>::_M_reset()::<lambda(auto:19&&)>; _Args = {coro_rpc::coro_rpc_client::async_rpc_raw_result_value_type&}]’ at /usr/include/c++/12/bits/invoke.h:61:36,
    inlined from ‘constexpr std::enable_if_t<is_invocable_r_v<_Res, _Callable, _Args ...>, _Res> std::__invoke_r(_Callable&&, _Args&& ...) [with _Res = void; _Callable = __detail::__variant::_Variant_storage<false, coro_rpc::coro_rpc_client::async_rpc_raw_result_value_type, error_code>::_M_reset()::<lambda(auto:19&&)>; _Args = {coro_rpc::coro_rpc_client::async_rpc_raw_result_value_type&}]’ at /usr/include/c++/12/bits/invoke.h:111:28,
    inlined from ‘static constexpr decltype(auto) std::__detail::__variant::__gen_vtable_impl<std::__detail::__variant::_Multi_array<_Result_type (*)(_Visitor, _Variants ...)>, std::integer_sequence<long unsigned int, __indices ...> >::__visit_invoke(_Visitor&&, _Variants ...) [with _Result_type = void; _Visitor = std::__detail::__variant::_Variant_storage<false, coro_rpc::coro_rpc_client::async_rpc_raw_result_value_type, std::error_code>::_M_reset()::<lambda(auto:19&&)>&&; _Variants = {std::variant<coro_rpc::coro_rpc_client::async_rpc_raw_result_value_type, std::error_code>&}; long unsigned int ...__indices = {0}]’ at /usr/include/c++/12/variant:1035:40,
    inlined from ‘constexpr decltype(auto) std::__do_visit(_Visitor&&, _Variants&& ...) [with _Result_type = void; _Visitor = __detail::__variant::_Variant_storage<false, coro_rpc::coro_rpc_client::async_rpc_raw_result_value_type, error_code>::_M_reset()::<lambda(auto:19&&)>; _Variants = {variant<coro_rpc::coro_rpc_client::async_rpc_raw_result_value_type, error_code>&}]’ at /usr/include/c++/12/variant:1790:5,
    inlined from ‘constexpr decltype(auto) std::__do_visit(_Visitor&&, _Variants&& ...) [with _Result_type = void; _Visitor = __detail::__variant::_Variant_storage<false, coro_rpc::coro_rpc_client::async_rpc_raw_result_value_type, error_code>::_M_reset()::<lambda(auto:19&&)>; _Variants = {variant<coro_rpc::coro_rpc_client::async_rpc_raw_result_value_type, error_code>&}]’ at /usr/include/c++/12/variant:1731:5,
    inlined from ‘constexpr void std::__detail::__variant::_Variant_storage<false, _Types ...>::_M_reset() [with _Types = {coro_rpc::coro_rpc_client::async_rpc_raw_result_value_type, std::error_code}]’ at /usr/include/c++/12/variant:470:23,
    inlined from ‘constexpr std::__detail::__variant::_Variant_storage<false, _Types ...>::~_Variant_storage() [with _Types = {coro_rpc::coro_rpc_client::async_rpc_raw_result_value_type, std::error_code}]’ at /usr/include/c++/12/variant:480:17,
    inlined from ‘constexpr std::__detail::__variant::_Copy_ctor_base<false, coro_rpc::coro_rpc_client::async_rpc_raw_result_value_type, std::error_code>::~_Copy_ctor_base()’ at /usr/include/c++/12/variant:554:12,
    inlined from ‘constexpr std::__detail::__variant::_Move_ctor_base<false, coro_rpc::coro_rpc_client::async_rpc_raw_result_value_type, std::error_code>::~_Move_ctor_base()’ at /usr/include/c++/12/variant:591:12,
    inlined from ‘constexpr std::__detail::__variant::_Copy_assign_base<false, coro_rpc::coro_rpc_client::async_rpc_raw_result_value_type, std::error_code>::~_Copy_assign_base()’ at /usr/include/c++/12/variant:629:12,
    inlined from ‘constexpr std::__detail::__variant::_Move_assign_base<false, coro_rpc::coro_rpc_client::async_rpc_raw_result_value_type, std::error_code>::~_Move_assign_base()’ at /usr/include/c++/12/variant:681:12,
    inlined from ‘constexpr std::__detail::__variant::_Variant_base<coro_rpc::coro_rpc_client::async_rpc_raw_result_value_type, std::error_code>::~_Variant_base()’ at /usr/include/c++/12/variant:735:12,
    inlined from ‘constexpr std::variant<_Types>::~variant() [with _Types = {coro_rpc::coro_rpc_client::async_rpc_raw_result_value_type, std::error_code}]’ at /usr/include/c++/12/variant:1407:28,
    inlined from ‘void coro_rpc::coro_rpc_client::handler_t::local_error(std::error_code&)’ at /usr/local/include/ylt/coro_rpc/impl/coro_rpc_client.hpp:1348:25,
    inlined from ‘static void coro_rpc::coro_rpc_client::send_err_response(control_t*, std::error_code&)’ at /usr/local/include/ylt/coro_rpc/impl/coro_rpc_client.hpp:1458:27:
/usr/include/c++/12/variant:487:22: warning: ‘*(const std::__detail::__variant::_Variant_storage<false, std::__cxx11::basic_string<char, std::char_traits<char>, std::allocator<char> >, memory_owner_t>*)((char*)&<unnamed> + offsetof(std::async_rpc_raw_result, std::variant<coro_rpc::coro_rpc_client::async_rpc_raw_result_value_type, std::error_code>::<unnamed>.std::__detail::__variant::_Variant_base<coro_rpc::coro_rpc_client::async_rpc_raw_result_value_type, std::error_code>::<unnamed>.std::__detail::__variant::_Move_assign_base<false, coro_rpc::coro_rpc_client::async_rpc_raw_result_value_type, std::error_code>::<unnamed>.std::__detail::__variant::_Copy_assign_base<false, coro_rpc::coro_rpc_client::async_rpc_raw_result_value_type, std::error_code>::<unnamed>.std::__detail::__variant::_Move_ctor_base<false, coro_rpc::coro_rpc_client::async_rpc_raw_result_value_type, std::error_code>::<unnamed>.std::__detail::__variant::_Copy_ctor_base<false, coro_rpc::coro_rpc_client::async_rpc_raw_result_value_type, std::error_code>::<unnamed>.std::__detail::__variant::_Variant_storage<false, coro_rpc::coro_rpc_client::async_rpc_raw_result_value_type, std::error_code>::_M_u) + 32).std::__detail::__variant::_Variant_storage<false, std::__cxx11::basic_string<char, std::char_traits<char>, std::allocator<char> >, memory_owner_t>::_M_index’ may be used uninitialized [-Wmaybe-uninitialized]
  487 |         return this->_M_index != __index_type(variant_npos);
      |                ~~~~~~^~~~~~~~
/usr/local/include/ylt/coro_rpc/impl/coro_rpc_client.hpp: In static member function ‘static void coro_rpc::coro_rpc_client::send_err_response(control_t*, std::error_code&)’:
/usr/local/include/ylt/coro_rpc/impl/coro_rpc_client.hpp:1348:48: note: ‘<anonymous>’ declared here
 1348 |       promise_.setValue(async_rpc_raw_result{ec});
      |                                                ^
In file included from /usr/include/c++/12/string:53,
                 from /usr/include/c++/12/stdexcept:39,
                 from /usr/include/c++/12/system_error:41,
                 from /usr/include/c++/12/bits/std_mutex.h:39,
                 from /usr/include/c++/12/bits/atomic_wait.h:49,
                 from /usr/include/c++/12/bits/atomic_base.h:41:
In member function ‘constexpr std::__cxx11::basic_string<_CharT, _Traits, _Alloc>::pointer std::__cxx11::basic_string<_CharT, _Traits, _Alloc>::_M_data() const [with _CharT = char; _Traits = std::char_traits<char>; _Alloc = std::allocator<char>]’,
    inlined from ‘constexpr bool std::__cxx11::basic_string<_CharT, _Traits, _Alloc>::_M_is_local() const [with _CharT = char; _Traits = std::char_traits<char>; _Alloc = std::allocator<char>]’ at /usr/include/c++/12/bits/basic_string.h:275:13,
    inlined from ‘constexpr void std::__cxx11::basic_string<_CharT, _Traits, _Alloc>::_M_dispose() [with _CharT = char; _Traits = std::char_traits<char>; _Alloc = std::allocator<char>]’ at /usr/include/c++/12/bits/basic_string.h:293:18,
    inlined from ‘constexpr std::__cxx11::basic_string<_CharT, _Traits, _Alloc>::~basic_string() [with _CharT = char; _Traits = std::char_traits<char>; _Alloc = std::allocator<char>]’ at /usr/include/c++/12/bits/basic_string.h:803:19,
    inlined from ‘constexpr void std::destroy_at(_Tp*) [with _Tp = __cxx11::basic_string<char>]’ at /usr/include/c++/12/bits/stl_construct.h:88:18,
    inlined from ‘constexpr void std::_Destroy(_Tp*) [with _Tp = __cxx11::basic_string<char>]’ at /usr/include/c++/12/bits/stl_construct.h:149:22,
    inlined from ‘std::__detail::__variant::_Variant_storage<false, std::__cxx11::basic_string<char, std::char_traits<char>, std::allocator<char> >, memory_owner_t>::_M_reset()::<lambda(auto:19&&)> mutable [with auto:19 = std::__cxx11::basic_string<char>&]’ at /usr/include/c++/12/variant:472:19,
    inlined from ‘constexpr _Res std::__invoke_impl(__invoke_other, _Fn&&, _Args&& ...) [with _Res = void; _Fn = __detail::__variant::_Variant_storage<false, __cxx11::basic_string<char, char_traits<char>, allocator<char> >, memory_owner_t>::_M_reset()::<lambda(auto:19&&)>; _Args = {__cxx11::basic_string<char, char_traits<char>, allocator<char> >&}]’ at /usr/include/c++/12/bits/invoke.h:61:36,
    inlined from ‘constexpr std::enable_if_t<is_invocable_r_v<_Res, _Callable, _Args ...>, _Res> std::__invoke_r(_Callable&&, _Args&& ...) [with _Res = void; _Callable = __detail::__variant::_Variant_storage<false, __cxx11::basic_string<char, char_traits<char>, allocator<char> >, memory_owner_t>::_M_reset()::<lambda(auto:19&&)>; _Args = {__cxx11::basic_string<char, char_traits<char>, allocator<char> >&}]’ at /usr/include/c++/12/bits/invoke.h:111:28,
    inlined from ‘static constexpr decltype(auto) std::__detail::__variant::__gen_vtable_impl<std::__detail::__variant::_Multi_array<_Result_type (*)(_Visitor, _Variants ...)>, std::integer_sequence<long unsigned int, __indices ...> >::__visit_invoke(_Visitor&&, _Variants ...) [with _Result_type = void; _Visitor = std::__detail::__variant::_Variant_storage<false, std::__cxx11::basic_string<char, std::char_traits<char>, std::allocator<char> >, memory_owner_t>::_M_reset()::<lambda(auto:19&&)>&&; _Variants = {std::variant<std::__cxx11::basic_string<char, std::char_traits<char>, std::allocator<char> >, memory_owner_t>&}; long unsigned int ...__indices = {0}]’ at /usr/include/c++/12/variant:1035:40,
    inlined from ‘constexpr decltype(auto) std::__do_visit(_Visitor&&, _Variants&& ...) [with _Result_type = void; _Visitor = __detail::__variant::_Variant_storage<false, __cxx11::basic_string<char, char_traits<char>, allocator<char> >, memory_owner_t>::_M_reset()::<lambda(auto:19&&)>; _Variants = {variant<__cxx11::basic_string<char, char_traits<char>, allocator<char> >, memory_owner_t>&}]’ at /usr/include/c++/12/variant:1790:5,
    inlined from ‘constexpr void std::__detail::__variant::_Variant_storage<false, _Types ...>::_M_reset() [with _Types = {std::__cxx11::basic_string<char, std::char_traits<char>, std::allocator<char> >, memory_owner_t}]’ at /usr/include/c++/12/variant:470:23,
    inlined from ‘constexpr std::__detail::__variant::_Variant_storage<false, _Types ...>::~_Variant_storage() [with _Types = {std::__cxx11::basic_string<char, std::char_traits<char>, std::allocator<char> >, memory_owner_t}]’ at /usr/include/c++/12/variant:480:17,
    inlined from ‘constexpr std::__detail::__variant::_Copy_ctor_base<false, std::__cxx11::basic_string<char, std::char_traits<char>, std::allocator<char> >, memory_owner_t>::~_Copy_ctor_base()’ at /usr/include/c++/12/variant:554:12,
    inlined from ‘constexpr std::__detail::__variant::_Move_ctor_base<false, std::__cxx11::basic_string<char, std::char_traits<char>, std::allocator<char> >, memory_owner_t>::~_Move_ctor_base()’ at /usr/include/c++/12/variant:591:12,
    inlined from ‘constexpr std::__detail::__variant::_Copy_assign_base<false, std::__cxx11::basic_string<char, std::char_traits<char>, std::allocator<char> >, memory_owner_t>::~_Copy_assign_base()’ at /usr/include/c++/12/variant:629:12,
    inlined from ‘constexpr std::__detail::__variant::_Move_assign_base<false, std::__cxx11::basic_string<char, std::char_traits<char>, std::allocator<char> >, memory_owner_t>::~_Move_assign_base()’ at /usr/include/c++/12/variant:681:12,
    inlined from ‘constexpr std::__detail::__variant::_Variant_base<std::__cxx11::basic_string<char, std::char_traits<char>, std::allocator<char> >, memory_owner_t>::~_Variant_base()’ at /usr/include/c++/12/variant:735:12,
    inlined from ‘constexpr std::variant<_Types>::~variant() [with _Types = {std::__cxx11::basic_string<char, std::char_traits<char>, std::allocator<char> >, memory_owner_t}]’ at /usr/include/c++/12/variant:1407:28,
    inlined from ‘constexpr coro_io::heterogeneous_buffer::~heterogeneous_buffer()’ at /usr/local/include/ylt/coro_io/heterogeneous_buffer.hpp:29:7,
    inlined from ‘constexpr coro_rpc::resp_body::~resp_body()’ at /usr/local/include/ylt/coro_rpc/impl/coro_rpc_client.hpp:115:8,
    inlined from ‘constexpr coro_rpc::coro_rpc_client::async_rpc_raw_result_value_type::~async_rpc_raw_result_value_type()’ at /usr/local/include/ylt/coro_rpc/impl/coro_rpc_client.hpp:1319:10,
    inlined from ‘constexpr void std::destroy_at(_Tp*) [with _Tp = coro_rpc::coro_rpc_client::async_rpc_raw_result_value_type]’ at /usr/include/c++/12/bits/stl_construct.h:88:18,
    inlined from ‘constexpr void std::_Destroy(_Tp*) [with _Tp = coro_rpc::coro_rpc_client::async_rpc_raw_result_value_type]’ at /usr/include/c++/12/bits/stl_construct.h:149:22,
    inlined from ‘std::__detail::__variant::_Variant_storage<false, coro_rpc::coro_rpc_client::async_rpc_raw_result_value_type, std::error_code>::_M_reset()::<lambda(auto:19&&)> mutable [with auto:19 = coro_rpc::coro_rpc_client::async_rpc_raw_result_value_type&]’ at /usr/include/c++/12/variant:472:19,
    inlined from ‘constexpr _Res std::__invoke_impl(__invoke_other, _Fn&&, _Args&& ...) [with _Res = void; _Fn = __detail::__variant::_Variant_storage<false, coro_rpc::coro_rpc_client::async_rpc_raw_result_value_type, error_code>::_M_reset()::<lambda(auto:19&&)>; _Args = {coro_rpc::coro_rpc_client::async_rpc_raw_result_value_type&}]’ at /usr/include/c++/12/bits/invoke.h:61:36,
    inlined from ‘constexpr std::enable_if_t<is_invocable_r_v<_Res, _Callable, _Args ...>, _Res> std::__invoke_r(_Callable&&, _Args&& ...) [with _Res = void; _Callable = __detail::__variant::_Variant_storage<false, coro_rpc::coro_rpc_client::async_rpc_raw_result_value_type, error_code>::_M_reset()::<lambda(auto:19&&)>; _Args = {coro_rpc::coro_rpc_client::async_rpc_raw_result_value_type&}]’ at /usr/include/c++/12/bits/invoke.h:111:28,
    inlined from ‘static constexpr decltype(auto) std::__detail::__variant::__gen_vtable_impl<std::__detail::__variant::_Multi_array<_Result_type (*)(_Visitor, _Variants ...)>, std::integer_sequence<long unsigned int, __indices ...> >::__visit_invoke(_Visitor&&, _Variants ...) [with _Result_type = void; _Visitor = std::__detail::__variant::_Variant_storage<false, coro_rpc::coro_rpc_client::async_rpc_raw_result_value_type, std::error_code>::_M_reset()::<lambda(auto:19&&)>&&; _Variants = {std::variant<coro_rpc::coro_rpc_client::async_rpc_raw_result_value_type, std::error_code>&}; long unsigned int ...__indices = {0}]’ at /usr/include/c++/12/variant:1035:40,
    inlined from ‘constexpr decltype(auto) std::__do_visit(_Visitor&&, _Variants&& ...) [with _Result_type = void; _Visitor = __detail::__variant::_Variant_storage<false, coro_rpc::coro_rpc_client::async_rpc_raw_result_value_type, error_code>::_M_reset()::<lambda(auto:19&&)>; _Variants = {variant<coro_rpc::coro_rpc_client::async_rpc_raw_result_value_type, error_code>&}]’ at /usr/include/c++/12/variant:1790:5,
    inlined from ‘constexpr decltype(auto) std::__do_visit(_Visitor&&, _Variants&& ...) [with _Result_type = void; _Visitor = __detail::__variant::_Variant_storage<false, coro_rpc::coro_rpc_client::async_rpc_raw_result_value_type, error_code>::_M_reset()::<lambda(auto:19&&)>; _Variants = {variant<coro_rpc::coro_rpc_client::async_rpc_raw_result_value_type, error_code>&}]’ at /usr/include/c++/12/variant:1731:5,
    inlined from ‘constexpr void std::__detail::__variant::_Variant_storage<false, _Types ...>::_M_reset() [with _Types = {coro_rpc::coro_rpc_client::async_rpc_raw_result_value_type, std::error_code}]’ at /usr/include/c++/12/variant:470:23,
    inlined from ‘constexpr std::__detail::__variant::_Variant_storage<false, _Types ...>::~_Variant_storage() [with _Types = {coro_rpc::coro_rpc_client::async_rpc_raw_result_value_type, std::error_code}]’ at /usr/include/c++/12/variant:480:17,
    inlined from ‘constexpr std::__detail::__variant::_Copy_ctor_base<false, coro_rpc::coro_rpc_client::async_rpc_raw_result_value_type, std::error_code>::~_Copy_ctor_base()’ at /usr/include/c++/12/variant:554:12,
    inlined from ‘constexpr std::__detail::__variant::_Move_ctor_base<false, coro_rpc::coro_rpc_client::async_rpc_raw_result_value_type, std::error_code>::~_Move_ctor_base()’ at /usr/include/c++/12/variant:591:12,
    inlined from ‘constexpr std::__detail::__variant::_Copy_assign_base<false, coro_rpc::coro_rpc_client::async_rpc_raw_result_value_type, std::error_code>::~_Copy_assign_base()’ at /usr/include/c++/12/variant:629:12,
    inlined from ‘constexpr std::__detail::__variant::_Move_assign_base<false, coro_rpc::coro_rpc_client::async_rpc_raw_result_value_type, std::error_code>::~_Move_assign_base()’ at /usr/include/c++/12/variant:681:12,
    inlined from ‘constexpr std::__detail::__variant::_Variant_base<coro_rpc::coro_rpc_client::async_rpc_raw_result_value_type, std::error_code>::~_Variant_base()’ at /usr/include/c++/12/variant:735:12,
    inlined from ‘constexpr std::variant<_Types>::~variant() [with _Types = {coro_rpc::coro_rpc_client::async_rpc_raw_result_value_type, std::error_code}]’ at /usr/include/c++/12/variant:1407:28,
    inlined from ‘void coro_rpc::coro_rpc_client::handler_t::local_error(std::error_code&)’ at /usr/local/include/ylt/coro_rpc/impl/coro_rpc_client.hpp:1348:25,
    inlined from ‘static void coro_rpc::coro_rpc_client::send_err_response(control_t*, std::error_code&)’ at /usr/local/include/ylt/coro_rpc/impl/coro_rpc_client.hpp:1458:27:
/usr/include/c++/12/bits/basic_string.h:234:28: warning: ‘((const std::__cxx11::basic_string<char, std::char_traits<char>, std::allocator<char> >*)((char*)&<unnamed> + offsetof(std::async_rpc_raw_result, std::variant<coro_rpc::coro_rpc_client::async_rpc_raw_result_value_type, std::error_code>::<unnamed>.std::__detail::__variant::_Variant_base<coro_rpc::coro_rpc_client::async_rpc_raw_result_value_type, std::error_code>::<unnamed>.std::__detail::__variant::_Move_assign_base<false, coro_rpc::coro_rpc_client::async_rpc_raw_result_value_type, std::error_code>::<unnamed>.std::__detail::__variant::_Copy_assign_base<false, coro_rpc::coro_rpc_client::async_rpc_raw_result_value_type, std::error_code>::<unnamed>.std::__detail::__variant::_Move_ctor_base<false, coro_rpc::coro_rpc_client::async_rpc_raw_result_value_type, std::error_code>::<unnamed>.std::__detail::__variant::_Copy_ctor_base<false, coro_rpc::coro_rpc_client::async_rpc_raw_result_value_type, std::error_code>::<unnamed>.std::__detail::__variant::_Variant_storage<false, coro_rpc::coro_rpc_client::async_rpc_raw_result_value_type, std::error_code>::_M_u)))[1].std::__cxx11::basic_string<char>::_M_dataplus.std::__cxx11::basic_string<char>::_Alloc_hider::_M_p’ may be used uninitialized [-Wmaybe-uninitialized]
  234 |       { return _M_dataplus._M_p; }
      |                            ^~~~
/usr/local/include/ylt/coro_rpc/impl/coro_rpc_client.hpp: In static member function ‘static void coro_rpc::coro_rpc_client::send_err_response(control_t*, std::error_code&)’:
/usr/local/include/ylt/coro_rpc/impl/coro_rpc_client.hpp:1348:48: note: ‘<anonymous>’ declared here
 1348 |       promise_.setValue(async_rpc_raw_result{ec});
      |                                                ^
In member function ‘constexpr void std::__cxx11::basic_string<_CharT, _Traits, _Alloc>::_M_dispose() [with _CharT = char; _Traits = std::char_traits<char>; _Alloc = std::allocator<char>]’,
    inlined from ‘constexpr std::__cxx11::basic_string<_CharT, _Traits, _Alloc>::~basic_string() [with _CharT = char; _Traits = std::char_traits<char>; _Alloc = std::allocator<char>]’ at /usr/include/c++/12/bits/basic_string.h:803:19,
    inlined from ‘constexpr void std::destroy_at(_Tp*) [with _Tp = __cxx11::basic_string<char>]’ at /usr/include/c++/12/bits/stl_construct.h:88:18,
    inlined from ‘constexpr void std::_Destroy(_Tp*) [with _Tp = __cxx11::basic_string<char>]’ at /usr/include/c++/12/bits/stl_construct.h:149:22,
    inlined from ‘std::__detail::__variant::_Variant_storage<false, std::__cxx11::basic_string<char, std::char_traits<char>, std::allocator<char> >, memory_owner_t>::_M_reset()::<lambda(auto:19&&)> mutable [with auto:19 = std::__cxx11::basic_string<char>&]’ at /usr/include/c++/12/variant:472:19,
    inlined from ‘constexpr _Res std::__invoke_impl(__invoke_other, _Fn&&, _Args&& ...) [with _Res = void; _Fn = __detail::__variant::_Variant_storage<false, __cxx11::basic_string<char, char_traits<char>, allocator<char> >, memory_owner_t>::_M_reset()::<lambda(auto:19&&)>; _Args = {__cxx11::basic_string<char, char_traits<char>, allocator<char> >&}]’ at /usr/include/c++/12/bits/invoke.h:61:36,
    inlined from ‘constexpr std::enable_if_t<is_invocable_r_v<_Res, _Callable, _Args ...>, _Res> std::__invoke_r(_Callable&&, _Args&& ...) [with _Res = void; _Callable = __detail::__variant::_Variant_storage<false, __cxx11::basic_string<char, char_traits<char>, allocator<char> >, memory_owner_t>::_M_reset()::<lambda(auto:19&&)>; _Args = {__cxx11::basic_string<char, char_traits<char>, allocator<char> >&}]’ at /usr/include/c++/12/bits/invoke.h:111:28,
    inlined from ‘static constexpr decltype(auto) std::__detail::__variant::__gen_vtable_impl<std::__detail::__variant::_Multi_array<_Result_type (*)(_Visitor, _Variants ...)>, std::integer_sequence<long unsigned int, __indices ...> >::__visit_invoke(_Visitor&&, _Variants ...) [with _Result_type = void; _Visitor = std::__detail::__variant::_Variant_storage<false, std::__cxx11::basic_string<char, std::char_traits<char>, std::allocator<char> >, memory_owner_t>::_M_reset()::<lambda(auto:19&&)>&&; _Variants = {std::variant<std::__cxx11::basic_string<char, std::char_traits<char>, std::allocator<char> >, memory_owner_t>&}; long unsigned int ...__indices = {0}]’ at /usr/include/c++/12/variant:1035:40,
    inlined from ‘constexpr decltype(auto) std::__do_visit(_Visitor&&, _Variants&& ...) [with _Result_type = void; _Visitor = __detail::__variant::_Variant_storage<false, __cxx11::basic_string<char, char_traits<char>, allocator<char> >, memory_owner_t>::_M_reset()::<lambda(auto:19&&)>; _Variants = {variant<__cxx11::basic_string<char, char_traits<char>, allocator<char> >, memory_owner_t>&}]’ at /usr/include/c++/12/variant:1790:5,
    inlined from ‘constexpr void std::__detail::__variant::_Variant_storage<false, _Types ...>::_M_reset() [with _Types = {std::__cxx11::basic_string<char, std::char_traits<char>, std::allocator<char> >, memory_owner_t}]’ at /usr/include/c++/12/variant:470:23,
    inlined from ‘constexpr std::__detail::__variant::_Variant_storage<false, _Types ...>::~_Variant_storage() [with _Types = {std::__cxx11::basic_string<char, std::char_traits<char>, std::allocator<char> >, memory_owner_t}]’ at /usr/include/c++/12/variant:480:17,
    inlined from ‘constexpr std::__detail::__variant::_Copy_ctor_base<false, std::__cxx11::basic_string<char, std::char_traits<char>, std::allocator<char> >, memory_owner_t>::~_Copy_ctor_base()’ at /usr/include/c++/12/variant:554:12,
    inlined from ‘constexpr std::__detail::__variant::_Move_ctor_base<false, std::__cxx11::basic_string<char, std::char_traits<char>, std::allocator<char> >, memory_owner_t>::~_Move_ctor_base()’ at /usr/include/c++/12/variant:591:12,
    inlined from ‘constexpr std::__detail::__variant::_Copy_assign_base<false, std::__cxx11::basic_string<char, std::char_traits<char>, std::allocator<char> >, memory_owner_t>::~_Copy_assign_base()’ at /usr/include/c++/12/variant:629:12,
    inlined from ‘constexpr std::__detail::__variant::_Move_assign_base<false, std::__cxx11::basic_string<char, std::char_traits<char>, std::allocator<char> >, memory_owner_t>::~_Move_assign_base()’ at /usr/include/c++/12/variant:681:12,
    inlined from ‘constexpr std::__detail::__variant::_Variant_base<std::__cxx11::basic_string<char, std::char_traits<char>, std::allocator<char> >, memory_owner_t>::~_Variant_base()’ at /usr/include/c++/12/variant:735:12,
    inlined from ‘constexpr std::variant<_Types>::~variant() [with _Types = {std::__cxx11::basic_string<char, std::char_traits<char>, std::allocator<char> >, memory_owner_t}]’ at /usr/include/c++/12/variant:1407:28,
    inlined from ‘constexpr coro_io::heterogeneous_buffer::~heterogeneous_buffer()’ at /usr/local/include/ylt/coro_io/heterogeneous_buffer.hpp:29:7,
    inlined from ‘constexpr coro_rpc::resp_body::~resp_body()’ at /usr/local/include/ylt/coro_rpc/impl/coro_rpc_client.hpp:115:8,
    inlined from ‘constexpr coro_rpc::coro_rpc_client::async_rpc_raw_result_value_type::~async_rpc_raw_result_value_type()’ at /usr/local/include/ylt/coro_rpc/impl/coro_rpc_client.hpp:1319:10,
    inlined from ‘constexpr void std::destroy_at(_Tp*) [with _Tp = coro_rpc::coro_rpc_client::async_rpc_raw_result_value_type]’ at /usr/include/c++/12/bits/stl_construct.h:88:18,
    inlined from ‘constexpr void std::_Destroy(_Tp*) [with _Tp = coro_rpc::coro_rpc_client::async_rpc_raw_result_value_type]’ at /usr/include/c++/12/bits/stl_construct.h:149:22,
    inlined from ‘std::__detail::__variant::_Variant_storage<false, coro_rpc::coro_rpc_client::async_rpc_raw_result_value_type, std::error_code>::_M_reset()::<lambda(auto:19&&)> mutable [with auto:19 = coro_rpc::coro_rpc_client::async_rpc_raw_result_value_type&]’ at /usr/include/c++/12/variant:472:19,
    inlined from ‘constexpr _Res std::__invoke_impl(__invoke_other, _Fn&&, _Args&& ...) [with _Res = void; _Fn = __detail::__variant::_Variant_storage<false, coro_rpc::coro_rpc_client::async_rpc_raw_result_value_type, error_code>::_M_reset()::<lambda(auto:19&&)>; _Args = {coro_rpc::coro_rpc_client::async_rpc_raw_result_value_type&}]’ at /usr/include/c++/12/bits/invoke.h:61:36,
    inlined from ‘constexpr std::enable_if_t<is_invocable_r_v<_Res, _Callable, _Args ...>, _Res> std::__invoke_r(_Callable&&, _Args&& ...) [with _Res = void; _Callable = __detail::__variant::_Variant_storage<false, coro_rpc::coro_rpc_client::async_rpc_raw_result_value_type, error_code>::_M_reset()::<lambda(auto:19&&)>; _Args = {coro_rpc::coro_rpc_client::async_rpc_raw_result_value_type&}]’ at /usr/include/c++/12/bits/invoke.h:111:28,
    inlined from ‘static constexpr decltype(auto) std::__detail::__variant::__gen_vtable_impl<std::__detail::__variant::_Multi_array<_Result_type (*)(_Visitor, _Variants ...)>, std::integer_sequence<long unsigned int, __indices ...> >::__visit_invoke(_Visitor&&, _Variants ...) [with _Result_type = void; _Visitor = std::__detail::__variant::_Variant_storage<false, coro_rpc::coro_rpc_client::async_rpc_raw_result_value_type, std::error_code>::_M_reset()::<lambda(auto:19&&)>&&; _Variants = {std::variant<coro_rpc::coro_rpc_client::async_rpc_raw_result_value_type, std::error_code>&}; long unsigned int ...__indices = {0}]’ at /usr/include/c++/12/variant:1035:40,
    inlined from ‘constexpr decltype(auto) std::__do_visit(_Visitor&&, _Variants&& ...) [with _Result_type = void; _Visitor = __detail::__variant::_Variant_storage<false, coro_rpc::coro_rpc_client::async_rpc_raw_result_value_type, error_code>::_M_reset()::<lambda(auto:19&&)>; _Variants = {variant<coro_rpc::coro_rpc_client::async_rpc_raw_result_value_type, error_code>&}]’ at /usr/include/c++/12/variant:1790:5,
    inlined from ‘constexpr decltype(auto) std::__do_visit(_Visitor&&, _Variants&& ...) [with _Result_type = void; _Visitor = __detail::__variant::_Variant_storage<false, coro_rpc::coro_rpc_client::async_rpc_raw_result_value_type, error_code>::_M_reset()::<lambda(auto:19&&)>; _Variants = {variant<coro_rpc::coro_rpc_client::async_rpc_raw_result_value_type, error_code>&}]’ at /usr/include/c++/12/variant:1731:5,
    inlined from ‘constexpr void std::__detail::__variant::_Variant_storage<false, _Types ...>::_M_reset() [with _Types = {coro_rpc::coro_rpc_client::async_rpc_raw_result_value_type, std::error_code}]’ at /usr/include/c++/12/variant:470:23,
    inlined from ‘constexpr std::__detail::__variant::_Variant_storage<false, _Types ...>::~_Variant_storage() [with _Types = {coro_rpc::coro_rpc_client::async_rpc_raw_result_value_type, std::error_code}]’ at /usr/include/c++/12/variant:480:17,
    inlined from ‘constexpr std::__detail::__variant::_Copy_ctor_base<false, coro_rpc::coro_rpc_client::async_rpc_raw_result_value_type, std::error_code>::~_Copy_ctor_base()’ at /usr/include/c++/12/variant:554:12,
    inlined from ‘constexpr std::__detail::__variant::_Move_ctor_base<false, coro_rpc::coro_rpc_client::async_rpc_raw_result_value_type, std::error_code>::~_Move_ctor_base()’ at /usr/include/c++/12/variant:591:12,
    inlined from ‘constexpr std::__detail::__variant::_Copy_assign_base<false, coro_rpc::coro_rpc_client::async_rpc_raw_result_value_type, std::error_code>::~_Copy_assign_base()’ at /usr/include/c++/12/variant:629:12,
    inlined from ‘constexpr std::__detail::__variant::_Move_assign_base<false, coro_rpc::coro_rpc_client::async_rpc_raw_result_value_type, std::error_code>::~_Move_assign_base()’ at /usr/include/c++/12/variant:681:12,
    inlined from ‘constexpr std::__detail::__variant::_Variant_base<coro_rpc::coro_rpc_client::async_rpc_raw_result_value_type, std::error_code>::~_Variant_base()’ at /usr/include/c++/12/variant:735:12,
    inlined from ‘constexpr std::variant<_Types>::~variant() [with _Types = {coro_rpc::coro_rpc_client::async_rpc_raw_result_value_type, std::error_code}]’ at /usr/include/c++/12/variant:1407:28,
    inlined from ‘void coro_rpc::coro_rpc_client::handler_t::local_error(std::error_code&)’ at /usr/local/include/ylt/coro_rpc/impl/coro_rpc_client.hpp:1348:25,
    inlined from ‘static void coro_rpc::coro_rpc_client::send_err_response(control_t*, std::error_code&)’ at /usr/local/include/ylt/coro_rpc/impl/coro_rpc_client.hpp:1458:27:
/usr/include/c++/12/bits/basic_string.h:294:21: warning: ‘((std::__cxx11::basic_string<char, std::char_traits<char>, std::allocator<char> >*)((char*)&<unnamed> + offsetof(std::async_rpc_raw_result, std::variant<coro_rpc::coro_rpc_client::async_rpc_raw_result_value_type, std::error_code>::<unnamed>.std::__detail::__variant::_Variant_base<coro_rpc::coro_rpc_client::async_rpc_raw_result_value_type, std::error_code>::<unnamed>.std::__detail::__variant::_Move_assign_base<false, coro_rpc::coro_rpc_client::async_rpc_raw_result_value_type, std::error_code>::<unnamed>.std::__detail::__variant::_Copy_assign_base<false, coro_rpc::coro_rpc_client::async_rpc_raw_result_value_type, std::error_code>::<unnamed>.std::__detail::__variant::_Move_ctor_base<false, coro_rpc::coro_rpc_client::async_rpc_raw_result_value_type, std::error_code>::<unnamed>.std::__detail::__variant::_Copy_ctor_base<false, coro_rpc::coro_rpc_client::async_rpc_raw_result_value_type, std::error_code>::<unnamed>.std::__detail::__variant::_Variant_storage<false, coro_rpc::coro_rpc_client::async_rpc_raw_result_value_type, std::error_code>::_M_u)))[1].std::__cxx11::basic_string<char>::<anonymous>.std::__cxx11::basic_string<char>::<unnamed union>::_M_allocated_capacity’ may be used uninitialized [-Wmaybe-uninitialized]
  294 |           _M_destroy(_M_allocated_capacity);
      |           ~~~~~~~~~~^~~~~~~~~~~~~~~~~~~~~~~
/usr/local/include/ylt/coro_rpc/impl/coro_rpc_client.hpp: In static member function ‘static void coro_rpc::coro_rpc_client::send_err_response(control_t*, std::error_code&)’:
/usr/local/include/ylt/coro_rpc/impl/coro_rpc_client.hpp:1348:48: note: ‘<anonymous>’ declared here
 1348 |       promise_.setValue(async_rpc_raw_result{ec});
      |                                                ^
In file included from /usr/local/include/ylt/coro_io/heterogeneous_buffer.hpp:19,
                 from /usr/local/include/ylt/coro_rpc/impl/coro_connection.hpp:41:
In destructor ‘memory_owner_t::~memory_owner_t()’,
    inlined from ‘constexpr void std::destroy_at(_Tp*) [with _Tp = memory_owner_t]’ at /usr/include/c++/12/bits/stl_construct.h:88:18,
    inlined from ‘constexpr void std::_Destroy(_Tp*) [with _Tp = memory_owner_t]’ at /usr/include/c++/12/bits/stl_construct.h:149:22,
    inlined from ‘std::__detail::__variant::_Variant_storage<false, std::__cxx11::basic_string<char, std::char_traits<char>, std::allocator<char> >, memory_owner_t>::_M_reset()::<lambda(auto:19&&)> mutable [with auto:19 = memory_owner_t&]’ at /usr/include/c++/12/variant:472:19,
    inlined from ‘constexpr _Res std::__invoke_impl(__invoke_other, _Fn&&, _Args&& ...) [with _Res = void; _Fn = __detail::__variant::_Variant_storage<false, __cxx11::basic_string<char, char_traits<char>, allocator<char> >, memory_owner_t>::_M_reset()::<lambda(auto:19&&)>; _Args = {memory_owner_t&}]’ at /usr/include/c++/12/bits/invoke.h:61:36,
    inlined from ‘constexpr std::enable_if_t<is_invocable_r_v<_Res, _Callable, _Args ...>, _Res> std::__invoke_r(_Callable&&, _Args&& ...) [with _Res = void; _Callable = __detail::__variant::_Variant_storage<false, __cxx11::basic_string<char, char_traits<char>, allocator<char> >, memory_owner_t>::_M_reset()::<lambda(auto:19&&)>; _Args = {memory_owner_t&}]’ at /usr/include/c++/12/bits/invoke.h:111:28,
    inlined from ‘static constexpr decltype(auto) std::__detail::__variant::__gen_vtable_impl<std::__detail::__variant::_Multi_array<_Result_type (*)(_Visitor, _Variants ...)>, std::integer_sequence<long unsigned int, __indices ...> >::__visit_invoke(_Visitor&&, _Variants ...) [with _Result_type = void; _Visitor = std::__detail::__variant::_Variant_storage<false, std::__cxx11::basic_string<char, std::char_traits<char>, std::allocator<char> >, memory_owner_t>::_M_reset()::<lambda(auto:19&&)>&&; _Variants = {std::variant<std::__cxx11::basic_string<char, std::char_traits<char>, std::allocator<char> >, memory_owner_t>&}; long unsigned int ...__indices = {1}]’ at /usr/include/c++/12/variant:1035:40,
    inlined from ‘constexpr decltype(auto) std::__do_visit(_Visitor&&, _Variants&& ...) [with _Result_type = void; _Visitor = __detail::__variant::_Variant_storage<false, __cxx11::basic_string<char, char_traits<char>, allocator<char> >, memory_owner_t>::_M_reset()::<lambda(auto:19&&)>; _Variants = {variant<__cxx11::basic_string<char, char_traits<char>, allocator<char> >, memory_owner_t>&}]’ at /usr/include/c++/12/variant:1791:5,
    inlined from ‘constexpr void std::__detail::__variant::_Variant_storage<false, _Types ...>::_M_reset() [with _Types = {std::__cxx11::basic_string<char, std::char_traits<char>, std::allocator<char> >, memory_owner_t}]’ at /usr/include/c++/12/variant:470:23,
    inlined from ‘constexpr std::__detail::__variant::_Variant_storage<false, _Types ...>::~_Variant_storage() [with _Types = {std::__cxx11::basic_string<char, std::char_traits<char>, std::allocator<char> >, memory_owner_t}]’ at /usr/include/c++/12/variant:480:17,
    inlined from ‘constexpr std::__detail::__variant::_Copy_ctor_base<false, std::__cxx11::basic_string<char, std::char_traits<char>, std::allocator<char> >, memory_owner_t>::~_Copy_ctor_base()’ at /usr/include/c++/12/variant:554:12,
    inlined from ‘constexpr std::__detail::__variant::_Move_ctor_base<false, std::__cxx11::basic_string<char, std::char_traits<char>, std::allocator<char> >, memory_owner_t>::~_Move_ctor_base()’ at /usr/include/c++/12/variant:591:12,
    inlined from ‘constexpr std::__detail::__variant::_Copy_assign_base<false, std::__cxx11::basic_string<char, std::char_traits<char>, std::allocator<char> >, memory_owner_t>::~_Copy_assign_base()’ at /usr/include/c++/12/variant:629:12,
    inlined from ‘constexpr std::__detail::__variant::_Move_assign_base<false, std::__cxx11::basic_string<char, std::char_traits<char>, std::allocator<char> >, memory_owner_t>::~_Move_assign_base()’ at /usr/include/c++/12/variant:681:12,
    inlined from ‘constexpr std::__detail::__variant::_Variant_base<std::__cxx11::basic_string<char, std::char_traits<char>, std::allocator<char> >, memory_owner_t>::~_Variant_base()’ at /usr/include/c++/12/variant:735:12,
    inlined from ‘constexpr std::variant<_Types>::~variant() [with _Types = {std::__cxx11::basic_string<char, std::char_traits<char>, std::allocator<char> >, memory_owner_t}]’ at /usr/include/c++/12/variant:1407:28,
    inlined from ‘constexpr coro_io::heterogeneous_buffer::~heterogeneous_buffer()’ at /usr/local/include/ylt/coro_io/heterogeneous_buffer.hpp:29:7,
    inlined from ‘constexpr coro_rpc::resp_body::~resp_body()’ at /usr/local/include/ylt/coro_rpc/impl/coro_rpc_client.hpp:115:8,
    inlined from ‘constexpr coro_rpc::coro_rpc_client::async_rpc_raw_result_value_type::~async_rpc_raw_result_value_type()’ at /usr/local/include/ylt/coro_rpc/impl/coro_rpc_client.hpp:1319:10,
    inlined from ‘constexpr void std::destroy_at(_Tp*) [with _Tp = coro_rpc::coro_rpc_client::async_rpc_raw_result_value_type]’ at /usr/include/c++/12/bits/stl_construct.h:88:18,
    inlined from ‘constexpr void std::_Destroy(_Tp*) [with _Tp = coro_rpc::coro_rpc_client::async_rpc_raw_result_value_type]’ at /usr/include/c++/12/bits/stl_construct.h:149:22,
    inlined from ‘std::__detail::__variant::_Variant_storage<false, coro_rpc::coro_rpc_client::async_rpc_raw_result_value_type, std::error_code>::_M_reset()::<lambda(auto:19&&)> mutable [with auto:19 = coro_rpc::coro_rpc_client::async_rpc_raw_result_value_type&]’ at /usr/include/c++/12/variant:472:19,
    inlined from ‘constexpr _Res std::__invoke_impl(__invoke_other, _Fn&&, _Args&& ...) [with _Res = void; _Fn = __detail::__variant::_Variant_storage<false, coro_rpc::coro_rpc_client::async_rpc_raw_result_value_type, error_code>::_M_reset()::<lambda(auto:19&&)>; _Args = {coro_rpc::coro_rpc_client::async_rpc_raw_result_value_type&}]’ at /usr/include/c++/12/bits/invoke.h:61:36,
    inlined from ‘constexpr std::enable_if_t<is_invocable_r_v<_Res, _Callable, _Args ...>, _Res> std::__invoke_r(_Callable&&, _Args&& ...) [with _Res = void; _Callable = __detail::__variant::_Variant_storage<false, coro_rpc::coro_rpc_client::async_rpc_raw_result_value_type, error_code>::_M_reset()::<lambda(auto:19&&)>; _Args = {coro_rpc::coro_rpc_client::async_rpc_raw_result_value_type&}]’ at /usr/include/c++/12/bits/invoke.h:111:28,
    inlined from ‘static constexpr decltype(auto) std::__detail::__variant::__gen_vtable_impl<std::__detail::__variant::_Multi_array<_Result_type (*)(_Visitor, _Variants ...)>, std::integer_sequence<long unsigned int, __indices ...> >::__visit_invoke(_Visitor&&, _Variants ...) [with _Result_type = void; _Visitor = std::__detail::__variant::_Variant_storage<false, coro_rpc::coro_rpc_client::async_rpc_raw_result_value_type, std::error_code>::_M_reset()::<lambda(auto:19&&)>&&; _Variants = {std::variant<coro_rpc::coro_rpc_client::async_rpc_raw_result_value_type, std::error_code>&}; long unsigned int ...__indices = {0}]’ at /usr/include/c++/12/variant:1035:40,
    inlined from ‘constexpr decltype(auto) std::__do_visit(_Visitor&&, _Variants&& ...) [with _Result_type = void; _Visitor = __detail::__variant::_Variant_storage<false, coro_rpc::coro_rpc_client::async_rpc_raw_result_value_type, error_code>::_M_reset()::<lambda(auto:19&&)>; _Variants = {variant<coro_rpc::coro_rpc_client::async_rpc_raw_result_value_type, error_code>&}]’ at /usr/include/c++/12/variant:1790:5,
    inlined from ‘constexpr decltype(auto) std::__do_visit(_Visitor&&, _Variants&& ...) [with _Result_type = void; _Visitor = __detail::__variant::_Variant_storage<false, coro_rpc::coro_rpc_client::async_rpc_raw_result_value_type, error_code>::_M_reset()::<lambda(auto:19&&)>; _Variants = {variant<coro_rpc::coro_rpc_client::async_rpc_raw_result_value_type, error_code>&}]’ at /usr/include/c++/12/variant:1731:5,
    inlined from ‘constexpr void std::__detail::__variant::_Variant_storage<false, _Types ...>::_M_reset() [with _Types = {coro_rpc::coro_rpc_client::async_rpc_raw_result_value_type, std::error_code}]’ at /usr/include/c++/12/variant:470:23,
    inlined from ‘constexpr std::__detail::__variant::_Variant_storage<false, _Types ...>::~_Variant_storage() [with _Types = {coro_rpc::coro_rpc_client::async_rpc_raw_result_value_type, std::error_code}]’ at /usr/include/c++/12/variant:480:17,
    inlined from ‘constexpr std::__detail::__variant::_Copy_ctor_base<false, coro_rpc::coro_rpc_client::async_rpc_raw_result_value_type, std::error_code>::~_Copy_ctor_base()’ at /usr/include/c++/12/variant:554:12,
    inlined from ‘constexpr std::__detail::__variant::_Move_ctor_base<false, coro_rpc::coro_rpc_client::async_rpc_raw_result_value_type, std::error_code>::~_Move_ctor_base()’ at /usr/include/c++/12/variant:591:12,
    inlined from ‘constexpr std::__detail::__variant::_Copy_assign_base<false, coro_rpc::coro_rpc_client::async_rpc_raw_result_value_type, std::error_code>::~_Copy_assign_base()’ at /usr/include/c++/12/variant:629:12,
    inlined from ‘constexpr std::__detail::__variant::_Move_assign_base<false, coro_rpc::coro_rpc_client::async_rpc_raw_result_value_type, std::error_code>::~_Move_assign_base()’ at /usr/include/c++/12/variant:681:12,
    inlined from ‘constexpr std::__detail::__variant::_Variant_base<coro_rpc::coro_rpc_client::async_rpc_raw_result_value_type, std::error_code>::~_Variant_base()’ at /usr/include/c++/12/variant:735:12,
    inlined from ‘constexpr std::variant<_Types>::~variant() [with _Types = {coro_rpc::coro_rpc_client::async_rpc_raw_result_value_type, std::error_code}]’ at /usr/include/c++/12/variant:1407:28,
    inlined from ‘void coro_rpc::coro_rpc_client::handler_t::local_error(std::error_code&)’ at /usr/local/include/ylt/coro_rpc/impl/coro_rpc_client.hpp:1348:25,
    inlined from ‘static void coro_rpc::coro_rpc_client::send_err_response(control_t*, std::error_code&)’ at /usr/local/include/ylt/coro_rpc/impl/coro_rpc_client.hpp:1458:27:
/usr/local/include/ylt/coro_io/memory_owner.hpp:92:9: warning: ‘((memory_owner_t*)((char*)&<unnamed> + offsetof(std::async_rpc_raw_result, std::variant<coro_rpc::coro_rpc_client::async_rpc_raw_result_value_type, std::error_code>::<unnamed>.std::__detail::__variant::_Variant_base<coro_rpc::coro_rpc_client::async_rpc_raw_result_value_type, std::error_code>::<unnamed>.std::__detail::__variant::_Move_assign_base<false, coro_rpc::coro_rpc_client::async_rpc_raw_result_value_type, std::error_code>::<unnamed>.std::__detail::__variant::_Copy_assign_base<false, coro_rpc::coro_rpc_client::async_rpc_raw_result_value_type, std::error_code>::<unnamed>.std::__detail::__variant::_Move_ctor_base<false, coro_rpc::coro_rpc_client::async_rpc_raw_result_value_type, std::error_code>::<unnamed>.std::__detail::__variant::_Copy_ctor_base<false, coro_rpc::coro_rpc_client::async_rpc_raw_result_value_type, std::error_code>::<unnamed>.std::__detail::__variant::_Variant_storage<false, coro_rpc::coro_rpc_client::async_rpc_raw_result_value_type, std::error_code>::_M_u)))[1].memory_owner_t::memory_’ may be used uninitialized [-Wmaybe-uninitialized]
   92 |     if (memory_) {
      |         ^~~~~~~
/usr/local/include/ylt/coro_rpc/impl/coro_rpc_client.hpp: In static member function ‘static void coro_rpc::coro_rpc_client::send_err_response(control_t*, std::error_code&)’:
/usr/local/include/ylt/coro_rpc/impl/coro_rpc_client.hpp:1348:48: note: ‘<anonymous>’ declared here
 1348 |       promise_.setValue(async_rpc_raw_result{ec});
      |                                                ^
In file included from /usr/include/c++/12/bits/shared_ptr.h:53,
                 from /usr/include/c++/12/memory:76,
                 from /usr/include/boost/lockfree/detail/freelist.hpp:14,
                 from /usr/include/boost/lockfree/queue.hpp:23,
                 from /home/q00913006/project/mooncake-qyf/mooncake-store/include/real_client.h:4:
In member function ‘std::__shared_ptr<_Tp, _Lp>::operator bool() const [with _Tp = void; __gnu_cxx::_Lock_policy _Lp = __gnu_cxx::_S_atomic]’,
    inlined from ‘memory_owner_t::~memory_owner_t()’ at /usr/local/include/ylt/coro_io/memory_owner.hpp:93:11,
    inlined from ‘constexpr void std::destroy_at(_Tp*) [with _Tp = memory_owner_t]’ at /usr/include/c++/12/bits/stl_construct.h:88:18,
    inlined from ‘constexpr void std::_Destroy(_Tp*) [with _Tp = memory_owner_t]’ at /usr/include/c++/12/bits/stl_construct.h:149:22,
    inlined from ‘std::__detail::__variant::_Variant_storage<false, std::__cxx11::basic_string<char, std::char_traits<char>, std::allocator<char> >, memory_owner_t>::_M_reset()::<lambda(auto:19&&)> mutable [with auto:19 = memory_owner_t&]’ at /usr/include/c++/12/variant:472:19,
    inlined from ‘constexpr _Res std::__invoke_impl(__invoke_other, _Fn&&, _Args&& ...) [with _Res = void; _Fn = __detail::__variant::_Variant_storage<false, __cxx11::basic_string<char, char_traits<char>, allocator<char> >, memory_owner_t>::_M_reset()::<lambda(auto:19&&)>; _Args = {memory_owner_t&}]’ at /usr/include/c++/12/bits/invoke.h:61:36,
    inlined from ‘constexpr std::enable_if_t<is_invocable_r_v<_Res, _Callable, _Args ...>, _Res> std::__invoke_r(_Callable&&, _Args&& ...) [with _Res = void; _Callable = __detail::__variant::_Variant_storage<false, __cxx11::basic_string<char, char_traits<char>, allocator<char> >, memory_owner_t>::_M_reset()::<lambda(auto:19&&)>; _Args = {memory_owner_t&}]’ at /usr/include/c++/12/bits/invoke.h:111:28,
    inlined from ‘static constexpr decltype(auto) std::__detail::__variant::__gen_vtable_impl<std::__detail::__variant::_Multi_array<_Result_type (*)(_Visitor, _Variants ...)>, std::integer_sequence<long unsigned int, __indices ...> >::__visit_invoke(_Visitor&&, _Variants ...) [with _Result_type = void; _Visitor = std::__detail::__variant::_Variant_storage<false, std::__cxx11::basic_string<char, std::char_traits<char>, std::allocator<char> >, memory_owner_t>::_M_reset()::<lambda(auto:19&&)>&&; _Variants = {std::variant<std::__cxx11::basic_string<char, std::char_traits<char>, std::allocator<char> >, memory_owner_t>&}; long unsigned int ...__indices = {1}]’ at /usr/include/c++/12/variant:1035:40,
    inlined from ‘constexpr decltype(auto) std::__do_visit(_Visitor&&, _Variants&& ...) [with _Result_type = void; _Visitor = __detail::__variant::_Variant_storage<false, __cxx11::basic_string<char, char_traits<char>, allocator<char> >, memory_owner_t>::_M_reset()::<lambda(auto:19&&)>; _Variants = {variant<__cxx11::basic_string<char, char_traits<char>, allocator<char> >, memory_owner_t>&}]’ at /usr/include/c++/12/variant:1791:5,
    inlined from ‘constexpr void std::__detail::__variant::_Variant_storage<false, _Types ...>::_M_reset() [with _Types = {std::__cxx11::basic_string<char, std::char_traits<char>, std::allocator<char> >, memory_owner_t}]’ at /usr/include/c++/12/variant:470:23,
    inlined from ‘constexpr std::__detail::__variant::_Variant_storage<false, _Types ...>::~_Variant_storage() [with _Types = {std::__cxx11::basic_string<char, std::char_traits<char>, std::allocator<char> >, memory_owner_t}]’ at /usr/include/c++/12/variant:480:17,
    inlined from ‘constexpr std::__detail::__variant::_Copy_ctor_base<false, std::__cxx11::basic_string<char, std::char_traits<char>, std::allocator<char> >, memory_owner_t>::~_Copy_ctor_base()’ at /usr/include/c++/12/variant:554:12,
    inlined from ‘constexpr std::__detail::__variant::_Move_ctor_base<false, std::__cxx11::basic_string<char, std::char_traits<char>, std::allocator<char> >, memory_owner_t>::~_Move_ctor_base()’ at /usr/include/c++/12/variant:591:12,
    inlined from ‘constexpr std::__detail::__variant::_Copy_assign_base<false, std::__cxx11::basic_string<char, std::char_traits<char>, std::allocator<char> >, memory_owner_t>::~_Copy_assign_base()’ at /usr/include/c++/12/variant:629:12,
    inlined from ‘constexpr std::__detail::__variant::_Move_assign_base<false, std::__cxx11::basic_string<char, std::char_traits<char>, std::allocator<char> >, memory_owner_t>::~_Move_assign_base()’ at /usr/include/c++/12/variant:681:12,
    inlined from ‘constexpr std::__detail::__variant::_Variant_base<std::__cxx11::basic_string<char, std::char_traits<char>, std::allocator<char> >, memory_owner_t>::~_Variant_base()’ at /usr/include/c++/12/variant:735:12,
    inlined from ‘constexpr std::variant<_Types>::~variant() [with _Types = {std::__cxx11::basic_string<char, std::char_traits<char>, std::allocator<char> >, memory_owner_t}]’ at /usr/include/c++/12/variant:1407:28,
    inlined from ‘constexpr coro_io::heterogeneous_buffer::~heterogeneous_buffer()’ at /usr/local/include/ylt/coro_io/heterogeneous_buffer.hpp:29:7,
    inlined from ‘constexpr coro_rpc::resp_body::~resp_body()’ at /usr/local/include/ylt/coro_rpc/impl/coro_rpc_client.hpp:115:8,
    inlined from ‘constexpr coro_rpc::coro_rpc_client::async_rpc_raw_result_value_type::~async_rpc_raw_result_value_type()’ at /usr/local/include/ylt/coro_rpc/impl/coro_rpc_client.hpp:1319:10,
    inlined from ‘constexpr void std::destroy_at(_Tp*) [with _Tp = coro_rpc::coro_rpc_client::async_rpc_raw_result_value_type]’ at /usr/include/c++/12/bits/stl_construct.h:88:18,
    inlined from ‘constexpr void std::_Destroy(_Tp*) [with _Tp = coro_rpc::coro_rpc_client::async_rpc_raw_result_value_type]’ at /usr/include/c++/12/bits/stl_construct.h:149:22,
    inlined from ‘std::__detail::__variant::_Variant_storage<false, coro_rpc::coro_rpc_client::async_rpc_raw_result_value_type, std::error_code>::_M_reset()::<lambda(auto:19&&)> mutable [with auto:19 = coro_rpc::coro_rpc_client::async_rpc_raw_result_value_type&]’ at /usr/include/c++/12/variant:472:19,
    inlined from ‘constexpr _Res std::__invoke_impl(__invoke_other, _Fn&&, _Args&& ...) [with _Res = void; _Fn = __detail::__variant::_Variant_storage<false, coro_rpc::coro_rpc_client::async_rpc_raw_result_value_type, error_code>::_M_reset()::<lambda(auto:19&&)>; _Args = {coro_rpc::coro_rpc_client::async_rpc_raw_result_value_type&}]’ at /usr/include/c++/12/bits/invoke.h:61:36,
    inlined from ‘constexpr std::enable_if_t<is_invocable_r_v<_Res, _Callable, _Args ...>, _Res> std::__invoke_r(_Callable&&, _Args&& ...) [with _Res = void; _Callable = __detail::__variant::_Variant_storage<false, coro_rpc::coro_rpc_client::async_rpc_raw_result_value_type, error_code>::_M_reset()::<lambda(auto:19&&)>; _Args = {coro_rpc::coro_rpc_client::async_rpc_raw_result_value_type&}]’ at /usr/include/c++/12/bits/invoke.h:111:28,
    inlined from ‘static constexpr decltype(auto) std::__detail::__variant::__gen_vtable_impl<std::__detail::__variant::_Multi_array<_Result_type (*)(_Visitor, _Variants ...)>, std::integer_sequence<long unsigned int, __indices ...> >::__visit_invoke(_Visitor&&, _Variants ...) [with _Result_type = void; _Visitor = std::__detail::__variant::_Variant_storage<false, coro_rpc::coro_rpc_client::async_rpc_raw_result_value_type, std::error_code>::_M_reset()::<lambda(auto:19&&)>&&; _Variants = {std::variant<coro_rpc::coro_rpc_client::async_rpc_raw_result_value_type, std::error_code>&}; long unsigned int ...__indices = {0}]’ at /usr/include/c++/12/variant:1035:40,
    inlined from ‘constexpr decltype(auto) std::__do_visit(_Visitor&&, _Variants&& ...) [with _Result_type = void; _Visitor = __detail::__variant::_Variant_storage<false, coro_rpc::coro_rpc_client::async_rpc_raw_result_value_type, error_code>::_M_reset()::<lambda(auto:19&&)>; _Variants = {variant<coro_rpc::coro_rpc_client::async_rpc_raw_result_value_type, error_code>&}]’ at /usr/include/c++/12/variant:1790:5,
    inlined from ‘constexpr decltype(auto) std::__do_visit(_Visitor&&, _Variants&& ...) [with _Result_type = void; _Visitor = __detail::__variant::_Variant_storage<false, coro_rpc::coro_rpc_client::async_rpc_raw_result_value_type, error_code>::_M_reset()::<lambda(auto:19&&)>; _Variants = {variant<coro_rpc::coro_rpc_client::async_rpc_raw_result_value_type, error_code>&}]’ at /usr/include/c++/12/variant:1731:5,
    inlined from ‘constexpr void std::__detail::__variant::_Variant_storage<false, _Types ...>::_M_reset() [with _Types = {coro_rpc::coro_rpc_client::async_rpc_raw_result_value_type, std::error_code}]’ at /usr/include/c++/12/variant:470:23,
    inlined from ‘constexpr std::__detail::__variant::_Variant_storage<false, _Types ...>::~_Variant_storage() [with _Types = {coro_rpc::coro_rpc_client::async_rpc_raw_result_value_type, std::error_code}]’ at /usr/include/c++/12/variant:480:17,
    inlined from ‘constexpr std::__detail::__variant::_Copy_ctor_base<false, coro_rpc::coro_rpc_client::async_rpc_raw_result_value_type, std::error_code>::~_Copy_ctor_base()’ at /usr/include/c++/12/variant:554:12,
    inlined from ‘constexpr std::__detail::__variant::_Move_ctor_base<false, coro_rpc::coro_rpc_client::async_rpc_raw_result_value_type, std::error_code>::~_Move_ctor_base()’ at /usr/include/c++/12/variant:591:12,
    inlined from ‘constexpr std::__detail::__variant::_Copy_assign_base<false, coro_rpc::coro_rpc_client::async_rpc_raw_result_value_type, std::error_code>::~_Copy_assign_base()’ at /usr/include/c++/12/variant:629:12,
    inlined from ‘constexpr std::__detail::__variant::_Move_assign_base<false, coro_rpc::coro_rpc_client::async_rpc_raw_result_value_type, std::error_code>::~_Move_assign_base()’ at /usr/include/c++/12/variant:681:12,
    inlined from ‘constexpr std::__detail::__variant::_Variant_base<coro_rpc::coro_rpc_client::async_rpc_raw_result_value_type, std::error_code>::~_Variant_base()’ at /usr/include/c++/12/variant:735:12,
    inlined from ‘constexpr std::variant<_Types>::~variant() [with _Types = {coro_rpc::coro_rpc_client::async_rpc_raw_result_value_type, std::error_code}]’ at /usr/include/c++/12/variant:1407:28,
    inlined from ‘void coro_rpc::coro_rpc_client::handler_t::local_error(std::error_code&)’ at /usr/local/include/ylt/coro_rpc/impl/coro_rpc_client.hpp:1348:25,
    inlined from ‘static void coro_rpc::coro_rpc_client::send_err_response(control_t*, std::error_code&)’ at /usr/local/include/ylt/coro_rpc/impl/coro_rpc_client.hpp:1458:27:
/usr/include/c++/12/bits/shared_ptr_base.h:1670:16: warning: ‘((const std::__shared_ptr<void, __gnu_cxx::_S_atomic>*)((char*)&<unnamed> + offsetof(std::async_rpc_raw_result, std::variant<coro_rpc::coro_rpc_client::async_rpc_raw_result_value_type, std::error_code>::<unnamed>.std::__detail::__variant::_Variant_base<coro_rpc::coro_rpc_client::async_rpc_raw_result_value_type, std::error_code>::<unnamed>.std::__detail::__variant::_Move_assign_base<false, coro_rpc::coro_rpc_client::async_rpc_raw_result_value_type, std::error_code>::<unnamed>.std::__detail::__variant::_Copy_assign_base<false, coro_rpc::coro_rpc_client::async_rpc_raw_result_value_type, std::error_code>::<unnamed>.std::__detail::__variant::_Move_ctor_base<false, coro_rpc::coro_rpc_client::async_rpc_raw_result_value_type, std::error_code>::<unnamed>.std::__detail::__variant::_Copy_ctor_base<false, coro_rpc::coro_rpc_client::async_rpc_raw_result_value_type, std::error_code>::<unnamed>.std::__detail::__variant::_Variant_storage<false, coro_rpc::coro_rpc_client::async_rpc_raw_result_value_type, std::error_code>::_M_u)))[3].std::__shared_ptr<void, __gnu_cxx::_S_atomic>::_M_ptr’ may be used uninitialized [-Wmaybe-uninitialized]
 1670 |       { return _M_ptr != nullptr; }
      |                ^~~~~~
/usr/local/include/ylt/coro_rpc/impl/coro_rpc_client.hpp: In static member function ‘static void coro_rpc::coro_rpc_client::send_err_response(control_t*, std::error_code&)’:
/usr/local/include/ylt/coro_rpc/impl/coro_rpc_client.hpp:1348:48: note: ‘<anonymous>’ declared here
 1348 |       promise_.setValue(async_rpc_raw_result{ec});
      |                                                ^
In destructor ‘std::__shared_count<_Lp>::~__shared_count() [with __gnu_cxx::_Lock_policy _Lp = __gnu_cxx::_S_atomic]’,
    inlined from ‘std::__shared_ptr<_Tp, _Lp>::~__shared_ptr() [with _Tp = void; __gnu_cxx::_Lock_policy _Lp = __gnu_cxx::_S_atomic]’ at /usr/include/c++/12/bits/shared_ptr_base.h:1524:7,
    inlined from ‘std::shared_ptr<void>::~shared_ptr()’ at /usr/include/c++/12/bits/shared_ptr.h:175:11,
    inlined from ‘memory_owner_t::~memory_owner_t()’ at /usr/local/include/ylt/coro_io/memory_owner.hpp:102:3,
    inlined from ‘constexpr void std::destroy_at(_Tp*) [with _Tp = memory_owner_t]’ at /usr/include/c++/12/bits/stl_construct.h:88:18,
    inlined from ‘constexpr void std::_Destroy(_Tp*) [with _Tp = memory_owner_t]’ at /usr/include/c++/12/bits/stl_construct.h:149:22,
    inlined from ‘std::__detail::__variant::_Variant_storage<false, std::__cxx11::basic_string<char, std::char_traits<char>, std::allocator<char> >, memory_owner_t>::_M_reset()::<lambda(auto:19&&)> mutable [with auto:19 = memory_owner_t&]’ at /usr/include/c++/12/variant:472:19,
    inlined from ‘constexpr _Res std::__invoke_impl(__invoke_other, _Fn&&, _Args&& ...) [with _Res = void; _Fn = __detail::__variant::_Variant_storage<false, __cxx11::basic_string<char, char_traits<char>, allocator<char> >, memory_owner_t>::_M_reset()::<lambda(auto:19&&)>; _Args = {memory_owner_t&}]’ at /usr/include/c++/12/bits/invoke.h:61:36,
    inlined from ‘constexpr std::enable_if_t<is_invocable_r_v<_Res, _Callable, _Args ...>, _Res> std::__invoke_r(_Callable&&, _Args&& ...) [with _Res = void; _Callable = __detail::__variant::_Variant_storage<false, __cxx11::basic_string<char, char_traits<char>, allocator<char> >, memory_owner_t>::_M_reset()::<lambda(auto:19&&)>; _Args = {memory_owner_t&}]’ at /usr/include/c++/12/bits/invoke.h:111:28,
    inlined from ‘static constexpr decltype(auto) std::__detail::__variant::__gen_vtable_impl<std::__detail::__variant::_Multi_array<_Result_type (*)(_Visitor, _Variants ...)>, std::integer_sequence<long unsigned int, __indices ...> >::__visit_invoke(_Visitor&&, _Variants ...) [with _Result_type = void; _Visitor = std::__detail::__variant::_Variant_storage<false, std::__cxx11::basic_string<char, std::char_traits<char>, std::allocator<char> >, memory_owner_t>::_M_reset()::<lambda(auto:19&&)>&&; _Variants = {std::variant<std::__cxx11::basic_string<char, std::char_traits<char>, std::allocator<char> >, memory_owner_t>&}; long unsigned int ...__indices = {1}]’ at /usr/include/c++/12/variant:1035:40,
    inlined from ‘constexpr decltype(auto) std::__do_visit(_Visitor&&, _Variants&& ...) [with _Result_type = void; _Visitor = __detail::__variant::_Variant_storage<false, __cxx11::basic_string<char, char_traits<char>, allocator<char> >, memory_owner_t>::_M_reset()::<lambda(auto:19&&)>; _Variants = {variant<__cxx11::basic_string<char, char_traits<char>, allocator<char> >, memory_owner_t>&}]’ at /usr/include/c++/12/variant:1791:5,
    inlined from ‘constexpr void std::__detail::__variant::_Variant_storage<false, _Types ...>::_M_reset() [with _Types = {std::__cxx11::basic_string<char, std::char_traits<char>, std::allocator<char> >, memory_owner_t}]’ at /usr/include/c++/12/variant:470:23,
    inlined from ‘constexpr std::__detail::__variant::_Variant_storage<false, _Types ...>::~_Variant_storage() [with _Types = {std::__cxx11::basic_string<char, std::char_traits<char>, std::allocator<char> >, memory_owner_t}]’ at /usr/include/c++/12/variant:480:17,
    inlined from ‘constexpr std::__detail::__variant::_Copy_ctor_base<false, std::__cxx11::basic_string<char, std::char_traits<char>, std::allocator<char> >, memory_owner_t>::~_Copy_ctor_base()’ at /usr/include/c++/12/variant:554:12,
    inlined from ‘constexpr std::__detail::__variant::_Move_ctor_base<false, std::__cxx11::basic_string<char, std::char_traits<char>, std::allocator<char> >, memory_owner_t>::~_Move_ctor_base()’ at /usr/include/c++/12/variant:591:12,
    inlined from ‘constexpr std::__detail::__variant::_Copy_assign_base<false, std::__cxx11::basic_string<char, std::char_traits<char>, std::allocator<char> >, memory_owner_t>::~_Copy_assign_base()’ at /usr/include/c++/12/variant:629:12,
    inlined from ‘constexpr std::__detail::__variant::_Move_assign_base<false, std::__cxx11::basic_string<char, std::char_traits<char>, std::allocator<char> >, memory_owner_t>::~_Move_assign_base()’ at /usr/include/c++/12/variant:681:12,
    inlined from ‘constexpr std::__detail::__variant::_Variant_base<std::__cxx11::basic_string<char, std::char_traits<char>, std::allocator<char> >, memory_owner_t>::~_Variant_base()’ at /usr/include/c++/12/variant:735:12,
    inlined from ‘constexpr std::variant<_Types>::~variant() [with _Types = {std::__cxx11::basic_string<char, std::char_traits<char>, std::allocator<char> >, memory_owner_t}]’ at /usr/include/c++/12/variant:1407:28,
    inlined from ‘constexpr coro_io::heterogeneous_buffer::~heterogeneous_buffer()’ at /usr/local/include/ylt/coro_io/heterogeneous_buffer.hpp:29:7,
    inlined from ‘constexpr coro_rpc::resp_body::~resp_body()’ at /usr/local/include/ylt/coro_rpc/impl/coro_rpc_client.hpp:115:8,
    inlined from ‘constexpr coro_rpc::coro_rpc_client::async_rpc_raw_result_value_type::~async_rpc_raw_result_value_type()’ at /usr/local/include/ylt/coro_rpc/impl/coro_rpc_client.hpp:1319:10,
    inlined from ‘constexpr void std::destroy_at(_Tp*) [with _Tp = coro_rpc::coro_rpc_client::async_rpc_raw_result_value_type]’ at /usr/include/c++/12/bits/stl_construct.h:88:18,
    inlined from ‘constexpr void std::_Destroy(_Tp*) [with _Tp = coro_rpc::coro_rpc_client::async_rpc_raw_result_value_type]’ at /usr/include/c++/12/bits/stl_construct.h:149:22,
    inlined from ‘std::__detail::__variant::_Variant_storage<false, coro_rpc::coro_rpc_client::async_rpc_raw_result_value_type, std::error_code>::_M_reset()::<lambda(auto:19&&)> mutable [with auto:19 = coro_rpc::coro_rpc_client::async_rpc_raw_result_value_type&]’ at /usr/include/c++/12/variant:472:19,
    inlined from ‘constexpr _Res std::__invoke_impl(__invoke_other, _Fn&&, _Args&& ...) [with _Res = void; _Fn = __detail::__variant::_Variant_storage<false, coro_rpc::coro_rpc_client::async_rpc_raw_result_value_type, error_code>::_M_reset()::<lambda(auto:19&&)>; _Args = {coro_rpc::coro_rpc_client::async_rpc_raw_result_value_type&}]’ at /usr/include/c++/12/bits/invoke.h:61:36,
    inlined from ‘constexpr std::enable_if_t<is_invocable_r_v<_Res, _Callable, _Args ...>, _Res> std::__invoke_r(_Callable&&, _Args&& ...) [with _Res = void; _Callable = __detail::__variant::_Variant_storage<false, coro_rpc::coro_rpc_client::async_rpc_raw_result_value_type, error_code>::_M_reset()::<lambda(auto:19&&)>; _Args = {coro_rpc::coro_rpc_client::async_rpc_raw_result_value_type&}]’ at /usr/include/c++/12/bits/invoke.h:111:28,
    inlined from ‘static constexpr decltype(auto) std::__detail::__variant::__gen_vtable_impl<std::__detail::__variant::_Multi_array<_Result_type (*)(_Visitor, _Variants ...)>, std::integer_sequence<long unsigned int, __indices ...> >::__visit_invoke(_Visitor&&, _Variants ...) [with _Result_type = void; _Visitor = std::__detail::__variant::_Variant_storage<false, coro_rpc::coro_rpc_client::async_rpc_raw_result_value_type, std::error_code>::_M_reset()::<lambda(auto:19&&)>&&; _Variants = {std::variant<coro_rpc::coro_rpc_client::async_rpc_raw_result_value_type, std::error_code>&}; long unsigned int ...__indices = {0}]’ at /usr/include/c++/12/variant:1035:40,
    inlined from ‘constexpr decltype(auto) std::__do_visit(_Visitor&&, _Variants&& ...) [with _Result_type = void; _Visitor = __detail::__variant::_Variant_storage<false, coro_rpc::coro_rpc_client::async_rpc_raw_result_value_type, error_code>::_M_reset()::<lambda(auto:19&&)>; _Variants = {variant<coro_rpc::coro_rpc_client::async_rpc_raw_result_value_type, error_code>&}]’ at /usr/include/c++/12/variant:1790:5,
    inlined from ‘constexpr decltype(auto) std::__do_visit(_Visitor&&, _Variants&& ...) [with _Result_type = void; _Visitor = __detail::__variant::_Variant_storage<false, coro_rpc::coro_rpc_client::async_rpc_raw_result_value_type, error_code>::_M_reset()::<lambda(auto:19&&)>; _Variants = {variant<coro_rpc::coro_rpc_client::async_rpc_raw_result_value_type, error_code>&}]’ at /usr/include/c++/12/variant:1731:5,
    inlined from ‘constexpr void std::__detail::__variant::_Variant_storage<false, _Types ...>::_M_reset() [with _Types = {coro_rpc::coro_rpc_client::async_rpc_raw_result_value_type, std::error_code}]’ at /usr/include/c++/12/variant:470:23,
    inlined from ‘constexpr std::__detail::__variant::_Variant_storage<false, _Types ...>::~_Variant_storage() [with _Types = {coro_rpc::coro_rpc_client::async_rpc_raw_result_value_type, std::error_code}]’ at /usr/include/c++/12/variant:480:17,
    inlined from ‘constexpr std::__detail::__variant::_Copy_ctor_base<false, coro_rpc::coro_rpc_client::async_rpc_raw_result_value_type, std::error_code>::~_Copy_ctor_base()’ at /usr/include/c++/12/variant:554:12,
    inlined from ‘constexpr std::__detail::__variant::_Move_ctor_base<false, coro_rpc::coro_rpc_client::async_rpc_raw_result_value_type, std::error_code>::~_Move_ctor_base()’ at /usr/include/c++/12/variant:591:12,
    inlined from ‘constexpr std::__detail::__variant::_Copy_assign_base<false, coro_rpc::coro_rpc_client::async_rpc_raw_result_value_type, std::error_code>::~_Copy_assign_base()’ at /usr/include/c++/12/variant:629:12,
    inlined from ‘constexpr std::__detail::__variant::_Move_assign_base<false, coro_rpc::coro_rpc_client::async_rpc_raw_result_value_type, std::error_code>::~_Move_assign_base()’ at /usr/include/c++/12/variant:681:12,
    inlined from ‘constexpr std::__detail::__variant::_Variant_base<coro_rpc::coro_rpc_client::async_rpc_raw_result_value_type, std::error_code>::~_Variant_base()’ at /usr/include/c++/12/variant:735:12,
    inlined from ‘constexpr std::variant<_Types>::~variant() [with _Types = {coro_rpc::coro_rpc_client::async_rpc_raw_result_value_type, std::error_code}]’ at /usr/include/c++/12/variant:1407:28,
    inlined from ‘void coro_rpc::coro_rpc_client::handler_t::local_error(std::error_code&)’ at /usr/local/include/ylt/coro_rpc/impl/coro_rpc_client.hpp:1348:25,
    inlined from ‘static void coro_rpc::coro_rpc_client::send_err_response(control_t*, std::error_code&)’ at /usr/local/include/ylt/coro_rpc/impl/coro_rpc_client.hpp:1458:27:
/usr/include/c++/12/bits/shared_ptr_base.h:1070:13: warning: ‘((std::__shared_count<__gnu_cxx::_S_atomic>*)((char*)&<unnamed> + offsetof(std::async_rpc_raw_result, std::variant<coro_rpc::coro_rpc_client::async_rpc_raw_result_value_type, std::error_code>::<unnamed>.std::__detail::__variant::_Variant_base<coro_rpc::coro_rpc_client::async_rpc_raw_result_value_type, std::error_code>::<unnamed>.std::__detail::__variant::_Move_assign_base<false, coro_rpc::coro_rpc_client::async_rpc_raw_result_value_type, std::error_code>::<unnamed>.std::__detail::__variant::_Copy_assign_base<false, coro_rpc::coro_rpc_client::async_rpc_raw_result_value_type, std::error_code>::<unnamed>.std::__detail::__variant::_Move_ctor_base<false, coro_rpc::coro_rpc_client::async_rpc_raw_result_value_type, std::error_code>::<unnamed>.std::__detail::__variant::_Copy_ctor_base<false, coro_rpc::coro_rpc_client::async_rpc_raw_result_value_type, std::error_code>::<unnamed>.std::__detail::__variant::_Variant_storage<false, coro_rpc::coro_rpc_client::async_rpc_raw_result_value_type, std::error_code>::_M_u)))[7].std::__shared_count<>::_M_pi’ may be used uninitialized [-Wmaybe-uninitialized]
 1070 |         if (_M_pi != nullptr)
      |             ^~~~~
/usr/local/include/ylt/coro_rpc/impl/coro_rpc_client.hpp: In static member function ‘static void coro_rpc::coro_rpc_client::send_err_response(control_t*, std::error_code&)’:
/usr/local/include/ylt/coro_rpc/impl/coro_rpc_client.hpp:1348:48: note: ‘<anonymous>’ declared here
 1348 |       promise_.setValue(async_rpc_raw_result{ec});
      |                                                ^
In member function ‘constexpr void std::__cxx11::basic_string<_CharT, _Traits, _Alloc>::_M_dispose() [with _CharT = char; _Traits = std::char_traits<char>; _Alloc = std::allocator<char>]’,
    inlined from ‘constexpr std::__cxx11::basic_string<_CharT, _Traits, _Alloc>::~basic_string() [with _CharT = char; _Traits = std::char_traits<char>; _Alloc = std::allocator<char>]’ at /usr/include/c++/12/bits/basic_string.h:803:19,
    inlined from ‘constexpr coro_rpc::resp_body::~resp_body()’ at /usr/local/include/ylt/coro_rpc/impl/coro_rpc_client.hpp:115:8,
    inlined from ‘constexpr coro_rpc::coro_rpc_client::async_rpc_raw_result_value_type::~async_rpc_raw_result_value_type()’ at /usr/local/include/ylt/coro_rpc/impl/coro_rpc_client.hpp:1319:10,
    inlined from ‘constexpr void std::destroy_at(_Tp*) [with _Tp = coro_rpc::coro_rpc_client::async_rpc_raw_result_value_type]’ at /usr/include/c++/12/bits/stl_construct.h:88:18,
    inlined from ‘constexpr void std::_Destroy(_Tp*) [with _Tp = coro_rpc::coro_rpc_client::async_rpc_raw_result_value_type]’ at /usr/include/c++/12/bits/stl_construct.h:149:22,
    inlined from ‘std::__detail::__variant::_Variant_storage<false, coro_rpc::coro_rpc_client::async_rpc_raw_result_value_type, std::error_code>::_M_reset()::<lambda(auto:19&&)> mutable [with auto:19 = coro_rpc::coro_rpc_client::async_rpc_raw_result_value_type&]’ at /usr/include/c++/12/variant:472:19,
    inlined from ‘constexpr _Res std::__invoke_impl(__invoke_other, _Fn&&, _Args&& ...) [with _Res = void; _Fn = __detail::__variant::_Variant_storage<false, coro_rpc::coro_rpc_client::async_rpc_raw_result_value_type, error_code>::_M_reset()::<lambda(auto:19&&)>; _Args = {coro_rpc::coro_rpc_client::async_rpc_raw_result_value_type&}]’ at /usr/include/c++/12/bits/invoke.h:61:36,
    inlined from ‘constexpr std::enable_if_t<is_invocable_r_v<_Res, _Callable, _Args ...>, _Res> std::__invoke_r(_Callable&&, _Args&& ...) [with _Res = void; _Callable = __detail::__variant::_Variant_storage<false, coro_rpc::coro_rpc_client::async_rpc_raw_result_value_type, error_code>::_M_reset()::<lambda(auto:19&&)>; _Args = {coro_rpc::coro_rpc_client::async_rpc_raw_result_value_type&}]’ at /usr/include/c++/12/bits/invoke.h:111:28,
    inlined from ‘static constexpr decltype(auto) std::__detail::__variant::__gen_vtable_impl<std::__detail::__variant::_Multi_array<_Result_type (*)(_Visitor, _Variants ...)>, std::integer_sequence<long unsigned int, __indices ...> >::__visit_invoke(_Visitor&&, _Variants ...) [with _Result_type = void; _Visitor = std::__detail::__variant::_Variant_storage<false, coro_rpc::coro_rpc_client::async_rpc_raw_result_value_type, std::error_code>::_M_reset()::<lambda(auto:19&&)>&&; _Variants = {std::variant<coro_rpc::coro_rpc_client::async_rpc_raw_result_value_type, std::error_code>&}; long unsigned int ...__indices = {0}]’ at /usr/include/c++/12/variant:1035:40,
    inlined from ‘constexpr decltype(auto) std::__do_visit(_Visitor&&, _Variants&& ...) [with _Result_type = void; _Visitor = __detail::__variant::_Variant_storage<false, coro_rpc::coro_rpc_client::async_rpc_raw_result_value_type, error_code>::_M_reset()::<lambda(auto:19&&)>; _Variants = {variant<coro_rpc::coro_rpc_client::async_rpc_raw_result_value_type, error_code>&}]’ at /usr/include/c++/12/variant:1790:5,
    inlined from ‘constexpr decltype(auto) std::__do_visit(_Visitor&&, _Variants&& ...) [with _Result_type = void; _Visitor = __detail::__variant::_Variant_storage<false, coro_rpc::coro_rpc_client::async_rpc_raw_result_value_type, error_code>::_M_reset()::<lambda(auto:19&&)>; _Variants = {variant<coro_rpc::coro_rpc_client::async_rpc_raw_result_value_type, error_code>&}]’ at /usr/include/c++/12/variant:1731:5,
    inlined from ‘constexpr void std::__detail::__variant::_Variant_storage<false, _Types ...>::_M_reset() [with _Types = {coro_rpc::coro_rpc_client::async_rpc_raw_result_value_type, std::error_code}]’ at /usr/include/c++/12/variant:470:23,
    inlined from ‘constexpr std::__detail::__variant::_Variant_storage<false, _Types ...>::~_Variant_storage() [with _Types = {coro_rpc::coro_rpc_client::async_rpc_raw_result_value_type, std::error_code}]’ at /usr/include/c++/12/variant:480:17,
    inlined from ‘constexpr std::__detail::__variant::_Copy_ctor_base<false, coro_rpc::coro_rpc_client::async_rpc_raw_result_value_type, std::error_code>::~_Copy_ctor_base()’ at /usr/include/c++/12/variant:554:12,
    inlined from ‘constexpr std::__detail::__variant::_Move_ctor_base<false, coro_rpc::coro_rpc_client::async_rpc_raw_result_value_type, std::error_code>::~_Move_ctor_base()’ at /usr/include/c++/12/variant:591:12,
    inlined from ‘constexpr std::__detail::__variant::_Copy_assign_base<false, coro_rpc::coro_rpc_client::async_rpc_raw_result_value_type, std::error_code>::~_Copy_assign_base()’ at /usr/include/c++/12/variant:629:12,
    inlined from ‘constexpr std::__detail::__variant::_Move_assign_base<false, coro_rpc::coro_rpc_client::async_rpc_raw_result_value_type, std::error_code>::~_Move_assign_base()’ at /usr/include/c++/12/variant:681:12,
    inlined from ‘constexpr std::__detail::__variant::_Variant_base<coro_rpc::coro_rpc_client::async_rpc_raw_result_value_type, std::error_code>::~_Variant_base()’ at /usr/include/c++/12/variant:735:12,
    inlined from ‘constexpr std::variant<_Types>::~variant() [with _Types = {coro_rpc::coro_rpc_client::async_rpc_raw_result_value_type, std::error_code}]’ at /usr/include/c++/12/variant:1407:28,
    inlined from ‘void coro_rpc::coro_rpc_client::handler_t::local_error(std::error_code&)’ at /usr/local/include/ylt/coro_rpc/impl/coro_rpc_client.hpp:1348:25,
    inlined from ‘static void coro_rpc::coro_rpc_client::send_err_response(control_t*, std::error_code&)’ at /usr/local/include/ylt/coro_rpc/impl/coro_rpc_client.hpp:1458:27:
/usr/include/c++/12/bits/basic_string.h:294:21: warning: ‘*(std::__cxx11::basic_string<char, std::char_traits<char>, std::allocator<char> >*)((char*)&<unnamed> + offsetof(std::async_rpc_raw_result, std::variant<coro_rpc::coro_rpc_client::async_rpc_raw_result_value_type, std::error_code>::<unnamed>.std::__detail::__variant::_Variant_base<coro_rpc::coro_rpc_client::async_rpc_raw_result_value_type, std::error_code>::<unnamed>.std::__detail::__variant::_Move_assign_base<false, coro_rpc::coro_rpc_client::async_rpc_raw_result_value_type, std::error_code>::<unnamed>.std::__detail::__variant::_Copy_assign_base<false, coro_rpc::coro_rpc_client::async_rpc_raw_result_value_type, std::error_code>::<unnamed>.std::__detail::__variant::_Move_ctor_base<false, coro_rpc::coro_rpc_client::async_rpc_raw_result_value_type, std::error_code>::<unnamed>.std::__detail::__variant::_Copy_ctor_base<false, coro_rpc::coro_rpc_client::async_rpc_raw_result_value_type, std::error_code>::<unnamed>.std::__detail::__variant::_Variant_storage<false, coro_rpc::coro_rpc_client::async_rpc_raw_result_value_type, std::error_code>::_M_u)).std::__cxx11::basic_string<char>::<anonymous>.std::__cxx11::basic_string<char>::<unnamed union>::_M_allocated_capacity’ may be used uninitialized [-Wmaybe-uninitialized]
  294 |           _M_destroy(_M_allocated_capacity);
      |           ~~~~~~~~~~^~~~~~~~~~~~~~~~~~~~~~~
/usr/local/include/ylt/coro_rpc/impl/coro_rpc_client.hpp: In static member function ‘static void coro_rpc::coro_rpc_client::send_err_response(control_t*, std::error_code&)’:
/usr/local/include/ylt/coro_rpc/impl/coro_rpc_client.hpp:1348:48: note: ‘<anonymous>’ declared here
 1348 |       promise_.setValue(async_rpc_raw_result{ec});
      |                                                ^
In function ‘constexpr std::_Require<std::__not_<std::__is_tuple_like<_Tp> >, std::is_move_constructible<_Tp>, std::is_move_assignable<_Tp> > std::swap(_Tp&, _Tp&) [with _Tp = async_simple::util::detail::_any_data]’,
    inlined from ‘void async_simple::util::move_only_function<RetType(ArgTypes ...)>::swap(async_simple::util::move_only_function<RetType(ArgTypes ...)>&) [with RetType = void; ArgTypes = {std::pair<std::error_code, long unsigned int>}]’ at /usr/local/include/async_simple/util/move_only_function.h:347:18,
    inlined from ‘async_simple::util::move_only_function<RetType(ArgTypes ...)>::move_only_function(async_simple::util::move_only_function<RetType(ArgTypes ...)>&&) [with RetType = void; ArgTypes = {std::pair<std::error_code, long unsigned int>}]’ at /usr/local/include/async_simple/util/move_only_function.h:286:19,
    inlined from ‘async_simple::util::move_only_function<RetType(ArgTypes ...)>& async_simple::util::move_only_function<RetType(ArgTypes ...)>::operator=(async_simple::util::move_only_function<RetType(ArgTypes ...)>&&) [with RetType = void; ArgTypes = {std::pair<std::error_code, long unsigned int>}]’ at /usr/local/include/async_simple/util/move_only_function.h:324:9,
    inlined from ‘void coro_io::detail::circle_buffer<T>::push(T&&) [with T = async_simple::util::move_only_function<void(std::pair<std::error_code, long unsigned int>)>]’ at /usr/local/include/ylt/coro_io/detail/circle_buffer.hpp:40:17,
    inlined from ‘void coro_io::detail::ib_socket_shared_state_t::post_send_impl(ibv_sge, callback_t&&, bool)’ at /usr/local/include/ylt/coro_io/ibverbs/ib_socket.hpp:283:22:
/usr/include/c++/12/bits/move.h:205:7: warning: ‘<unnamed>.async_simple::util::move_only_function<void(std::pair<std::error_code, long unsigned int>)>::<unnamed>.async_simple::util::detail::_function_base::_m_functor’ may be used uninitialized [-Wmaybe-uninitialized]
  205 |       __a = _GLIBCXX_MOVE(__b);
      |       ^~~
In file included from /usr/local/include/async_simple/Signal.h:34,
                 from /usr/local/include/async_simple/Executor.h:29,
                 from /usr/local/include/async_simple/coro/SyncAwait.h:21:
/usr/local/include/async_simple/util/move_only_function.h: In member function ‘void coro_io::detail::ib_socket_shared_state_t::post_send_impl(ibv_sge, callback_t&&, bool)’:
/usr/local/include/async_simple/util/move_only_function.h:324:9: note: ‘<anonymous>’ declared here
  324 |         move_only_function(std::move(other)).swap(*this);
      |         ^~~~~~~~~~~~~~~~~~~~~~~~~~~~~~~~~~~~
In function ‘constexpr std::_Require<std::__not_<std::__is_tuple_like<_Tp> >, std::is_move_constructible<_Tp>, std::is_move_assignable<_Tp> > std::swap(_Tp&, _Tp&) [with _Tp = void (*)(const async_simple::util::detail::_any_data&, pair<error_code, long unsigned int>&&)]’,
    inlined from ‘void async_simple::util::move_only_function<RetType(ArgTypes ...)>::swap(async_simple::util::move_only_function<RetType(ArgTypes ...)>&) [with RetType = void; ArgTypes = {std::pair<std::error_code, long unsigned int>}]’ at /usr/local/include/async_simple/util/move_only_function.h:349:18,
    inlined from ‘async_simple::util::move_only_function<RetType(ArgTypes ...)>::move_only_function(async_simple::util::move_only_function<RetType(ArgTypes ...)>&&) [with RetType = void; ArgTypes = {std::pair<std::error_code, long unsigned int>}]’ at /usr/local/include/async_simple/util/move_only_function.h:286:19,
    inlined from ‘async_simple::util::move_only_function<RetType(ArgTypes ...)>& async_simple::util::move_only_function<RetType(ArgTypes ...)>::operator=(async_simple::util::move_only_function<RetType(ArgTypes ...)>&&) [with RetType = void; ArgTypes = {std::pair<std::error_code, long unsigned int>}]’ at /usr/local/include/async_simple/util/move_only_function.h:324:9,
    inlined from ‘void coro_io::detail::circle_buffer<T>::push(T&&) [with T = async_simple::util::move_only_function<void(std::pair<std::error_code, long unsigned int>)>]’ at /usr/local/include/ylt/coro_io/detail/circle_buffer.hpp:40:17,
    inlined from ‘void coro_io::detail::ib_socket_shared_state_t::post_send_impl(ibv_sge, callback_t&&, bool)’ at /usr/local/include/ylt/coro_io/ibverbs/ib_socket.hpp:283:22:
/usr/include/c++/12/bits/move.h:205:11: warning: ‘<unnamed>.async_simple::util::move_only_function<void(std::pair<std::error_code, long unsigned int>)>::_m_invoker’ may be used uninitialized [-Wmaybe-uninitialized]
  205 |       __a = _GLIBCXX_MOVE(__b);
      |           ^
/usr/local/include/async_simple/util/move_only_function.h: In member function ‘void coro_io::detail::ib_socket_shared_state_t::post_send_impl(ibv_sge, callback_t&&, bool)’:
/usr/local/include/async_simple/util/move_only_function.h:324:9: note: ‘<anonymous>’ declared here
  324 |         move_only_function(std::move(other)).swap(*this);
      |         ^~~~~~~~~~~~~~~~~~~~~~~~~~~~~~~~~~~~
In function ‘constexpr std::_Require<std::__not_<std::__is_tuple_like<_Tp> >, std::is_move_constructible<_Tp>, std::is_move_assignable<_Tp> > std::swap(_Tp&, _Tp&) [with _Tp = async_simple::util::detail::_any_data]’,
    inlined from ‘void async_simple::util::move_only_function<RetType(ArgTypes ...)>::swap(async_simple::util::move_only_function<RetType(ArgTypes ...)>&) [with RetType = void; ArgTypes = {std::pair<std::error_code, long unsigned int>}]’ at /usr/local/include/async_simple/util/move_only_function.h:347:18,
    inlined from ‘async_simple::util::move_only_function<RetType(ArgTypes ...)>::move_only_function(async_simple::util::move_only_function<RetType(ArgTypes ...)>&&) [with RetType = void; ArgTypes = {std::pair<std::error_code, long unsigned int>}]’ at /usr/local/include/async_simple/util/move_only_function.h:286:19,
    inlined from ‘static void coro_io::detail::ib_socket_shared_state_t::resume(std::pair<std::error_code, long unsigned int>&&, callback_t&&)’ at /usr/local/include/ylt/coro_io/ibverbs/ib_socket.hpp:71:41,
    inlined from ‘void coro_io::detail::ib_socket_shared_state_t::post_send_impl(ibv_sge, callback_t&&, bool)’ at /usr/local/include/ylt/coro_io/ibverbs/ib_socket.hpp:279:41:
/usr/include/c++/12/bits/move.h:205:7: warning: ‘handle_tmp.async_simple::util::move_only_function<void(std::pair<std::error_code, long unsigned int>)>::<unnamed>.async_simple::util::detail::_function_base::_m_functor’ may be used uninitialized [-Wmaybe-uninitialized]
  205 |       __a = _GLIBCXX_MOVE(__b);
      |       ^~~
/usr/local/include/ylt/coro_io/ibverbs/ib_socket.hpp: In member function ‘void coro_io::detail::ib_socket_shared_state_t::post_send_impl(ibv_sge, callback_t&&, bool)’:
/usr/local/include/ylt/coro_io/ibverbs/ib_socket.hpp:71:12: note: ‘handle_tmp’ declared here
   71 |       auto handle_tmp = std::move(handle);
      |            ^~~~~~~~~~
In function ‘constexpr std::_Require<std::__not_<std::__is_tuple_like<_Tp> >, std::is_move_constructible<_Tp>, std::is_move_assignable<_Tp> > std::swap(_Tp&, _Tp&) [with _Tp = void (*)(const async_simple::util::detail::_any_data&, pair<error_code, long unsigned int>&&)]’,
    inlined from ‘void async_simple::util::move_only_function<RetType(ArgTypes ...)>::swap(async_simple::util::move_only_function<RetType(ArgTypes ...)>&) [with RetType = void; ArgTypes = {std::pair<std::error_code, long unsigned int>}]’ at /usr/local/include/async_simple/util/move_only_function.h:349:18,
    inlined from ‘async_simple::util::move_only_function<RetType(ArgTypes ...)>::move_only_function(async_simple::util::move_only_function<RetType(ArgTypes ...)>&&) [with RetType = void; ArgTypes = {std::pair<std::error_code, long unsigned int>}]’ at /usr/local/include/async_simple/util/move_only_function.h:286:19,
    inlined from ‘static void coro_io::detail::ib_socket_shared_state_t::resume(std::pair<std::error_code, long unsigned int>&&, callback_t&&)’ at /usr/local/include/ylt/coro_io/ibverbs/ib_socket.hpp:71:41,
    inlined from ‘void coro_io::detail::ib_socket_shared_state_t::post_send_impl(ibv_sge, callback_t&&, bool)’ at /usr/local/include/ylt/coro_io/ibverbs/ib_socket.hpp:279:41:
/usr/include/c++/12/bits/move.h:205:11: warning: ‘handle_tmp.async_simple::util::move_only_function<void(std::pair<std::error_code, long unsigned int>)>::_m_invoker’ may be used uninitialized [-Wmaybe-uninitialized]
  205 |       __a = _GLIBCXX_MOVE(__b);
      |           ^
/usr/local/include/ylt/coro_io/ibverbs/ib_socket.hpp: In member function ‘void coro_io::detail::ib_socket_shared_state_t::post_send_impl(ibv_sge, callback_t&&, bool)’:
/usr/local/include/ylt/coro_io/ibverbs/ib_socket.hpp:71:12: note: ‘handle_tmp’ declared here
   71 |       auto handle_tmp = std::move(handle);
      |            ^~~~~~~~~~
In file included from /usr/include/c++/12/bits/new_allocator.h:36,
                 from /usr/include/c++/12/aarch64-openEuler-linux/bits/c++allocator.h:33,
                 from /usr/include/c++/12/bits/allocator.h:46,
                 from /usr/include/c++/12/memory:63,
                 from /home/q00913006/project/mooncake-qyf/mooncake-store/include/master_client.h:4,
                 from /home/q00913006/project/mooncake-qyf/mooncake-store/src/master_client.cpp:1:
In function ‘constexpr std::_Require<std::__not_<std::__is_tuple_like<_Tp> >, std::is_move_constructible<_Tp>, std::is_move_assignable<_Tp> > std::swap(_Tp&, _Tp&) [with _Tp = async_simple::util::detail::_any_data]’,
    inlined from ‘void async_simple::util::move_only_function<RetType(ArgTypes ...)>::swap(async_simple::util::move_only_function<RetType(ArgTypes ...)>&) [with RetType = void; ArgTypes = {std::pair<std::error_code, long unsigned int>}]’ at /usr/local/include/async_simple/util/move_only_function.h:347:18,
    inlined from ‘async_simple::util::move_only_function<RetType(ArgTypes ...)>::move_only_function(async_simple::util::move_only_function<RetType(ArgTypes ...)>&&) [with RetType = void; ArgTypes = {std::pair<std::error_code, long unsigned int>}]’ at /usr/local/include/async_simple/util/move_only_function.h:286:19,
    inlined from ‘static void coro_io::detail::ib_socket_shared_state_t::resume(std::pair<std::error_code, long unsigned int>&&, callback_t&&)’ at /usr/local/include/ylt/coro_io/ibverbs/ib_socket.hpp:71:41:
/usr/include/c++/12/bits/move.h:205:7: warning: ‘handle_tmp.async_simple::util::move_only_function<void(std::pair<std::error_code, long unsigned int>)>::<unnamed>.async_simple::util::detail::_function_base::_m_functor’ may be used uninitialized [-Wmaybe-uninitialized]
  205 |       __a = _GLIBCXX_MOVE(__b);
      |       ^~~
In file included from /usr/local/include/ylt/coro_io/ibverbs/ib_io.hpp:43,
                 from /usr/local/include/ylt/coro_io/socket_wrapper.hpp:20,
                 from /usr/local/include/ylt/coro_rpc/impl/coro_connection.hpp:42,
                 from /usr/local/include/ylt/coro_rpc/impl/context.hpp:30,
                 from /usr/local/include/ylt/coro_rpc/impl/coro_rpc_client.hpp:55,
                 from /usr/local/include/ylt/coro_rpc/coro_rpc_client.hpp:17,
                 from /home/q00913006/project/mooncake-qyf/mooncake-store/include/master_client.h:11:
/usr/local/include/ylt/coro_io/ibverbs/ib_socket.hpp: In static member function ‘static void coro_io::detail::ib_socket_shared_state_t::resume(std::pair<std::error_code, long unsigned int>&&, callback_t&&)’:
/usr/local/include/ylt/coro_io/ibverbs/ib_socket.hpp:71:12: note: ‘handle_tmp’ declared here
   71 |       auto handle_tmp = std::move(handle);
      |            ^~~~~~~~~~
In function ‘constexpr std::_Require<std::__not_<std::__is_tuple_like<_Tp> >, std::is_move_constructible<_Tp>, std::is_move_assignable<_Tp> > std::swap(_Tp&, _Tp&) [with _Tp = void (*)(const async_simple::util::detail::_any_data&, pair<error_code, long unsigned int>&&)]’,
    inlined from ‘void async_simple::util::move_only_function<RetType(ArgTypes ...)>::swap(async_simple::util::move_only_function<RetType(ArgTypes ...)>&) [with RetType = void; ArgTypes = {std::pair<std::error_code, long unsigned int>}]’ at /usr/local/include/async_simple/util/move_only_function.h:349:18,
    inlined from ‘async_simple::util::move_only_function<RetType(ArgTypes ...)>::move_only_function(async_simple::util::move_only_function<RetType(ArgTypes ...)>&&) [with RetType = void; ArgTypes = {std::pair<std::error_code, long unsigned int>}]’ at /usr/local/include/async_simple/util/move_only_function.h:286:19,
    inlined from ‘static void coro_io::detail::ib_socket_shared_state_t::resume(std::pair<std::error_code, long unsigned int>&&, callback_t&&)’ at /usr/local/include/ylt/coro_io/ibverbs/ib_socket.hpp:71:41:
/usr/include/c++/12/bits/move.h:205:11: warning: ‘handle_tmp.async_simple::util::move_only_function<void(std::pair<std::error_code, long unsigned int>)>::_m_invoker’ may be used uninitialized [-Wmaybe-uninitialized]
  205 |       __a = _GLIBCXX_MOVE(__b);
      |           ^
/usr/local/include/ylt/coro_io/ibverbs/ib_socket.hpp: In static member function ‘static void coro_io::detail::ib_socket_shared_state_t::resume(std::pair<std::error_code, long unsigned int>&&, callback_t&&)’:
/usr/local/include/ylt/coro_io/ibverbs/ib_socket.hpp:71:12: note: ‘handle_tmp’ declared here
   71 |       auto handle_tmp = std::move(handle);
      |            ^~~~~~~~~~
In function ‘constexpr std::_Require<std::__not_<std::__is_tuple_like<_Tp> >, std::is_move_constructible<_Tp>, std::is_move_assignable<_Tp> > std::swap(_Tp&, _Tp&) [with _Tp = async_simple::util::detail::_any_data]’,
    inlined from ‘void async_simple::util::move_only_function<RetType(ArgTypes ...)>::swap(async_simple::util::move_only_function<RetType(ArgTypes ...)>&) [with RetType = void; ArgTypes = {std::pair<std::error_code, long unsigned int>}]’ at /usr/local/include/async_simple/util/move_only_function.h:347:18,
    inlined from ‘async_simple::util::move_only_function<RetType(ArgTypes ...)>::move_only_function(async_simple::util::move_only_function<RetType(ArgTypes ...)>&&) [with RetType = void; ArgTypes = {std::pair<std::error_code, long unsigned int>}]’ at /usr/local/include/async_simple/util/move_only_function.h:286:19,
    inlined from ‘static void coro_io::detail::ib_socket_shared_state_t::resume(std::pair<std::error_code, long unsigned int>&&, callback_t&&)’ at /usr/local/include/ylt/coro_io/ibverbs/ib_socket.hpp:71:41,
    inlined from ‘void coro_io::detail::ib_socket_shared_state_t::post_recv_impl(callback_t&&)’ at /usr/local/include/ylt/coro_io/ibverbs/ib_socket.hpp:294:39:
/usr/include/c++/12/bits/move.h:205:7: warning: ‘handle_tmp.async_simple::util::move_only_function<void(std::pair<std::error_code, long unsigned int>)>::<unnamed>.async_simple::util::detail::_function_base::_m_functor’ may be used uninitialized [-Wmaybe-uninitialized]
  205 |       __a = _GLIBCXX_MOVE(__b);
      |       ^~~
/usr/local/include/ylt/coro_io/ibverbs/ib_socket.hpp: In member function ‘void coro_io::detail::ib_socket_shared_state_t::post_recv_impl(callback_t&&)’:
/usr/local/include/ylt/coro_io/ibverbs/ib_socket.hpp:71:12: note: ‘handle_tmp’ declared here
   71 |       auto handle_tmp = std::move(handle);
      |            ^~~~~~~~~~
In function ‘constexpr std::_Require<std::__not_<std::__is_tuple_like<_Tp> >, std::is_move_constructible<_Tp>, std::is_move_assignable<_Tp> > std::swap(_Tp&, _Tp&) [with _Tp = void (*)(const async_simple::util::detail::_any_data&, pair<error_code, long unsigned int>&&)]’,
    inlined from ‘void async_simple::util::move_only_function<RetType(ArgTypes ...)>::swap(async_simple::util::move_only_function<RetType(ArgTypes ...)>&) [with RetType = void; ArgTypes = {std::pair<std::error_code, long unsigned int>}]’ at /usr/local/include/async_simple/util/move_only_function.h:349:18,
    inlined from ‘async_simple::util::move_only_function<RetType(ArgTypes ...)>::move_only_function(async_simple::util::move_only_function<RetType(ArgTypes ...)>&&) [with RetType = void; ArgTypes = {std::pair<std::error_code, long unsigned int>}]’ at /usr/local/include/async_simple/util/move_only_function.h:286:19,
    inlined from ‘static void coro_io::detail::ib_socket_shared_state_t::resume(std::pair<std::error_code, long unsigned int>&&, callback_t&&)’ at /usr/local/include/ylt/coro_io/ibverbs/ib_socket.hpp:71:41,
    inlined from ‘void coro_io::detail::ib_socket_shared_state_t::post_recv_impl(callback_t&&)’ at /usr/local/include/ylt/coro_io/ibverbs/ib_socket.hpp:294:39:
/usr/include/c++/12/bits/move.h:205:11: warning: ‘handle_tmp.async_simple::util::move_only_function<void(std::pair<std::error_code, long unsigned int>)>::_m_invoker’ may be used uninitialized [-Wmaybe-uninitialized]
  205 |       __a = _GLIBCXX_MOVE(__b);
      |           ^
/usr/local/include/ylt/coro_io/ibverbs/ib_socket.hpp: In member function ‘void coro_io::detail::ib_socket_shared_state_t::post_recv_impl(callback_t&&)’:
/usr/local/include/ylt/coro_io/ibverbs/ib_socket.hpp:71:12: note: ‘handle_tmp’ declared here
   71 |       auto handle_tmp = std::move(handle);
      |            ^~~~~~~~~~
In function ‘constexpr std::_Require<std::__not_<std::__is_tuple_like<_Tp> >, std::is_move_constructible<_Tp>, std::is_move_assignable<_Tp> > std::swap(_Tp&, _Tp&) [with _Tp = async_simple::util::detail::_any_data]’,
    inlined from ‘void async_simple::util::move_only_function<RetType(ArgTypes ...)>::swap(async_simple::util::move_only_function<RetType(ArgTypes ...)>&) [with RetType = void; ArgTypes = {std::pair<std::error_code, long unsigned int>}]’ at /usr/local/include/async_simple/util/move_only_function.h:347:18,
    inlined from ‘async_simple::util::move_only_function<RetType(ArgTypes ...)>::move_only_function(async_simple::util::move_only_function<RetType(ArgTypes ...)>&&) [with RetType = void; ArgTypes = {std::pair<std::error_code, long unsigned int>}]’ at /usr/local/include/async_simple/util/move_only_function.h:286:19,
    inlined from ‘async_simple::util::move_only_function<RetType(ArgTypes ...)>& async_simple::util::move_only_function<RetType(ArgTypes ...)>::operator=(async_simple::util::move_only_function<RetType(ArgTypes ...)>&&) [with RetType = void; ArgTypes = {std::pair<std::error_code, long unsigned int>}]’ at /usr/local/include/async_simple/util/move_only_function.h:324:9,
    inlined from ‘void coro_io::detail::ib_socket_shared_state_t::post_recv_impl(callback_t&&)’ at /usr/local/include/ylt/coro_io/ibverbs/ib_socket.hpp:303:33:
/usr/include/c++/12/bits/move.h:205:7: warning: ‘<unnamed>.async_simple::util::move_only_function<void(std::pair<std::error_code, long unsigned int>)>::<unnamed>.async_simple::util::detail::_function_base::_m_functor’ may be used uninitialized [-Wmaybe-uninitialized]
  205 |       __a = _GLIBCXX_MOVE(__b);
      |       ^~~
/usr/local/include/async_simple/util/move_only_function.h: In member function ‘void coro_io::detail::ib_socket_shared_state_t::post_recv_impl(callback_t&&)’:
/usr/local/include/async_simple/util/move_only_function.h:324:9: note: ‘<anonymous>’ declared here
  324 |         move_only_function(std::move(other)).swap(*this);
      |         ^~~~~~~~~~~~~~~~~~~~~~~~~~~~~~~~~~~~
In function ‘constexpr std::_Require<std::__not_<std::__is_tuple_like<_Tp> >, std::is_move_constructible<_Tp>, std::is_move_assignable<_Tp> > std::swap(_Tp&, _Tp&) [with _Tp = void (*)(const async_simple::util::detail::_any_data&, pair<error_code, long unsigned int>&&)]’,
    inlined from ‘void async_simple::util::move_only_function<RetType(ArgTypes ...)>::swap(async_simple::util::move_only_function<RetType(ArgTypes ...)>&) [with RetType = void; ArgTypes = {std::pair<std::error_code, long unsigned int>}]’ at /usr/local/include/async_simple/util/move_only_function.h:349:18,
    inlined from ‘async_simple::util::move_only_function<RetType(ArgTypes ...)>::move_only_function(async_simple::util::move_only_function<RetType(ArgTypes ...)>&&) [with RetType = void; ArgTypes = {std::pair<std::error_code, long unsigned int>}]’ at /usr/local/include/async_simple/util/move_only_function.h:286:19,
    inlined from ‘async_simple::util::move_only_function<RetType(ArgTypes ...)>& async_simple::util::move_only_function<RetType(ArgTypes ...)>::operator=(async_simple::util::move_only_function<RetType(ArgTypes ...)>&&) [with RetType = void; ArgTypes = {std::pair<std::error_code, long unsigned int>}]’ at /usr/local/include/async_simple/util/move_only_function.h:324:9,
    inlined from ‘void coro_io::detail::ib_socket_shared_state_t::post_recv_impl(callback_t&&)’ at /usr/local/include/ylt/coro_io/ibverbs/ib_socket.hpp:303:33:
/usr/include/c++/12/bits/move.h:205:11: warning: ‘<unnamed>.async_simple::util::move_only_function<void(std::pair<std::error_code, long unsigned int>)>::_m_invoker’ may be used uninitialized [-Wmaybe-uninitialized]
  205 |       __a = _GLIBCXX_MOVE(__b);
      |           ^
/usr/local/include/async_simple/util/move_only_function.h: In member function ‘void coro_io::detail::ib_socket_shared_state_t::post_recv_impl(callback_t&&)’:
/usr/local/include/async_simple/util/move_only_function.h:324:9: note: ‘<anonymous>’ declared here
  324 |         move_only_function(std::move(other)).swap(*this);
      |         ^~~~~~~~~~~~~~~~~~~~~~~~~~~~~~~~~~~~
In function ‘constexpr std::_Require<std::__not_<std::__is_tuple_like<_Tp> >, std::is_move_constructible<_Tp>, std::is_move_assignable<_Tp> > std::swap(_Tp&, _Tp&) [with _Tp = async_simple::util::detail::_any_data]’,
    inlined from ‘void async_simple::util::move_only_function<RetType(ArgTypes ...)>::swap(async_simple::util::move_only_function<RetType(ArgTypes ...)>&) [with RetType = void; ArgTypes = {std::pair<std::error_code, long unsigned int>}]’ at /usr/local/include/async_simple/util/move_only_function.h:347:18,
    inlined from ‘async_simple::util::move_only_function<RetType(ArgTypes ...)>::move_only_function(async_simple::util::move_only_function<RetType(ArgTypes ...)>&&) [with RetType = void; ArgTypes = {std::pair<std::error_code, long unsigned int>}]’ at /usr/local/include/async_simple/util/move_only_function.h:286:19,
    inlined from ‘async_simple::util::move_only_function<RetType(ArgTypes ...)>& async_simple::util::move_only_function<RetType(ArgTypes ...)>::operator=(async_simple::util::move_only_function<RetType(ArgTypes ...)>&&) [with RetType = void; ArgTypes = {std::pair<std::error_code, long unsigned int>}]’ at /usr/local/include/async_simple/util/move_only_function.h:324:9,
    inlined from ‘std::error_code coro_io::detail::ib_socket_shared_state_t::poll_completion()’ at /usr/local/include/ylt/coro_io/ibverbs/ib_socket.hpp:363:51:
/usr/include/c++/12/bits/move.h:205:7: warning: ‘<unnamed>.async_simple::util::move_only_function<void(std::pair<std::error_code, long unsigned int>)>::<unnamed>.async_simple::util::detail::_function_base::_m_functor’ may be used uninitialized [-Wmaybe-uninitialized]
  205 |       __a = _GLIBCXX_MOVE(__b);
      |       ^~~
/usr/local/include/async_simple/util/move_only_function.h: In member function ‘std::error_code coro_io::detail::ib_socket_shared_state_t::poll_completion()’:
/usr/local/include/async_simple/util/move_only_function.h:324:9: note: ‘<anonymous>’ declared here
  324 |         move_only_function(std::move(other)).swap(*this);
      |         ^~~~~~~~~~~~~~~~~~~~~~~~~~~~~~~~~~~~
In function ‘constexpr std::_Require<std::__not_<std::__is_tuple_like<_Tp> >, std::is_move_constructible<_Tp>, std::is_move_assignable<_Tp> > std::swap(_Tp&, _Tp&) [with _Tp = void (*)(const async_simple::util::detail::_any_data&, pair<error_code, long unsigned int>&&)]’,
    inlined from ‘void async_simple::util::move_only_function<RetType(ArgTypes ...)>::swap(async_simple::util::move_only_function<RetType(ArgTypes ...)>&) [with RetType = void; ArgTypes = {std::pair<std::error_code, long unsigned int>}]’ at /usr/local/include/async_simple/util/move_only_function.h:349:18,
    inlined from ‘async_simple::util::move_only_function<RetType(ArgTypes ...)>::move_only_function(async_simple::util::move_only_function<RetType(ArgTypes ...)>&&) [with RetType = void; ArgTypes = {std::pair<std::error_code, long unsigned int>}]’ at /usr/local/include/async_simple/util/move_only_function.h:286:19,
    inlined from ‘async_simple::util::move_only_function<RetType(ArgTypes ...)>& async_simple::util::move_only_function<RetType(ArgTypes ...)>::operator=(async_simple::util::move_only_function<RetType(ArgTypes ...)>&&) [with RetType = void; ArgTypes = {std::pair<std::error_code, long unsigned int>}]’ at /usr/local/include/async_simple/util/move_only_function.h:324:9,
    inlined from ‘std::error_code coro_io::detail::ib_socket_shared_state_t::poll_completion()’ at /usr/local/include/ylt/coro_io/ibverbs/ib_socket.hpp:363:51:
/usr/include/c++/12/bits/move.h:205:11: warning: ‘<unnamed>.async_simple::util::move_only_function<void(std::pair<std::error_code, long unsigned int>)>::_m_invoker’ may be used uninitialized [-Wmaybe-uninitialized]
  205 |       __a = _GLIBCXX_MOVE(__b);
      |           ^
/usr/local/include/async_simple/util/move_only_function.h: In member function ‘std::error_code coro_io::detail::ib_socket_shared_state_t::poll_completion()’:
/usr/local/include/async_simple/util/move_only_function.h:324:9: note: ‘<anonymous>’ declared here
  324 |         move_only_function(std::move(other)).swap(*this);
      |         ^~~~~~~~~~~~~~~~~~~~~~~~~~~~~~~~~~~~
In function ‘constexpr std::_Require<std::__not_<std::__is_tuple_like<_Tp> >, std::is_move_constructible<_Tp>, std::is_move_assignable<_Tp> > std::swap(_Tp&, _Tp&) [with _Tp = async_simple::util::detail::_any_data]’,
    inlined from ‘void async_simple::util::move_only_function<RetType(ArgTypes ...)>::swap(async_simple::util::move_only_function<RetType(ArgTypes ...)>&) [with RetType = void; ArgTypes = {std::pair<std::error_code, long unsigned int>}]’ at /usr/local/include/async_simple/util/move_only_function.h:347:18,
    inlined from ‘async_simple::util::move_only_function<RetType(ArgTypes ...)>::move_only_function(async_simple::util::move_only_function<RetType(ArgTypes ...)>&&) [with RetType = void; ArgTypes = {std::pair<std::error_code, long unsigned int>}]’ at /usr/local/include/async_simple/util/move_only_function.h:286:19,
    inlined from ‘static void coro_io::detail::ib_socket_shared_state_t::resume(std::pair<std::error_code, long unsigned int>&&, callback_t&&)’ at /usr/local/include/ylt/coro_io/ibverbs/ib_socket.hpp:71:41,
    inlined from ‘std::error_code coro_io::detail::ib_socket_shared_state_t::poll_completion()’ at /usr/local/include/ylt/coro_io/ibverbs/ib_socket.hpp:381:15:
/usr/include/c++/12/bits/move.h:205:7: warning: ‘handle_tmp.async_simple::util::move_only_function<void(std::pair<std::error_code, long unsigned int>)>::<unnamed>.async_simple::util::detail::_function_base::_m_functor’ may be used uninitialized [-Wmaybe-uninitialized]
  205 |       __a = _GLIBCXX_MOVE(__b);
      |       ^~~
/usr/local/include/ylt/coro_io/ibverbs/ib_socket.hpp: In member function ‘std::error_code coro_io::detail::ib_socket_shared_state_t::poll_completion()’:
/usr/local/include/ylt/coro_io/ibverbs/ib_socket.hpp:71:12: note: ‘handle_tmp’ declared here
   71 |       auto handle_tmp = std::move(handle);
      |            ^~~~~~~~~~
In function ‘constexpr std::_Require<std::__not_<std::__is_tuple_like<_Tp> >, std::is_move_constructible<_Tp>, std::is_move_assignable<_Tp> > std::swap(_Tp&, _Tp&) [with _Tp = void (*)(const async_simple::util::detail::_any_data&, pair<error_code, long unsigned int>&&)]’,
    inlined from ‘void async_simple::util::move_only_function<RetType(ArgTypes ...)>::swap(async_simple::util::move_only_function<RetType(ArgTypes ...)>&) [with RetType = void; ArgTypes = {std::pair<std::error_code, long unsigned int>}]’ at /usr/local/include/async_simple/util/move_only_function.h:349:18,
    inlined from ‘async_simple::util::move_only_function<RetType(ArgTypes ...)>::move_only_function(async_simple::util::move_only_function<RetType(ArgTypes ...)>&&) [with RetType = void; ArgTypes = {std::pair<std::error_code, long unsigned int>}]’ at /usr/local/include/async_simple/util/move_only_function.h:286:19,
    inlined from ‘static void coro_io::detail::ib_socket_shared_state_t::resume(std::pair<std::error_code, long unsigned int>&&, callback_t&&)’ at /usr/local/include/ylt/coro_io/ibverbs/ib_socket.hpp:71:41,
    inlined from ‘std::error_code coro_io::detail::ib_socket_shared_state_t::poll_completion()’ at /usr/local/include/ylt/coro_io/ibverbs/ib_socket.hpp:381:15:
/usr/include/c++/12/bits/move.h:205:11: warning: ‘handle_tmp.async_simple::util::move_only_function<void(std::pair<std::error_code, long unsigned int>)>::_m_invoker’ may be used uninitialized [-Wmaybe-uninitialized]
  205 |       __a = _GLIBCXX_MOVE(__b);
      |           ^
/usr/local/include/ylt/coro_io/ibverbs/ib_socket.hpp: In member function ‘std::error_code coro_io::detail::ib_socket_shared_state_t::poll_completion()’:
/usr/local/include/ylt/coro_io/ibverbs/ib_socket.hpp:71:12: note: ‘handle_tmp’ declared here
   71 |       auto handle_tmp = std::move(handle);
      |            ^~~~~~~~~~
In function ‘constexpr std::_Require<std::__not_<std::__is_tuple_like<_Tp> >, std::is_move_constructible<_Tp>, std::is_move_assignable<_Tp> > std::swap(_Tp&, _Tp&) [with _Tp = async_simple::util::detail::_any_data]’,
    inlined from ‘void async_simple::util::move_only_function<RetType(ArgTypes ...)>::swap(async_simple::util::move_only_function<RetType(ArgTypes ...)>&) [with RetType = void; ArgTypes = {std::pair<std::error_code, long unsigned int>}]’ at /usr/local/include/async_simple/util/move_only_function.h:347:18,
    inlined from ‘async_simple::util::move_only_function<RetType(ArgTypes ...)>::move_only_function(async_simple::util::move_only_function<RetType(ArgTypes ...)>&&) [with RetType = void; ArgTypes = {std::pair<std::error_code, long unsigned int>}]’ at /usr/local/include/async_simple/util/move_only_function.h:286:19,
    inlined from ‘static void coro_io::detail::ib_socket_shared_state_t::resume(std::pair<std::error_code, long unsigned int>&&, callback_t&&)’ at /usr/local/include/ylt/coro_io/ibverbs/ib_socket.hpp:71:41,
    inlined from ‘std::error_code coro_io::detail::ib_socket_shared_state_t::poll_completion()’ at /usr/local/include/ylt/coro_io/ibverbs/ib_socket.hpp:384:15:
/usr/include/c++/12/bits/move.h:205:7: warning: ‘handle_tmp.async_simple::util::move_only_function<void(std::pair<std::error_code, long unsigned int>)>::<unnamed>.async_simple::util::detail::_function_base::_m_functor’ may be used uninitialized [-Wmaybe-uninitialized]
  205 |       __a = _GLIBCXX_MOVE(__b);
      |       ^~~
/usr/local/include/ylt/coro_io/ibverbs/ib_socket.hpp: In member function ‘std::error_code coro_io::detail::ib_socket_shared_state_t::poll_completion()’:
/usr/local/include/ylt/coro_io/ibverbs/ib_socket.hpp:71:12: note: ‘handle_tmp’ declared here
   71 |       auto handle_tmp = std::move(handle);
      |            ^~~~~~~~~~
In function ‘constexpr std::_Require<std::__not_<std::__is_tuple_like<_Tp> >, std::is_move_constructible<_Tp>, std::is_move_assignable<_Tp> > std::swap(_Tp&, _Tp&) [with _Tp = void (*)(const async_simple::util::detail::_any_data&, pair<error_code, long unsigned int>&&)]’,
    inlined from ‘void async_simple::util::move_only_function<RetType(ArgTypes ...)>::swap(async_simple::util::move_only_function<RetType(ArgTypes ...)>&) [with RetType = void; ArgTypes = {std::pair<std::error_code, long unsigned int>}]’ at /usr/local/include/async_simple/util/move_only_function.h:349:18,
    inlined from ‘async_simple::util::move_only_function<RetType(ArgTypes ...)>::move_only_function(async_simple::util::move_only_function<RetType(ArgTypes ...)>&&) [with RetType = void; ArgTypes = {std::pair<std::error_code, long unsigned int>}]’ at /usr/local/include/async_simple/util/move_only_function.h:286:19,
    inlined from ‘static void coro_io::detail::ib_socket_shared_state_t::resume(std::pair<std::error_code, long unsigned int>&&, callback_t&&)’ at /usr/local/include/ylt/coro_io/ibverbs/ib_socket.hpp:71:41,
    inlined from ‘std::error_code coro_io::detail::ib_socket_shared_state_t::poll_completion()’ at /usr/local/include/ylt/coro_io/ibverbs/ib_socket.hpp:384:15:
/usr/include/c++/12/bits/move.h:205:11: warning: ‘handle_tmp.async_simple::util::move_only_function<void(std::pair<std::error_code, long unsigned int>)>::_m_invoker’ may be used uninitialized [-Wmaybe-uninitialized]
  205 |       __a = _GLIBCXX_MOVE(__b);
      |           ^
/usr/local/include/ylt/coro_io/ibverbs/ib_socket.hpp: In member function ‘std::error_code coro_io::detail::ib_socket_shared_state_t::poll_completion()’:
/usr/local/include/ylt/coro_io/ibverbs/ib_socket.hpp:71:12: note: ‘handle_tmp’ declared here
   71 |       auto handle_tmp = std::move(handle);
      |            ^~~~~~~~~~
In function ‘constexpr std::_Require<std::__not_<std::__is_tuple_like<_Tp> >, std::is_move_constructible<_Tp>, std::is_move_assignable<_Tp> > std::swap(_Tp&, _Tp&) [with _Tp = async_simple::util::detail::_any_data]’,
    inlined from ‘void async_simple::util::move_only_function<RetType(ArgTypes ...)>::swap(async_simple::util::move_only_function<RetType(ArgTypes ...)>&) [with RetType = void; ArgTypes = {std::pair<std::error_code, long unsigned int>}]’ at /usr/local/include/async_simple/util/move_only_function.h:347:18,
    inlined from ‘async_simple::util::move_only_function<RetType(ArgTypes ...)>::move_only_function(async_simple::util::move_only_function<RetType(ArgTypes ...)>&&) [with RetType = void; ArgTypes = {std::pair<std::error_code, long unsigned int>}]’ at /usr/local/include/async_simple/util/move_only_function.h:286:19,
    inlined from ‘static void coro_io::detail::ib_socket_shared_state_t::resume(std::pair<std::error_code, long unsigned int>&&, callback_t&&)’ at /usr/local/include/ylt/coro_io/ibverbs/ib_socket.hpp:71:41,
    inlined from ‘void coro_io::ib_socket_t::init_fd()::<lambda(std::shared_ptr<coro_io::detail::ib_socket_shared_state_t>)>::operator()(coro_io::ib_socket_t::init_fd()::<lambda(std::shared_ptr<coro_io::detail::ib_socket_shared_state_t>)>::_ZZN7coro_io11ib_socket_t7init_fdEvENKUlSt10shared_ptrINS_6detail24ib_socket_shared_state_tEEE0_clES4_.Frame*)’ at /usr/local/include/ylt/coro_io/ibverbs/ib_socket.hpp:1062:53:
/usr/include/c++/12/bits/move.h:205:7: warning: ‘handle_tmp.async_simple::util::move_only_function<void(std::pair<std::error_code, long unsigned int>)>::<unnamed>.async_simple::util::detail::_function_base::_m_functor’ may be used uninitialized [-Wmaybe-uninitialized]
  205 |       __a = _GLIBCXX_MOVE(__b);
      |       ^~~
/usr/local/include/ylt/coro_io/ibverbs/ib_socket.hpp: In function ‘void coro_io::ib_socket_t::init_fd()::<lambda(std::shared_ptr<coro_io::detail::ib_socket_shared_state_t>)>::operator()(coro_io::ib_socket_t::init_fd()::<lambda(std::shared_ptr<coro_io::detail::ib_socket_shared_state_t>)>::_ZZN7coro_io11ib_socket_t7init_fdEvENKUlSt10shared_ptrINS_6detail24ib_socket_shared_state_tEEE0_clES4_.Frame*)’:
/usr/local/include/ylt/coro_io/ibverbs/ib_socket.hpp:71:12: note: ‘handle_tmp’ declared here
   71 |       auto handle_tmp = std::move(handle);
      |            ^~~~~~~~~~
In function ‘constexpr std::_Require<std::__not_<std::__is_tuple_like<_Tp> >, std::is_move_constructible<_Tp>, std::is_move_assignable<_Tp> > std::swap(_Tp&, _Tp&) [with _Tp = void (*)(const async_simple::util::detail::_any_data&, pair<error_code, long unsigned int>&&)]’,
    inlined from ‘void async_simple::util::move_only_function<RetType(ArgTypes ...)>::swap(async_simple::util::move_only_function<RetType(ArgTypes ...)>&) [with RetType = void; ArgTypes = {std::pair<std::error_code, long unsigned int>}]’ at /usr/local/include/async_simple/util/move_only_function.h:349:18,
    inlined from ‘async_simple::util::move_only_function<RetType(ArgTypes ...)>::move_only_function(async_simple::util::move_only_function<RetType(ArgTypes ...)>&&) [with RetType = void; ArgTypes = {std::pair<std::error_code, long unsigned int>}]’ at /usr/local/include/async_simple/util/move_only_function.h:286:19,
    inlined from ‘static void coro_io::detail::ib_socket_shared_state_t::resume(std::pair<std::error_code, long unsigned int>&&, callback_t&&)’ at /usr/local/include/ylt/coro_io/ibverbs/ib_socket.hpp:71:41,
    inlined from ‘void coro_io::ib_socket_t::init_fd()::<lambda(std::shared_ptr<coro_io::detail::ib_socket_shared_state_t>)>::operator()(coro_io::ib_socket_t::init_fd()::<lambda(std::shared_ptr<coro_io::detail::ib_socket_shared_state_t>)>::_ZZN7coro_io11ib_socket_t7init_fdEvENKUlSt10shared_ptrINS_6detail24ib_socket_shared_state_tEEE0_clES4_.Frame*)’ at /usr/local/include/ylt/coro_io/ibverbs/ib_socket.hpp:1062:53:
/usr/include/c++/12/bits/move.h:205:11: warning: ‘handle_tmp.async_simple::util::move_only_function<void(std::pair<std::error_code, long unsigned int>)>::_m_invoker’ may be used uninitialized [-Wmaybe-uninitialized]
  205 |       __a = _GLIBCXX_MOVE(__b);
      |           ^
/usr/local/include/ylt/coro_io/ibverbs/ib_socket.hpp: In function ‘void coro_io::ib_socket_t::init_fd()::<lambda(std::shared_ptr<coro_io::detail::ib_socket_shared_state_t>)>::operator()(coro_io::ib_socket_t::init_fd()::<lambda(std::shared_ptr<coro_io::detail::ib_socket_shared_state_t>)>::_ZZN7coro_io11ib_socket_t7init_fdEvENKUlSt10shared_ptrINS_6detail24ib_socket_shared_state_tEEE0_clES4_.Frame*)’:
/usr/local/include/ylt/coro_io/ibverbs/ib_socket.hpp:71:12: note: ‘handle_tmp’ declared here
   71 |       auto handle_tmp = std::move(handle);
      |            ^~~~~~~~~~
In function ‘constexpr std::_Require<std::__not_<std::__is_tuple_like<_Tp> >, std::is_move_constructible<_Tp>, std::is_move_assignable<_Tp> > std::swap(_Tp&, _Tp&) [with _Tp = async_simple::util::detail::_any_data]’,
    inlined from ‘void async_simple::util::move_only_function<RetType(ArgTypes ...)>::swap(async_simple::util::move_only_function<RetType(ArgTypes ...)>&) [with RetType = void; ArgTypes = {std::pair<std::error_code, long unsigned int>}]’ at /usr/local/include/async_simple/util/move_only_function.h:347:18,
    inlined from ‘async_simple::util::move_only_function<RetType(ArgTypes ...)>::move_only_function(async_simple::util::move_only_function<RetType(ArgTypes ...)>&&) [with RetType = void; ArgTypes = {std::pair<std::error_code, long unsigned int>}]’ at /usr/local/include/async_simple/util/move_only_function.h:286:19,
    inlined from ‘async_simple::util::move_only_function<RetType(ArgTypes ...)>& async_simple::util::move_only_function<RetType(ArgTypes ...)>::operator=(async_simple::util::move_only_function<RetType(ArgTypes ...)>&&) [with RetType = void; ArgTypes = {std::pair<std::error_code, long unsigned int>}]’ at /usr/local/include/async_simple/util/move_only_function.h:324:9,
    inlined from ‘void coro_io::detail::circle_buffer<T>::push(T&&) [with T = async_simple::util::move_only_function<void(std::pair<std::error_code, long unsigned int>)>]’ at /usr/local/include/ylt/coro_io/detail/circle_buffer.hpp:40:17,
    inlined from ‘void coro_io::detail::ib_socket_shared_state_t::post_send_impl(ibv_sge, callback_t&&, bool)’ at /usr/local/include/ylt/coro_io/ibverbs/ib_socket.hpp:283:22:
/usr/include/c++/12/bits/move.h:205:7: warning: ‘<unnamed>.async_simple::util::move_only_function<void(std::pair<std::error_code, long unsigned int>)>::<unnamed>.async_simple::util::detail::_function_base::_m_functor’ may be used uninitialized [-Wmaybe-uninitialized]
  205 |       __a = _GLIBCXX_MOVE(__b);
      |       ^~~
In file included from /usr/local/include/async_simple/Signal.h:34,
                 from /usr/local/include/async_simple/Executor.h:29,
                 from /usr/local/include/async_simple/Future.h:24,
                 from /usr/local/include/ylt/coro_rpc/impl/coro_rpc_client.hpp:17:
/usr/local/include/async_simple/util/move_only_function.h: In member function ‘void coro_io::detail::ib_socket_shared_state_t::post_send_impl(ibv_sge, callback_t&&, bool)’:
/usr/local/include/async_simple/util/move_only_function.h:324:9: note: ‘<anonymous>’ declared here
  324 |         move_only_function(std::move(other)).swap(*this);
      |         ^~~~~~~~~~~~~~~~~~~~~~~~~~~~~~~~~~~~
In function ‘constexpr std::_Require<std::__not_<std::__is_tuple_like<_Tp> >, std::is_move_constructible<_Tp>, std::is_move_assignable<_Tp> > std::swap(_Tp&, _Tp&) [with _Tp = void (*)(const async_simple::util::detail::_any_data&, pair<error_code, long unsigned int>&&)]’,
    inlined from ‘void async_simple::util::move_only_function<RetType(ArgTypes ...)>::swap(async_simple::util::move_only_function<RetType(ArgTypes ...)>&) [with RetType = void; ArgTypes = {std::pair<std::error_code, long unsigned int>}]’ at /usr/local/include/async_simple/util/move_only_function.h:349:18,
    inlined from ‘async_simple::util::move_only_function<RetType(ArgTypes ...)>::move_only_function(async_simple::util::move_only_function<RetType(ArgTypes ...)>&&) [with RetType = void; ArgTypes = {std::pair<std::error_code, long unsigned int>}]’ at /usr/local/include/async_simple/util/move_only_function.h:286:19,
    inlined from ‘async_simple::util::move_only_function<RetType(ArgTypes ...)>& async_simple::util::move_only_function<RetType(ArgTypes ...)>::operator=(async_simple::util::move_only_function<RetType(ArgTypes ...)>&&) [with RetType = void; ArgTypes = {std::pair<std::error_code, long unsigned int>}]’ at /usr/local/include/async_simple/util/move_only_function.h:324:9,
    inlined from ‘void coro_io::detail::circle_buffer<T>::push(T&&) [with T = async_simple::util::move_only_function<void(std::pair<std::error_code, long unsigned int>)>]’ at /usr/local/include/ylt/coro_io/detail/circle_buffer.hpp:40:17,
    inlined from ‘void coro_io::detail::ib_socket_shared_state_t::post_send_impl(ibv_sge, callback_t&&, bool)’ at /usr/local/include/ylt/coro_io/ibverbs/ib_socket.hpp:283:22:
/usr/include/c++/12/bits/move.h:205:11: warning: ‘<unnamed>.async_simple::util::move_only_function<void(std::pair<std::error_code, long unsigned int>)>::_m_invoker’ may be used uninitialized [-Wmaybe-uninitialized]
  205 |       __a = _GLIBCXX_MOVE(__b);
      |           ^
/usr/local/include/async_simple/util/move_only_function.h: In member function ‘void coro_io::detail::ib_socket_shared_state_t::post_send_impl(ibv_sge, callback_t&&, bool)’:
/usr/local/include/async_simple/util/move_only_function.h:324:9: note: ‘<anonymous>’ declared here
  324 |         move_only_function(std::move(other)).swap(*this);
      |         ^~~~~~~~~~~~~~~~~~~~~~~~~~~~~~~~~~~~
In function ‘constexpr std::_Require<std::__not_<std::__is_tuple_like<_Tp> >, std::is_move_constructible<_Tp>, std::is_move_assignable<_Tp> > std::swap(_Tp&, _Tp&) [with _Tp = async_simple::util::detail::_any_data]’,
    inlined from ‘void async_simple::util::move_only_function<RetType(ArgTypes ...)>::swap(async_simple::util::move_only_function<RetType(ArgTypes ...)>&) [with RetType = void; ArgTypes = {std::pair<std::error_code, long unsigned int>}]’ at /usr/local/include/async_simple/util/move_only_function.h:347:18,
    inlined from ‘async_simple::util::move_only_function<RetType(ArgTypes ...)>::move_only_function(async_simple::util::move_only_function<RetType(ArgTypes ...)>&&) [with RetType = void; ArgTypes = {std::pair<std::error_code, long unsigned int>}]’ at /usr/local/include/async_simple/util/move_only_function.h:286:19,
    inlined from ‘static void coro_io::detail::ib_socket_shared_state_t::resume(std::pair<std::error_code, long unsigned int>&&, callback_t&&)’ at /usr/local/include/ylt/coro_io/ibverbs/ib_socket.hpp:71:41,
    inlined from ‘void coro_io::detail::ib_socket_shared_state_t::post_send_impl(ibv_sge, callback_t&&, bool)’ at /usr/local/include/ylt/coro_io/ibverbs/ib_socket.hpp:279:41:
/usr/include/c++/12/bits/move.h:205:7: warning: ‘handle_tmp.async_simple::util::move_only_function<void(std::pair<std::error_code, long unsigned int>)>::<unnamed>.async_simple::util::detail::_function_base::_m_functor’ may be used uninitialized [-Wmaybe-uninitialized]
  205 |       __a = _GLIBCXX_MOVE(__b);
      |       ^~~
/usr/local/include/ylt/coro_io/ibverbs/ib_socket.hpp: In member function ‘void coro_io::detail::ib_socket_shared_state_t::post_send_impl(ibv_sge, callback_t&&, bool)’:
/usr/local/include/ylt/coro_io/ibverbs/ib_socket.hpp:71:12: note: ‘handle_tmp’ declared here
   71 |       auto handle_tmp = std::move(handle);
      |            ^~~~~~~~~~
In function ‘constexpr std::_Require<std::__not_<std::__is_tuple_like<_Tp> >, std::is_move_constructible<_Tp>, std::is_move_assignable<_Tp> > std::swap(_Tp&, _Tp&) [with _Tp = void (*)(const async_simple::util::detail::_any_data&, pair<error_code, long unsigned int>&&)]’,
    inlined from ‘void async_simple::util::move_only_function<RetType(ArgTypes ...)>::swap(async_simple::util::move_only_function<RetType(ArgTypes ...)>&) [with RetType = void; ArgTypes = {std::pair<std::error_code, long unsigned int>}]’ at /usr/local/include/async_simple/util/move_only_function.h:349:18,
    inlined from ‘async_simple::util::move_only_function<RetType(ArgTypes ...)>::move_only_function(async_simple::util::move_only_function<RetType(ArgTypes ...)>&&) [with RetType = void; ArgTypes = {std::pair<std::error_code, long unsigned int>}]’ at /usr/local/include/async_simple/util/move_only_function.h:286:19,
    inlined from ‘static void coro_io::detail::ib_socket_shared_state_t::resume(std::pair<std::error_code, long unsigned int>&&, callback_t&&)’ at /usr/local/include/ylt/coro_io/ibverbs/ib_socket.hpp:71:41,
    inlined from ‘void coro_io::detail::ib_socket_shared_state_t::post_send_impl(ibv_sge, callback_t&&, bool)’ at /usr/local/include/ylt/coro_io/ibverbs/ib_socket.hpp:279:41:
/usr/include/c++/12/bits/move.h:205:11: warning: ‘handle_tmp.async_simple::util::move_only_function<void(std::pair<std::error_code, long unsigned int>)>::_m_invoker’ may be used uninitialized [-Wmaybe-uninitialized]
  205 |       __a = _GLIBCXX_MOVE(__b);
      |           ^
/usr/local/include/ylt/coro_io/ibverbs/ib_socket.hpp: In member function ‘void coro_io::detail::ib_socket_shared_state_t::post_send_impl(ibv_sge, callback_t&&, bool)’:
/usr/local/include/ylt/coro_io/ibverbs/ib_socket.hpp:71:12: note: ‘handle_tmp’ declared here
   71 |       auto handle_tmp = std::move(handle);
      |            ^~~~~~~~~~
In file included from /usr/local/include/async_simple/Try.h:24,
                 from /usr/local/include/async_simple/coro/SyncAwait.h:22:
In member function ‘constexpr bool std::__detail::__variant::_Variant_storage<false, _Types ...>::_M_valid() const [with _Types = {std::__cxx11::basic_string<char, std::char_traits<char>, std::allocator<char> >, memory_owner_t}]’,
    inlined from ‘constexpr void std::__detail::__variant::_Variant_storage<false, _Types ...>::_M_reset() [with _Types = {std::__cxx11::basic_string<char, std::char_traits<char>, std::allocator<char> >, memory_owner_t}]’ at /usr/include/c++/12/variant:467:15,
    inlined from ‘constexpr std::__detail::__variant::_Variant_storage<false, _Types ...>::~_Variant_storage() [with _Types = {std::__cxx11::basic_string<char, std::char_traits<char>, std::allocator<char> >, memory_owner_t}]’ at /usr/include/c++/12/variant:480:17,
    inlined from ‘constexpr std::__detail::__variant::_Copy_ctor_base<false, std::__cxx11::basic_string<char, std::char_traits<char>, std::allocator<char> >, memory_owner_t>::~_Copy_ctor_base()’ at /usr/include/c++/12/variant:554:12,
    inlined from ‘constexpr std::__detail::__variant::_Move_ctor_base<false, std::__cxx11::basic_string<char, std::char_traits<char>, std::allocator<char> >, memory_owner_t>::~_Move_ctor_base()’ at /usr/include/c++/12/variant:591:12,
    inlined from ‘constexpr std::__detail::__variant::_Copy_assign_base<false, std::__cxx11::basic_string<char, std::char_traits<char>, std::allocator<char> >, memory_owner_t>::~_Copy_assign_base()’ at /usr/include/c++/12/variant:629:12,
    inlined from ‘constexpr std::__detail::__variant::_Move_assign_base<false, std::__cxx11::basic_string<char, std::char_traits<char>, std::allocator<char> >, memory_owner_t>::~_Move_assign_base()’ at /usr/include/c++/12/variant:681:12,
    inlined from ‘constexpr std::__detail::__variant::_Variant_base<std::__cxx11::basic_string<char, std::char_traits<char>, std::allocator<char> >, memory_owner_t>::~_Variant_base()’ at /usr/include/c++/12/variant:735:12,
    inlined from ‘constexpr std::variant<_Types>::~variant() [with _Types = {std::__cxx11::basic_string<char, std::char_traits<char>, std::allocator<char> >, memory_owner_t}]’ at /usr/include/c++/12/variant:1407:28,
    inlined from ‘constexpr coro_io::heterogeneous_buffer::~heterogeneous_buffer()’ at /usr/local/include/ylt/coro_io/heterogeneous_buffer.hpp:29:7,
    inlined from ‘constexpr coro_rpc::resp_body::~resp_body()’ at /usr/local/include/ylt/coro_rpc/impl/coro_rpc_client.hpp:115:8,
    inlined from ‘constexpr coro_rpc::coro_rpc_client::async_rpc_raw_result_value_type::~async_rpc_raw_result_value_type()’ at /usr/local/include/ylt/coro_rpc/impl/coro_rpc_client.hpp:1319:10,
    inlined from ‘constexpr void std::destroy_at(_Tp*) [with _Tp = coro_rpc::coro_rpc_client::async_rpc_raw_result_value_type]’ at /usr/include/c++/12/bits/stl_construct.h:88:18,
    inlined from ‘constexpr void std::_Destroy(_Tp*) [with _Tp = coro_rpc::coro_rpc_client::async_rpc_raw_result_value_type]’ at /usr/include/c++/12/bits/stl_construct.h:149:22,
    inlined from ‘std::__detail::__variant::_Variant_storage<false, coro_rpc::coro_rpc_client::async_rpc_raw_result_value_type, std::error_code>::_M_reset()::<lambda(auto:15&&)> mutable [with auto:15 = coro_rpc::coro_rpc_client::async_rpc_raw_result_value_type&]’ at /usr/include/c++/12/variant:472:19,
    inlined from ‘constexpr _Res std::__invoke_impl(__invoke_other, _Fn&&, _Args&& ...) [with _Res = void; _Fn = __detail::__variant::_Variant_storage<false, coro_rpc::coro_rpc_client::async_rpc_raw_result_value_type, error_code>::_M_reset()::<lambda(auto:15&&)>; _Args = {coro_rpc::coro_rpc_client::async_rpc_raw_result_value_type&}]’ at /usr/include/c++/12/bits/invoke.h:61:36,
    inlined from ‘constexpr std::enable_if_t<is_invocable_r_v<_Res, _Callable, _Args ...>, _Res> std::__invoke_r(_Callable&&, _Args&& ...) [with _Res = void; _Callable = __detail::__variant::_Variant_storage<false, coro_rpc::coro_rpc_client::async_rpc_raw_result_value_type, error_code>::_M_reset()::<lambda(auto:15&&)>; _Args = {coro_rpc::coro_rpc_client::async_rpc_raw_result_value_type&}]’ at /usr/include/c++/12/bits/invoke.h:111:28,
    inlined from ‘static constexpr decltype(auto) std::__detail::__variant::__gen_vtable_impl<std::__detail::__variant::_Multi_array<_Result_type (*)(_Visitor, _Variants ...)>, std::integer_sequence<long unsigned int, __indices ...> >::__visit_invoke(_Visitor&&, _Variants ...) [with _Result_type = void; _Visitor = std::__detail::__variant::_Variant_storage<false, coro_rpc::coro_rpc_client::async_rpc_raw_result_value_type, std::error_code>::_M_reset()::<lambda(auto:15&&)>&&; _Variants = {std::variant<coro_rpc::coro_rpc_client::async_rpc_raw_result_value_type, std::error_code>&}; long unsigned int ...__indices = {0}]’ at /usr/include/c++/12/variant:1035:40,
    inlined from ‘constexpr decltype(auto) std::__do_visit(_Visitor&&, _Variants&& ...) [with _Result_type = void; _Visitor = __detail::__variant::_Variant_storage<false, coro_rpc::coro_rpc_client::async_rpc_raw_result_value_type, error_code>::_M_reset()::<lambda(auto:15&&)>; _Variants = {variant<coro_rpc::coro_rpc_client::async_rpc_raw_result_value_type, error_code>&}]’ at /usr/include/c++/12/variant:1790:5,
    inlined from ‘constexpr decltype(auto) std::__do_visit(_Visitor&&, _Variants&& ...) [with _Result_type = void; _Visitor = __detail::__variant::_Variant_storage<false, coro_rpc::coro_rpc_client::async_rpc_raw_result_value_type, error_code>::_M_reset()::<lambda(auto:15&&)>; _Variants = {variant<coro_rpc::coro_rpc_client::async_rpc_raw_result_value_type, error_code>&}]’ at /usr/include/c++/12/variant:1731:5,
    inlined from ‘constexpr void std::__detail::__variant::_Variant_storage<false, _Types ...>::_M_reset() [with _Types = {coro_rpc::coro_rpc_client::async_rpc_raw_result_value_type, std::error_code}]’ at /usr/include/c++/12/variant:470:23,
    inlined from ‘constexpr std::__detail::__variant::_Variant_storage<false, _Types ...>::~_Variant_storage() [with _Types = {coro_rpc::coro_rpc_client::async_rpc_raw_result_value_type, std::error_code}]’ at /usr/include/c++/12/variant:480:17,
    inlined from ‘constexpr std::__detail::__variant::_Copy_ctor_base<false, coro_rpc::coro_rpc_client::async_rpc_raw_result_value_type, std::error_code>::~_Copy_ctor_base()’ at /usr/include/c++/12/variant:554:12,
    inlined from ‘constexpr std::__detail::__variant::_Move_ctor_base<false, coro_rpc::coro_rpc_client::async_rpc_raw_result_value_type, std::error_code>::~_Move_ctor_base()’ at /usr/include/c++/12/variant:591:12,
    inlined from ‘constexpr std::__detail::__variant::_Copy_assign_base<false, coro_rpc::coro_rpc_client::async_rpc_raw_result_value_type, std::error_code>::~_Copy_assign_base()’ at /usr/include/c++/12/variant:629:12,
    inlined from ‘constexpr std::__detail::__variant::_Move_assign_base<false, coro_rpc::coro_rpc_client::async_rpc_raw_result_value_type, std::error_code>::~_Move_assign_base()’ at /usr/include/c++/12/variant:681:12,
    inlined from ‘constexpr std::__detail::__variant::_Variant_base<coro_rpc::coro_rpc_client::async_rpc_raw_result_value_type, std::error_code>::~_Variant_base()’ at /usr/include/c++/12/variant:735:12,
    inlined from ‘constexpr std::variant<_Types>::~variant() [with _Types = {coro_rpc::coro_rpc_client::async_rpc_raw_result_value_type, std::error_code}]’ at /usr/include/c++/12/variant:1407:28,
    inlined from ‘void coro_rpc::coro_rpc_client::handler_t::local_error(std::error_code&)’ at /usr/local/include/ylt/coro_rpc/impl/coro_rpc_client.hpp:1348:25,
    inlined from ‘static void coro_rpc::coro_rpc_client::send_err_response(control_t*, std::error_code&)’ at /usr/local/include/ylt/coro_rpc/impl/coro_rpc_client.hpp:1458:27:
/usr/include/c++/12/variant:487:22: warning: ‘*(const std::__detail::__variant::_Variant_storage<false, std::__cxx11::basic_string<char, std::char_traits<char>, std::allocator<char> >, memory_owner_t>*)((char*)&<unnamed> + offsetof(std::async_rpc_raw_result, std::variant<coro_rpc::coro_rpc_client::async_rpc_raw_result_value_type, std::error_code>::<unnamed>.std::__detail::__variant::_Variant_base<coro_rpc::coro_rpc_client::async_rpc_raw_result_value_type, std::error_code>::<unnamed>.std::__detail::__variant::_Move_assign_base<false, coro_rpc::coro_rpc_client::async_rpc_raw_result_value_type, std::error_code>::<unnamed>.std::__detail::__variant::_Copy_assign_base<false, coro_rpc::coro_rpc_client::async_rpc_raw_result_value_type, std::error_code>::<unnamed>.std::__detail::__variant::_Move_ctor_base<false, coro_rpc::coro_rpc_client::async_rpc_raw_result_value_type, std::error_code>::<unnamed>.std::__detail::__variant::_Copy_ctor_base<false, coro_rpc::coro_rpc_client::async_rpc_raw_result_value_type, std::error_code>::<unnamed>.std::__detail::__variant::_Variant_storage<false, coro_rpc::coro_rpc_client::async_rpc_raw_result_value_type, std::error_code>::_M_u) + 32).std::__detail::__variant::_Variant_storage<false, std::__cxx11::basic_string<char, std::char_traits<char>, std::allocator<char> >, memory_owner_t>::_M_index’ may be used uninitialized [-Wmaybe-uninitialized]
  487 |         return this->_M_index != __index_type(variant_npos);
      |                ~~~~~~^~~~~~~~
/usr/local/include/ylt/coro_rpc/impl/coro_rpc_client.hpp: In static member function ‘static void coro_rpc::coro_rpc_client::send_err_response(control_t*, std::error_code&)’:
/usr/local/include/ylt/coro_rpc/impl/coro_rpc_client.hpp:1348:48: note: ‘<anonymous>’ declared here
 1348 |       promise_.setValue(async_rpc_raw_result{ec});
      |                                                ^
In file included from /usr/include/c++/12/string:53,
                 from /usr/include/c++/12/stdexcept:39:
In member function ‘constexpr std::__cxx11::basic_string<_CharT, _Traits, _Alloc>::pointer std::__cxx11::basic_string<_CharT, _Traits, _Alloc>::_M_data() const [with _CharT = char; _Traits = std::char_traits<char>; _Alloc = std::allocator<char>]’,
    inlined from ‘constexpr bool std::__cxx11::basic_string<_CharT, _Traits, _Alloc>::_M_is_local() const [with _CharT = char; _Traits = std::char_traits<char>; _Alloc = std::allocator<char>]’ at /usr/include/c++/12/bits/basic_string.h:275:13,
    inlined from ‘constexpr void std::__cxx11::basic_string<_CharT, _Traits, _Alloc>::_M_dispose() [with _CharT = char; _Traits = std::char_traits<char>; _Alloc = std::allocator<char>]’ at /usr/include/c++/12/bits/basic_string.h:293:18,
    inlined from ‘constexpr std::__cxx11::basic_string<_CharT, _Traits, _Alloc>::~basic_string() [with _CharT = char; _Traits = std::char_traits<char>; _Alloc = std::allocator<char>]’ at /usr/include/c++/12/bits/basic_string.h:803:19,
    inlined from ‘constexpr void std::destroy_at(_Tp*) [with _Tp = __cxx11::basic_string<char>]’ at /usr/include/c++/12/bits/stl_construct.h:88:18,
    inlined from ‘constexpr void std::_Destroy(_Tp*) [with _Tp = __cxx11::basic_string<char>]’ at /usr/include/c++/12/bits/stl_construct.h:149:22,
    inlined from ‘std::__detail::__variant::_Variant_storage<false, std::__cxx11::basic_string<char, std::char_traits<char>, std::allocator<char> >, memory_owner_t>::_M_reset()::<lambda(auto:15&&)> mutable [with auto:15 = std::__cxx11::basic_string<char>&]’ at /usr/include/c++/12/variant:472:19,
    inlined from ‘constexpr _Res std::__invoke_impl(__invoke_other, _Fn&&, _Args&& ...) [with _Res = void; _Fn = __detail::__variant::_Variant_storage<false, __cxx11::basic_string<char, char_traits<char>, allocator<char> >, memory_owner_t>::_M_reset()::<lambda(auto:15&&)>; _Args = {__cxx11::basic_string<char, char_traits<char>, allocator<char> >&}]’ at /usr/include/c++/12/bits/invoke.h:61:36,
    inlined from ‘constexpr std::enable_if_t<is_invocable_r_v<_Res, _Callable, _Args ...>, _Res> std::__invoke_r(_Callable&&, _Args&& ...) [with _Res = void; _Callable = __detail::__variant::_Variant_storage<false, __cxx11::basic_string<char, char_traits<char>, allocator<char> >, memory_owner_t>::_M_reset()::<lambda(auto:15&&)>; _Args = {__cxx11::basic_string<char, char_traits<char>, allocator<char> >&}]’ at /usr/include/c++/12/bits/invoke.h:111:28,
    inlined from ‘static constexpr decltype(auto) std::__detail::__variant::__gen_vtable_impl<std::__detail::__variant::_Multi_array<_Result_type (*)(_Visitor, _Variants ...)>, std::integer_sequence<long unsigned int, __indices ...> >::__visit_invoke(_Visitor&&, _Variants ...) [with _Result_type = void; _Visitor = std::__detail::__variant::_Variant_storage<false, std::__cxx11::basic_string<char, std::char_traits<char>, std::allocator<char> >, memory_owner_t>::_M_reset()::<lambda(auto:15&&)>&&; _Variants = {std::variant<std::__cxx11::basic_string<char, std::char_traits<char>, std::allocator<char> >, memory_owner_t>&}; long unsigned int ...__indices = {0}]’ at /usr/include/c++/12/variant:1035:40,
    inlined from ‘constexpr decltype(auto) std::__do_visit(_Visitor&&, _Variants&& ...) [with _Result_type = void; _Visitor = __detail::__variant::_Variant_storage<false, __cxx11::basic_string<char, char_traits<char>, allocator<char> >, memory_owner_t>::_M_reset()::<lambda(auto:15&&)>; _Variants = {variant<__cxx11::basic_string<char, char_traits<char>, allocator<char> >, memory_owner_t>&}]’ at /usr/include/c++/12/variant:1790:5,
    inlined from ‘constexpr void std::__detail::__variant::_Variant_storage<false, _Types ...>::_M_reset() [with _Types = {std::__cxx11::basic_string<char, std::char_traits<char>, std::allocator<char> >, memory_owner_t}]’ at /usr/include/c++/12/variant:470:23,
    inlined from ‘constexpr std::__detail::__variant::_Variant_storage<false, _Types ...>::~_Variant_storage() [with _Types = {std::__cxx11::basic_string<char, std::char_traits<char>, std::allocator<char> >, memory_owner_t}]’ at /usr/include/c++/12/variant:480:17,
    inlined from ‘constexpr std::__detail::__variant::_Copy_ctor_base<false, std::__cxx11::basic_string<char, std::char_traits<char>, std::allocator<char> >, memory_owner_t>::~_Copy_ctor_base()’ at /usr/include/c++/12/variant:554:12,
    inlined from ‘constexpr std::__detail::__variant::_Move_ctor_base<false, std::__cxx11::basic_string<char, std::char_traits<char>, std::allocator<char> >, memory_owner_t>::~_Move_ctor_base()’ at /usr/include/c++/12/variant:591:12,
    inlined from ‘constexpr std::__detail::__variant::_Copy_assign_base<false, std::__cxx11::basic_string<char, std::char_traits<char>, std::allocator<char> >, memory_owner_t>::~_Copy_assign_base()’ at /usr/include/c++/12/variant:629:12,
    inlined from ‘constexpr std::__detail::__variant::_Move_assign_base<false, std::__cxx11::basic_string<char, std::char_traits<char>, std::allocator<char> >, memory_owner_t>::~_Move_assign_base()’ at /usr/include/c++/12/variant:681:12,
    inlined from ‘constexpr std::__detail::__variant::_Variant_base<std::__cxx11::basic_string<char, std::char_traits<char>, std::allocator<char> >, memory_owner_t>::~_Variant_base()’ at /usr/include/c++/12/variant:735:12,
    inlined from ‘constexpr std::variant<_Types>::~variant() [with _Types = {std::__cxx11::basic_string<char, std::char_traits<char>, std::allocator<char> >, memory_owner_t}]’ at /usr/include/c++/12/variant:1407:28,
    inlined from ‘constexpr coro_io::heterogeneous_buffer::~heterogeneous_buffer()’ at /usr/local/include/ylt/coro_io/heterogeneous_buffer.hpp:29:7,
    inlined from ‘constexpr coro_rpc::resp_body::~resp_body()’ at /usr/local/include/ylt/coro_rpc/impl/coro_rpc_client.hpp:115:8,
    inlined from ‘constexpr coro_rpc::coro_rpc_client::async_rpc_raw_result_value_type::~async_rpc_raw_result_value_type()’ at /usr/local/include/ylt/coro_rpc/impl/coro_rpc_client.hpp:1319:10,
    inlined from ‘constexpr void std::destroy_at(_Tp*) [with _Tp = coro_rpc::coro_rpc_client::async_rpc_raw_result_value_type]’ at /usr/include/c++/12/bits/stl_construct.h:88:18,
    inlined from ‘constexpr void std::_Destroy(_Tp*) [with _Tp = coro_rpc::coro_rpc_client::async_rpc_raw_result_value_type]’ at /usr/include/c++/12/bits/stl_construct.h:149:22,
    inlined from ‘std::__detail::__variant::_Variant_storage<false, coro_rpc::coro_rpc_client::async_rpc_raw_result_value_type, std::error_code>::_M_reset()::<lambda(auto:15&&)> mutable [with auto:15 = coro_rpc::coro_rpc_client::async_rpc_raw_result_value_type&]’ at /usr/include/c++/12/variant:472:19,
    inlined from ‘constexpr _Res std::__invoke_impl(__invoke_other, _Fn&&, _Args&& ...) [with _Res = void; _Fn = __detail::__variant::_Variant_storage<false, coro_rpc::coro_rpc_client::async_rpc_raw_result_value_type, error_code>::_M_reset()::<lambda(auto:15&&)>; _Args = {coro_rpc::coro_rpc_client::async_rpc_raw_result_value_type&}]’ at /usr/include/c++/12/bits/invoke.h:61:36,
    inlined from ‘constexpr std::enable_if_t<is_invocable_r_v<_Res, _Callable, _Args ...>, _Res> std::__invoke_r(_Callable&&, _Args&& ...) [with _Res = void; _Callable = __detail::__variant::_Variant_storage<false, coro_rpc::coro_rpc_client::async_rpc_raw_result_value_type, error_code>::_M_reset()::<lambda(auto:15&&)>; _Args = {coro_rpc::coro_rpc_client::async_rpc_raw_result_value_type&}]’ at /usr/include/c++/12/bits/invoke.h:111:28,
    inlined from ‘static constexpr decltype(auto) std::__detail::__variant::__gen_vtable_impl<std::__detail::__variant::_Multi_array<_Result_type (*)(_Visitor, _Variants ...)>, std::integer_sequence<long unsigned int, __indices ...> >::__visit_invoke(_Visitor&&, _Variants ...) [with _Result_type = void; _Visitor = std::__detail::__variant::_Variant_storage<false, coro_rpc::coro_rpc_client::async_rpc_raw_result_value_type, std::error_code>::_M_reset()::<lambda(auto:15&&)>&&; _Variants = {std::variant<coro_rpc::coro_rpc_client::async_rpc_raw_result_value_type, std::error_code>&}; long unsigned int ...__indices = {0}]’ at /usr/include/c++/12/variant:1035:40,
    inlined from ‘constexpr decltype(auto) std::__do_visit(_Visitor&&, _Variants&& ...) [with _Result_type = void; _Visitor = __detail::__variant::_Variant_storage<false, coro_rpc::coro_rpc_client::async_rpc_raw_result_value_type, error_code>::_M_reset()::<lambda(auto:15&&)>; _Variants = {variant<coro_rpc::coro_rpc_client::async_rpc_raw_result_value_type, error_code>&}]’ at /usr/include/c++/12/variant:1790:5,
    inlined from ‘constexpr decltype(auto) std::__do_visit(_Visitor&&, _Variants&& ...) [with _Result_type = void; _Visitor = __detail::__variant::_Variant_storage<false, coro_rpc::coro_rpc_client::async_rpc_raw_result_value_type, error_code>::_M_reset()::<lambda(auto:15&&)>; _Variants = {variant<coro_rpc::coro_rpc_client::async_rpc_raw_result_value_type, error_code>&}]’ at /usr/include/c++/12/variant:1731:5,
    inlined from ‘constexpr void std::__detail::__variant::_Variant_storage<false, _Types ...>::_M_reset() [with _Types = {coro_rpc::coro_rpc_client::async_rpc_raw_result_value_type, std::error_code}]’ at /usr/include/c++/12/variant:470:23,
    inlined from ‘constexpr std::__detail::__variant::_Variant_storage<false, _Types ...>::~_Variant_storage() [with _Types = {coro_rpc::coro_rpc_client::async_rpc_raw_result_value_type, std::error_code}]’ at /usr/include/c++/12/variant:480:17,
    inlined from ‘constexpr std::__detail::__variant::_Copy_ctor_base<false, coro_rpc::coro_rpc_client::async_rpc_raw_result_value_type, std::error_code>::~_Copy_ctor_base()’ at /usr/include/c++/12/variant:554:12,
    inlined from ‘constexpr std::__detail::__variant::_Move_ctor_base<false, coro_rpc::coro_rpc_client::async_rpc_raw_result_value_type, std::error_code>::~_Move_ctor_base()’ at /usr/include/c++/12/variant:591:12,
    inlined from ‘constexpr std::__detail::__variant::_Copy_assign_base<false, coro_rpc::coro_rpc_client::async_rpc_raw_result_value_type, std::error_code>::~_Copy_assign_base()’ at /usr/include/c++/12/variant:629:12,
    inlined from ‘constexpr std::__detail::__variant::_Move_assign_base<false, coro_rpc::coro_rpc_client::async_rpc_raw_result_value_type, std::error_code>::~_Move_assign_base()’ at /usr/include/c++/12/variant:681:12,
    inlined from ‘constexpr std::__detail::__variant::_Variant_base<coro_rpc::coro_rpc_client::async_rpc_raw_result_value_type, std::error_code>::~_Variant_base()’ at /usr/include/c++/12/variant:735:12,
    inlined from ‘constexpr std::variant<_Types>::~variant() [with _Types = {coro_rpc::coro_rpc_client::async_rpc_raw_result_value_type, std::error_code}]’ at /usr/include/c++/12/variant:1407:28,
    inlined from ‘void coro_rpc::coro_rpc_client::handler_t::local_error(std::error_code&)’ at /usr/local/include/ylt/coro_rpc/impl/coro_rpc_client.hpp:1348:25,
    inlined from ‘static void coro_rpc::coro_rpc_client::send_err_response(control_t*, std::error_code&)’ at /usr/local/include/ylt/coro_rpc/impl/coro_rpc_client.hpp:1458:27:
/usr/include/c++/12/bits/basic_string.h:234:28: warning: ‘((const std::__cxx11::basic_string<char, std::char_traits<char>, std::allocator<char> >*)((char*)&<unnamed> + offsetof(std::async_rpc_raw_result, std::variant<coro_rpc::coro_rpc_client::async_rpc_raw_result_value_type, std::error_code>::<unnamed>.std::__detail::__variant::_Variant_base<coro_rpc::coro_rpc_client::async_rpc_raw_result_value_type, std::error_code>::<unnamed>.std::__detail::__variant::_Move_assign_base<false, coro_rpc::coro_rpc_client::async_rpc_raw_result_value_type, std::error_code>::<unnamed>.std::__detail::__variant::_Copy_assign_base<false, coro_rpc::coro_rpc_client::async_rpc_raw_result_value_type, std::error_code>::<unnamed>.std::__detail::__variant::_Move_ctor_base<false, coro_rpc::coro_rpc_client::async_rpc_raw_result_value_type, std::error_code>::<unnamed>.std::__detail::__variant::_Copy_ctor_base<false, coro_rpc::coro_rpc_client::async_rpc_raw_result_value_type, std::error_code>::<unnamed>.std::__detail::__variant::_Variant_storage<false, coro_rpc::coro_rpc_client::async_rpc_raw_result_value_type, std::error_code>::_M_u)))[1].std::__cxx11::basic_string<char>::_M_dataplus.std::__cxx11::basic_string<char>::_Alloc_hider::_M_p’ may be used uninitialized [-Wmaybe-uninitialized]
  234 |       { return _M_dataplus._M_p; }
      |                            ^~~~
/usr/local/include/ylt/coro_rpc/impl/coro_rpc_client.hpp: In static member function ‘static void coro_rpc::coro_rpc_client::send_err_response(control_t*, std::error_code&)’:
/usr/local/include/ylt/coro_rpc/impl/coro_rpc_client.hpp:1348:48: note: ‘<anonymous>’ declared here
 1348 |       promise_.setValue(async_rpc_raw_result{ec});
      |                                                ^
In member function ‘constexpr void std::__cxx11::basic_string<_CharT, _Traits, _Alloc>::_M_dispose() [with _CharT = char; _Traits = std::char_traits<char>; _Alloc = std::allocator<char>]’,
    inlined from ‘constexpr std::__cxx11::basic_string<_CharT, _Traits, _Alloc>::~basic_string() [with _CharT = char; _Traits = std::char_traits<char>; _Alloc = std::allocator<char>]’ at /usr/include/c++/12/bits/basic_string.h:803:19,
    inlined from ‘constexpr void std::destroy_at(_Tp*) [with _Tp = __cxx11::basic_string<char>]’ at /usr/include/c++/12/bits/stl_construct.h:88:18,
    inlined from ‘constexpr void std::_Destroy(_Tp*) [with _Tp = __cxx11::basic_string<char>]’ at /usr/include/c++/12/bits/stl_construct.h:149:22,
    inlined from ‘std::__detail::__variant::_Variant_storage<false, std::__cxx11::basic_string<char, std::char_traits<char>, std::allocator<char> >, memory_owner_t>::_M_reset()::<lambda(auto:15&&)> mutable [with auto:15 = std::__cxx11::basic_string<char>&]’ at /usr/include/c++/12/variant:472:19,
    inlined from ‘constexpr _Res std::__invoke_impl(__invoke_other, _Fn&&, _Args&& ...) [with _Res = void; _Fn = __detail::__variant::_Variant_storage<false, __cxx11::basic_string<char, char_traits<char>, allocator<char> >, memory_owner_t>::_M_reset()::<lambda(auto:15&&)>; _Args = {__cxx11::basic_string<char, char_traits<char>, allocator<char> >&}]’ at /usr/include/c++/12/bits/invoke.h:61:36,
    inlined from ‘constexpr std::enable_if_t<is_invocable_r_v<_Res, _Callable, _Args ...>, _Res> std::__invoke_r(_Callable&&, _Args&& ...) [with _Res = void; _Callable = __detail::__variant::_Variant_storage<false, __cxx11::basic_string<char, char_traits<char>, allocator<char> >, memory_owner_t>::_M_reset()::<lambda(auto:15&&)>; _Args = {__cxx11::basic_string<char, char_traits<char>, allocator<char> >&}]’ at /usr/include/c++/12/bits/invoke.h:111:28,
    inlined from ‘static constexpr decltype(auto) std::__detail::__variant::__gen_vtable_impl<std::__detail::__variant::_Multi_array<_Result_type (*)(_Visitor, _Variants ...)>, std::integer_sequence<long unsigned int, __indices ...> >::__visit_invoke(_Visitor&&, _Variants ...) [with _Result_type = void; _Visitor = std::__detail::__variant::_Variant_storage<false, std::__cxx11::basic_string<char, std::char_traits<char>, std::allocator<char> >, memory_owner_t>::_M_reset()::<lambda(auto:15&&)>&&; _Variants = {std::variant<std::__cxx11::basic_string<char, std::char_traits<char>, std::allocator<char> >, memory_owner_t>&}; long unsigned int ...__indices = {0}]’ at /usr/include/c++/12/variant:1035:40,
    inlined from ‘constexpr decltype(auto) std::__do_visit(_Visitor&&, _Variants&& ...) [with _Result_type = void; _Visitor = __detail::__variant::_Variant_storage<false, __cxx11::basic_string<char, char_traits<char>, allocator<char> >, memory_owner_t>::_M_reset()::<lambda(auto:15&&)>; _Variants = {variant<__cxx11::basic_string<char, char_traits<char>, allocator<char> >, memory_owner_t>&}]’ at /usr/include/c++/12/variant:1790:5,
    inlined from ‘constexpr void std::__detail::__variant::_Variant_storage<false, _Types ...>::_M_reset() [with _Types = {std::__cxx11::basic_string<char, std::char_traits<char>, std::allocator<char> >, memory_owner_t}]’ at /usr/include/c++/12/variant:470:23,
    inlined from ‘constexpr std::__detail::__variant::_Variant_storage<false, _Types ...>::~_Variant_storage() [with _Types = {std::__cxx11::basic_string<char, std::char_traits<char>, std::allocator<char> >, memory_owner_t}]’ at /usr/include/c++/12/variant:480:17,
    inlined from ‘constexpr std::__detail::__variant::_Copy_ctor_base<false, std::__cxx11::basic_string<char, std::char_traits<char>, std::allocator<char> >, memory_owner_t>::~_Copy_ctor_base()’ at /usr/include/c++/12/variant:554:12,
    inlined from ‘constexpr std::__detail::__variant::_Move_ctor_base<false, std::__cxx11::basic_string<char, std::char_traits<char>, std::allocator<char> >, memory_owner_t>::~_Move_ctor_base()’ at /usr/include/c++/12/variant:591:12,
    inlined from ‘constexpr std::__detail::__variant::_Copy_assign_base<false, std::__cxx11::basic_string<char, std::char_traits<char>, std::allocator<char> >, memory_owner_t>::~_Copy_assign_base()’ at /usr/include/c++/12/variant:629:12,
    inlined from ‘constexpr std::__detail::__variant::_Move_assign_base<false, std::__cxx11::basic_string<char, std::char_traits<char>, std::allocator<char> >, memory_owner_t>::~_Move_assign_base()’ at /usr/include/c++/12/variant:681:12,
    inlined from ‘constexpr std::__detail::__variant::_Variant_base<std::__cxx11::basic_string<char, std::char_traits<char>, std::allocator<char> >, memory_owner_t>::~_Variant_base()’ at /usr/include/c++/12/variant:735:12,
    inlined from ‘constexpr std::variant<_Types>::~variant() [with _Types = {std::__cxx11::basic_string<char, std::char_traits<char>, std::allocator<char> >, memory_owner_t}]’ at /usr/include/c++/12/variant:1407:28,
    inlined from ‘constexpr coro_io::heterogeneous_buffer::~heterogeneous_buffer()’ at /usr/local/include/ylt/coro_io/heterogeneous_buffer.hpp:29:7,
    inlined from ‘constexpr coro_rpc::resp_body::~resp_body()’ at /usr/local/include/ylt/coro_rpc/impl/coro_rpc_client.hpp:115:8,
    inlined from ‘constexpr coro_rpc::coro_rpc_client::async_rpc_raw_result_value_type::~async_rpc_raw_result_value_type()’ at /usr/local/include/ylt/coro_rpc/impl/coro_rpc_client.hpp:1319:10,
    inlined from ‘constexpr void std::destroy_at(_Tp*) [with _Tp = coro_rpc::coro_rpc_client::async_rpc_raw_result_value_type]’ at /usr/include/c++/12/bits/stl_construct.h:88:18,
    inlined from ‘constexpr void std::_Destroy(_Tp*) [with _Tp = coro_rpc::coro_rpc_client::async_rpc_raw_result_value_type]’ at /usr/include/c++/12/bits/stl_construct.h:149:22,
    inlined from ‘std::__detail::__variant::_Variant_storage<false, coro_rpc::coro_rpc_client::async_rpc_raw_result_value_type, std::error_code>::_M_reset()::<lambda(auto:15&&)> mutable [with auto:15 = coro_rpc::coro_rpc_client::async_rpc_raw_result_value_type&]’ at /usr/include/c++/12/variant:472:19,
    inlined from ‘constexpr _Res std::__invoke_impl(__invoke_other, _Fn&&, _Args&& ...) [with _Res = void; _Fn = __detail::__variant::_Variant_storage<false, coro_rpc::coro_rpc_client::async_rpc_raw_result_value_type, error_code>::_M_reset()::<lambda(auto:15&&)>; _Args = {coro_rpc::coro_rpc_client::async_rpc_raw_result_value_type&}]’ at /usr/include/c++/12/bits/invoke.h:61:36,
    inlined from ‘constexpr std::enable_if_t<is_invocable_r_v<_Res, _Callable, _Args ...>, _Res> std::__invoke_r(_Callable&&, _Args&& ...) [with _Res = void; _Callable = __detail::__variant::_Variant_storage<false, coro_rpc::coro_rpc_client::async_rpc_raw_result_value_type, error_code>::_M_reset()::<lambda(auto:15&&)>; _Args = {coro_rpc::coro_rpc_client::async_rpc_raw_result_value_type&}]’ at /usr/include/c++/12/bits/invoke.h:111:28,
    inlined from ‘static constexpr decltype(auto) std::__detail::__variant::__gen_vtable_impl<std::__detail::__variant::_Multi_array<_Result_type (*)(_Visitor, _Variants ...)>, std::integer_sequence<long unsigned int, __indices ...> >::__visit_invoke(_Visitor&&, _Variants ...) [with _Result_type = void; _Visitor = std::__detail::__variant::_Variant_storage<false, coro_rpc::coro_rpc_client::async_rpc_raw_result_value_type, std::error_code>::_M_reset()::<lambda(auto:15&&)>&&; _Variants = {std::variant<coro_rpc::coro_rpc_client::async_rpc_raw_result_value_type, std::error_code>&}; long unsigned int ...__indices = {0}]’ at /usr/include/c++/12/variant:1035:40,
    inlined from ‘constexpr decltype(auto) std::__do_visit(_Visitor&&, _Variants&& ...) [with _Result_type = void; _Visitor = __detail::__variant::_Variant_storage<false, coro_rpc::coro_rpc_client::async_rpc_raw_result_value_type, error_code>::_M_reset()::<lambda(auto:15&&)>; _Variants = {variant<coro_rpc::coro_rpc_client::async_rpc_raw_result_value_type, error_code>&}]’ at /usr/include/c++/12/variant:1790:5,
    inlined from ‘constexpr decltype(auto) std::__do_visit(_Visitor&&, _Variants&& ...) [with _Result_type = void; _Visitor = __detail::__variant::_Variant_storage<false, coro_rpc::coro_rpc_client::async_rpc_raw_result_value_type, error_code>::_M_reset()::<lambda(auto:15&&)>; _Variants = {variant<coro_rpc::coro_rpc_client::async_rpc_raw_result_value_type, error_code>&}]’ at /usr/include/c++/12/variant:1731:5,
    inlined from ‘constexpr void std::__detail::__variant::_Variant_storage<false, _Types ...>::_M_reset() [with _Types = {coro_rpc::coro_rpc_client::async_rpc_raw_result_value_type, std::error_code}]’ at /usr/include/c++/12/variant:470:23,
    inlined from ‘constexpr std::__detail::__variant::_Variant_storage<false, _Types ...>::~_Variant_storage() [with _Types = {coro_rpc::coro_rpc_client::async_rpc_raw_result_value_type, std::error_code}]’ at /usr/include/c++/12/variant:480:17,
    inlined from ‘constexpr std::__detail::__variant::_Copy_ctor_base<false, coro_rpc::coro_rpc_client::async_rpc_raw_result_value_type, std::error_code>::~_Copy_ctor_base()’ at /usr/include/c++/12/variant:554:12,
    inlined from ‘constexpr std::__detail::__variant::_Move_ctor_base<false, coro_rpc::coro_rpc_client::async_rpc_raw_result_value_type, std::error_code>::~_Move_ctor_base()’ at /usr/include/c++/12/variant:591:12,
    inlined from ‘constexpr std::__detail::__variant::_Copy_assign_base<false, coro_rpc::coro_rpc_client::async_rpc_raw_result_value_type, std::error_code>::~_Copy_assign_base()’ at /usr/include/c++/12/variant:629:12,
    inlined from ‘constexpr std::__detail::__variant::_Move_assign_base<false, coro_rpc::coro_rpc_client::async_rpc_raw_result_value_type, std::error_code>::~_Move_assign_base()’ at /usr/include/c++/12/variant:681:12,
    inlined from ‘constexpr std::__detail::__variant::_Variant_base<coro_rpc::coro_rpc_client::async_rpc_raw_result_value_type, std::error_code>::~_Variant_base()’ at /usr/include/c++/12/variant:735:12,
    inlined from ‘constexpr std::variant<_Types>::~variant() [with _Types = {coro_rpc::coro_rpc_client::async_rpc_raw_result_value_type, std::error_code}]’ at /usr/include/c++/12/variant:1407:28,
    inlined from ‘void coro_rpc::coro_rpc_client::handler_t::local_error(std::error_code&)’ at /usr/local/include/ylt/coro_rpc/impl/coro_rpc_client.hpp:1348:25,
    inlined from ‘static void coro_rpc::coro_rpc_client::send_err_response(control_t*, std::error_code&)’ at /usr/local/include/ylt/coro_rpc/impl/coro_rpc_client.hpp:1458:27:
/usr/include/c++/12/bits/basic_string.h:294:21: warning: ‘((std::__cxx11::basic_string<char, std::char_traits<char>, std::allocator<char> >*)((char*)&<unnamed> + offsetof(std::async_rpc_raw_result, std::variant<coro_rpc::coro_rpc_client::async_rpc_raw_result_value_type, std::error_code>::<unnamed>.std::__detail::__variant::_Variant_base<coro_rpc::coro_rpc_client::async_rpc_raw_result_value_type, std::error_code>::<unnamed>.std::__detail::__variant::_Move_assign_base<false, coro_rpc::coro_rpc_client::async_rpc_raw_result_value_type, std::error_code>::<unnamed>.std::__detail::__variant::_Copy_assign_base<false, coro_rpc::coro_rpc_client::async_rpc_raw_result_value_type, std::error_code>::<unnamed>.std::__detail::__variant::_Move_ctor_base<false, coro_rpc::coro_rpc_client::async_rpc_raw_result_value_type, std::error_code>::<unnamed>.std::__detail::__variant::_Copy_ctor_base<false, coro_rpc::coro_rpc_client::async_rpc_raw_result_value_type, std::error_code>::<unnamed>.std::__detail::__variant::_Variant_storage<false, coro_rpc::coro_rpc_client::async_rpc_raw_result_value_type, std::error_code>::_M_u)))[1].std::__cxx11::basic_string<char>::<anonymous>.std::__cxx11::basic_string<char>::<unnamed union>::_M_allocated_capacity’ may be used uninitialized [-Wmaybe-uninitialized]
  294 |           _M_destroy(_M_allocated_capacity);
      |           ~~~~~~~~~~^~~~~~~~~~~~~~~~~~~~~~~
/usr/local/include/ylt/coro_rpc/impl/coro_rpc_client.hpp: In static member function ‘static void coro_rpc::coro_rpc_client::send_err_response(control_t*, std::error_code&)’:
/usr/local/include/ylt/coro_rpc/impl/coro_rpc_client.hpp:1348:48: note: ‘<anonymous>’ declared here
 1348 |       promise_.setValue(async_rpc_raw_result{ec});
      |                                                ^
In file included from /usr/local/include/ylt/coro_io/heterogeneous_buffer.hpp:19,
                 from /usr/local/include/ylt/coro_rpc/impl/coro_connection.hpp:41:
In destructor ‘memory_owner_t::~memory_owner_t()’,
    inlined from ‘constexpr void std::destroy_at(_Tp*) [with _Tp = memory_owner_t]’ at /usr/include/c++/12/bits/stl_construct.h:88:18,
    inlined from ‘constexpr void std::_Destroy(_Tp*) [with _Tp = memory_owner_t]’ at /usr/include/c++/12/bits/stl_construct.h:149:22,
    inlined from ‘std::__detail::__variant::_Variant_storage<false, std::__cxx11::basic_string<char, std::char_traits<char>, std::allocator<char> >, memory_owner_t>::_M_reset()::<lambda(auto:15&&)> mutable [with auto:15 = memory_owner_t&]’ at /usr/include/c++/12/variant:472:19,
    inlined from ‘constexpr _Res std::__invoke_impl(__invoke_other, _Fn&&, _Args&& ...) [with _Res = void; _Fn = __detail::__variant::_Variant_storage<false, __cxx11::basic_string<char, char_traits<char>, allocator<char> >, memory_owner_t>::_M_reset()::<lambda(auto:15&&)>; _Args = {memory_owner_t&}]’ at /usr/include/c++/12/bits/invoke.h:61:36,
    inlined from ‘constexpr std::enable_if_t<is_invocable_r_v<_Res, _Callable, _Args ...>, _Res> std::__invoke_r(_Callable&&, _Args&& ...) [with _Res = void; _Callable = __detail::__variant::_Variant_storage<false, __cxx11::basic_string<char, char_traits<char>, allocator<char> >, memory_owner_t>::_M_reset()::<lambda(auto:15&&)>; _Args = {memory_owner_t&}]’ at /usr/include/c++/12/bits/invoke.h:111:28,
    inlined from ‘static constexpr decltype(auto) std::__detail::__variant::__gen_vtable_impl<std::__detail::__variant::_Multi_array<_Result_type (*)(_Visitor, _Variants ...)>, std::integer_sequence<long unsigned int, __indices ...> >::__visit_invoke(_Visitor&&, _Variants ...) [with _Result_type = void; _Visitor = std::__detail::__variant::_Variant_storage<false, std::__cxx11::basic_string<char, std::char_traits<char>, std::allocator<char> >, memory_owner_t>::_M_reset()::<lambda(auto:15&&)>&&; _Variants = {std::variant<std::__cxx11::basic_string<char, std::char_traits<char>, std::allocator<char> >, memory_owner_t>&}; long unsigned int ...__indices = {1}]’ at /usr/include/c++/12/variant:1035:40,
    inlined from ‘constexpr decltype(auto) std::__do_visit(_Visitor&&, _Variants&& ...) [with _Result_type = void; _Visitor = __detail::__variant::_Variant_storage<false, __cxx11::basic_string<char, char_traits<char>, allocator<char> >, memory_owner_t>::_M_reset()::<lambda(auto:15&&)>; _Variants = {variant<__cxx11::basic_string<char, char_traits<char>, allocator<char> >, memory_owner_t>&}]’ at /usr/include/c++/12/variant:1791:5,
    inlined from ‘constexpr void std::__detail::__variant::_Variant_storage<false, _Types ...>::_M_reset() [with _Types = {std::__cxx11::basic_string<char, std::char_traits<char>, std::allocator<char> >, memory_owner_t}]’ at /usr/include/c++/12/variant:470:23,
    inlined from ‘constexpr std::__detail::__variant::_Variant_storage<false, _Types ...>::~_Variant_storage() [with _Types = {std::__cxx11::basic_string<char, std::char_traits<char>, std::allocator<char> >, memory_owner_t}]’ at /usr/include/c++/12/variant:480:17,
    inlined from ‘constexpr std::__detail::__variant::_Copy_ctor_base<false, std::__cxx11::basic_string<char, std::char_traits<char>, std::allocator<char> >, memory_owner_t>::~_Copy_ctor_base()’ at /usr/include/c++/12/variant:554:12,
    inlined from ‘constexpr std::__detail::__variant::_Move_ctor_base<false, std::__cxx11::basic_string<char, std::char_traits<char>, std::allocator<char> >, memory_owner_t>::~_Move_ctor_base()’ at /usr/include/c++/12/variant:591:12,
    inlined from ‘constexpr std::__detail::__variant::_Copy_assign_base<false, std::__cxx11::basic_string<char, std::char_traits<char>, std::allocator<char> >, memory_owner_t>::~_Copy_assign_base()’ at /usr/include/c++/12/variant:629:12,
    inlined from ‘constexpr std::__detail::__variant::_Move_assign_base<false, std::__cxx11::basic_string<char, std::char_traits<char>, std::allocator<char> >, memory_owner_t>::~_Move_assign_base()’ at /usr/include/c++/12/variant:681:12,
    inlined from ‘constexpr std::__detail::__variant::_Variant_base<std::__cxx11::basic_string<char, std::char_traits<char>, std::allocator<char> >, memory_owner_t>::~_Variant_base()’ at /usr/include/c++/12/variant:735:12,
    inlined from ‘constexpr std::variant<_Types>::~variant() [with _Types = {std::__cxx11::basic_string<char, std::char_traits<char>, std::allocator<char> >, memory_owner_t}]’ at /usr/include/c++/12/variant:1407:28,
    inlined from ‘constexpr coro_io::heterogeneous_buffer::~heterogeneous_buffer()’ at /usr/local/include/ylt/coro_io/heterogeneous_buffer.hpp:29:7,
    inlined from ‘constexpr coro_rpc::resp_body::~resp_body()’ at /usr/local/include/ylt/coro_rpc/impl/coro_rpc_client.hpp:115:8,
    inlined from ‘constexpr coro_rpc::coro_rpc_client::async_rpc_raw_result_value_type::~async_rpc_raw_result_value_type()’ at /usr/local/include/ylt/coro_rpc/impl/coro_rpc_client.hpp:1319:10,
    inlined from ‘constexpr void std::destroy_at(_Tp*) [with _Tp = coro_rpc::coro_rpc_client::async_rpc_raw_result_value_type]’ at /usr/include/c++/12/bits/stl_construct.h:88:18,
    inlined from ‘constexpr void std::_Destroy(_Tp*) [with _Tp = coro_rpc::coro_rpc_client::async_rpc_raw_result_value_type]’ at /usr/include/c++/12/bits/stl_construct.h:149:22,
    inlined from ‘std::__detail::__variant::_Variant_storage<false, coro_rpc::coro_rpc_client::async_rpc_raw_result_value_type, std::error_code>::_M_reset()::<lambda(auto:15&&)> mutable [with auto:15 = coro_rpc::coro_rpc_client::async_rpc_raw_result_value_type&]’ at /usr/include/c++/12/variant:472:19,
    inlined from ‘constexpr _Res std::__invoke_impl(__invoke_other, _Fn&&, _Args&& ...) [with _Res = void; _Fn = __detail::__variant::_Variant_storage<false, coro_rpc::coro_rpc_client::async_rpc_raw_result_value_type, error_code>::_M_reset()::<lambda(auto:15&&)>; _Args = {coro_rpc::coro_rpc_client::async_rpc_raw_result_value_type&}]’ at /usr/include/c++/12/bits/invoke.h:61:36,
    inlined from ‘constexpr std::enable_if_t<is_invocable_r_v<_Res, _Callable, _Args ...>, _Res> std::__invoke_r(_Callable&&, _Args&& ...) [with _Res = void; _Callable = __detail::__variant::_Variant_storage<false, coro_rpc::coro_rpc_client::async_rpc_raw_result_value_type, error_code>::_M_reset()::<lambda(auto:15&&)>; _Args = {coro_rpc::coro_rpc_client::async_rpc_raw_result_value_type&}]’ at /usr/include/c++/12/bits/invoke.h:111:28,
    inlined from ‘static constexpr decltype(auto) std::__detail::__variant::__gen_vtable_impl<std::__detail::__variant::_Multi_array<_Result_type (*)(_Visitor, _Variants ...)>, std::integer_sequence<long unsigned int, __indices ...> >::__visit_invoke(_Visitor&&, _Variants ...) [with _Result_type = void; _Visitor = std::__detail::__variant::_Variant_storage<false, coro_rpc::coro_rpc_client::async_rpc_raw_result_value_type, std::error_code>::_M_reset()::<lambda(auto:15&&)>&&; _Variants = {std::variant<coro_rpc::coro_rpc_client::async_rpc_raw_result_value_type, std::error_code>&}; long unsigned int ...__indices = {0}]’ at /usr/include/c++/12/variant:1035:40,
    inlined from ‘constexpr decltype(auto) std::__do_visit(_Visitor&&, _Variants&& ...) [with _Result_type = void; _Visitor = __detail::__variant::_Variant_storage<false, coro_rpc::coro_rpc_client::async_rpc_raw_result_value_type, error_code>::_M_reset()::<lambda(auto:15&&)>; _Variants = {variant<coro_rpc::coro_rpc_client::async_rpc_raw_result_value_type, error_code>&}]’ at /usr/include/c++/12/variant:1790:5,
    inlined from ‘constexpr decltype(auto) std::__do_visit(_Visitor&&, _Variants&& ...) [with _Result_type = void; _Visitor = __detail::__variant::_Variant_storage<false, coro_rpc::coro_rpc_client::async_rpc_raw_result_value_type, error_code>::_M_reset()::<lambda(auto:15&&)>; _Variants = {variant<coro_rpc::coro_rpc_client::async_rpc_raw_result_value_type, error_code>&}]’ at /usr/include/c++/12/variant:1731:5,
    inlined from ‘constexpr void std::__detail::__variant::_Variant_storage<false, _Types ...>::_M_reset() [with _Types = {coro_rpc::coro_rpc_client::async_rpc_raw_result_value_type, std::error_code}]’ at /usr/include/c++/12/variant:470:23,
    inlined from ‘constexpr std::__detail::__variant::_Variant_storage<false, _Types ...>::~_Variant_storage() [with _Types = {coro_rpc::coro_rpc_client::async_rpc_raw_result_value_type, std::error_code}]’ at /usr/include/c++/12/variant:480:17,
    inlined from ‘constexpr std::__detail::__variant::_Copy_ctor_base<false, coro_rpc::coro_rpc_client::async_rpc_raw_result_value_type, std::error_code>::~_Copy_ctor_base()’ at /usr/include/c++/12/variant:554:12,
    inlined from ‘constexpr std::__detail::__variant::_Move_ctor_base<false, coro_rpc::coro_rpc_client::async_rpc_raw_result_value_type, std::error_code>::~_Move_ctor_base()’ at /usr/include/c++/12/variant:591:12,
    inlined from ‘constexpr std::__detail::__variant::_Copy_assign_base<false, coro_rpc::coro_rpc_client::async_rpc_raw_result_value_type, std::error_code>::~_Copy_assign_base()’ at /usr/include/c++/12/variant:629:12,
    inlined from ‘constexpr std::__detail::__variant::_Move_assign_base<false, coro_rpc::coro_rpc_client::async_rpc_raw_result_value_type, std::error_code>::~_Move_assign_base()’ at /usr/include/c++/12/variant:681:12,
    inlined from ‘constexpr std::__detail::__variant::_Variant_base<coro_rpc::coro_rpc_client::async_rpc_raw_result_value_type, std::error_code>::~_Variant_base()’ at /usr/include/c++/12/variant:735:12,
    inlined from ‘constexpr std::variant<_Types>::~variant() [with _Types = {coro_rpc::coro_rpc_client::async_rpc_raw_result_value_type, std::error_code}]’ at /usr/include/c++/12/variant:1407:28,
    inlined from ‘void coro_rpc::coro_rpc_client::handler_t::local_error(std::error_code&)’ at /usr/local/include/ylt/coro_rpc/impl/coro_rpc_client.hpp:1348:25,
    inlined from ‘static void coro_rpc::coro_rpc_client::send_err_response(control_t*, std::error_code&)’ at /usr/local/include/ylt/coro_rpc/impl/coro_rpc_client.hpp:1458:27:
/usr/local/include/ylt/coro_io/memory_owner.hpp:92:9: warning: ‘((memory_owner_t*)((char*)&<unnamed> + offsetof(std::async_rpc_raw_result, std::variant<coro_rpc::coro_rpc_client::async_rpc_raw_result_value_type, std::error_code>::<unnamed>.std::__detail::__variant::_Variant_base<coro_rpc::coro_rpc_client::async_rpc_raw_result_value_type, std::error_code>::<unnamed>.std::__detail::__variant::_Move_assign_base<false, coro_rpc::coro_rpc_client::async_rpc_raw_result_value_type, std::error_code>::<unnamed>.std::__detail::__variant::_Copy_assign_base<false, coro_rpc::coro_rpc_client::async_rpc_raw_result_value_type, std::error_code>::<unnamed>.std::__detail::__variant::_Move_ctor_base<false, coro_rpc::coro_rpc_client::async_rpc_raw_result_value_type, std::error_code>::<unnamed>.std::__detail::__variant::_Copy_ctor_base<false, coro_rpc::coro_rpc_client::async_rpc_raw_result_value_type, std::error_code>::<unnamed>.std::__detail::__variant::_Variant_storage<false, coro_rpc::coro_rpc_client::async_rpc_raw_result_value_type, std::error_code>::_M_u)))[1].memory_owner_t::memory_’ may be used uninitialized [-Wmaybe-uninitialized]
   92 |     if (memory_) {
      |         ^~~~~~~
/usr/local/include/ylt/coro_rpc/impl/coro_rpc_client.hpp: In static member function ‘static void coro_rpc::coro_rpc_client::send_err_response(control_t*, std::error_code&)’:
/usr/local/include/ylt/coro_rpc/impl/coro_rpc_client.hpp:1348:48: note: ‘<anonymous>’ declared here
 1348 |       promise_.setValue(async_rpc_raw_result{ec});
      |                                                ^
In file included from /usr/include/c++/12/bits/shared_ptr.h:53,
                 from /usr/include/c++/12/condition_variable:42,
                 from /usr/include/c++/12/future:39,
                 from /usr/local/include/async_simple/Executor.h:23:
In member function ‘std::__shared_ptr<_Tp, _Lp>::operator bool() const [with _Tp = void; __gnu_cxx::_Lock_policy _Lp = __gnu_cxx::_S_atomic]’,
    inlined from ‘memory_owner_t::~memory_owner_t()’ at /usr/local/include/ylt/coro_io/memory_owner.hpp:93:11,
    inlined from ‘constexpr void std::destroy_at(_Tp*) [with _Tp = memory_owner_t]’ at /usr/include/c++/12/bits/stl_construct.h:88:18,
    inlined from ‘constexpr void std::_Destroy(_Tp*) [with _Tp = memory_owner_t]’ at /usr/include/c++/12/bits/stl_construct.h:149:22,
    inlined from ‘std::__detail::__variant::_Variant_storage<false, std::__cxx11::basic_string<char, std::char_traits<char>, std::allocator<char> >, memory_owner_t>::_M_reset()::<lambda(auto:15&&)> mutable [with auto:15 = memory_owner_t&]’ at /usr/include/c++/12/variant:472:19,
    inlined from ‘constexpr _Res std::__invoke_impl(__invoke_other, _Fn&&, _Args&& ...) [with _Res = void; _Fn = __detail::__variant::_Variant_storage<false, __cxx11::basic_string<char, char_traits<char>, allocator<char> >, memory_owner_t>::_M_reset()::<lambda(auto:15&&)>; _Args = {memory_owner_t&}]’ at /usr/include/c++/12/bits/invoke.h:61:36,
    inlined from ‘constexpr std::enable_if_t<is_invocable_r_v<_Res, _Callable, _Args ...>, _Res> std::__invoke_r(_Callable&&, _Args&& ...) [with _Res = void; _Callable = __detail::__variant::_Variant_storage<false, __cxx11::basic_string<char, char_traits<char>, allocator<char> >, memory_owner_t>::_M_reset()::<lambda(auto:15&&)>; _Args = {memory_owner_t&}]’ at /usr/include/c++/12/bits/invoke.h:111:28,
    inlined from ‘static constexpr decltype(auto) std::__detail::__variant::__gen_vtable_impl<std::__detail::__variant::_Multi_array<_Result_type (*)(_Visitor, _Variants ...)>, std::integer_sequence<long unsigned int, __indices ...> >::__visit_invoke(_Visitor&&, _Variants ...) [with _Result_type = void; _Visitor = std::__detail::__variant::_Variant_storage<false, std::__cxx11::basic_string<char, std::char_traits<char>, std::allocator<char> >, memory_owner_t>::_M_reset()::<lambda(auto:15&&)>&&; _Variants = {std::variant<std::__cxx11::basic_string<char, std::char_traits<char>, std::allocator<char> >, memory_owner_t>&}; long unsigned int ...__indices = {1}]’ at /usr/include/c++/12/variant:1035:40,
    inlined from ‘constexpr decltype(auto) std::__do_visit(_Visitor&&, _Variants&& ...) [with _Result_type = void; _Visitor = __detail::__variant::_Variant_storage<false, __cxx11::basic_string<char, char_traits<char>, allocator<char> >, memory_owner_t>::_M_reset()::<lambda(auto:15&&)>; _Variants = {variant<__cxx11::basic_string<char, char_traits<char>, allocator<char> >, memory_owner_t>&}]’ at /usr/include/c++/12/variant:1791:5,
    inlined from ‘constexpr void std::__detail::__variant::_Variant_storage<false, _Types ...>::_M_reset() [with _Types = {std::__cxx11::basic_string<char, std::char_traits<char>, std::allocator<char> >, memory_owner_t}]’ at /usr/include/c++/12/variant:470:23,
    inlined from ‘constexpr std::__detail::__variant::_Variant_storage<false, _Types ...>::~_Variant_storage() [with _Types = {std::__cxx11::basic_string<char, std::char_traits<char>, std::allocator<char> >, memory_owner_t}]’ at /usr/include/c++/12/variant:480:17,
    inlined from ‘constexpr std::__detail::__variant::_Copy_ctor_base<false, std::__cxx11::basic_string<char, std::char_traits<char>, std::allocator<char> >, memory_owner_t>::~_Copy_ctor_base()’ at /usr/include/c++/12/variant:554:12,
    inlined from ‘constexpr std::__detail::__variant::_Move_ctor_base<false, std::__cxx11::basic_string<char, std::char_traits<char>, std::allocator<char> >, memory_owner_t>::~_Move_ctor_base()’ at /usr/include/c++/12/variant:591:12,
    inlined from ‘constexpr std::__detail::__variant::_Copy_assign_base<false, std::__cxx11::basic_string<char, std::char_traits<char>, std::allocator<char> >, memory_owner_t>::~_Copy_assign_base()’ at /usr/include/c++/12/variant:629:12,
    inlined from ‘constexpr std::__detail::__variant::_Move_assign_base<false, std::__cxx11::basic_string<char, std::char_traits<char>, std::allocator<char> >, memory_owner_t>::~_Move_assign_base()’ at /usr/include/c++/12/variant:681:12,
    inlined from ‘constexpr std::__detail::__variant::_Variant_base<std::__cxx11::basic_string<char, std::char_traits<char>, std::allocator<char> >, memory_owner_t>::~_Variant_base()’ at /usr/include/c++/12/variant:735:12,
    inlined from ‘constexpr std::variant<_Types>::~variant() [with _Types = {std::__cxx11::basic_string<char, std::char_traits<char>, std::allocator<char> >, memory_owner_t}]’ at /usr/include/c++/12/variant:1407:28,
    inlined from ‘constexpr coro_io::heterogeneous_buffer::~heterogeneous_buffer()’ at /usr/local/include/ylt/coro_io/heterogeneous_buffer.hpp:29:7,
    inlined from ‘constexpr coro_rpc::resp_body::~resp_body()’ at /usr/local/include/ylt/coro_rpc/impl/coro_rpc_client.hpp:115:8,
    inlined from ‘constexpr coro_rpc::coro_rpc_client::async_rpc_raw_result_value_type::~async_rpc_raw_result_value_type()’ at /usr/local/include/ylt/coro_rpc/impl/coro_rpc_client.hpp:1319:10,
    inlined from ‘constexpr void std::destroy_at(_Tp*) [with _Tp = coro_rpc::coro_rpc_client::async_rpc_raw_result_value_type]’ at /usr/include/c++/12/bits/stl_construct.h:88:18,
    inlined from ‘constexpr void std::_Destroy(_Tp*) [with _Tp = coro_rpc::coro_rpc_client::async_rpc_raw_result_value_type]’ at /usr/include/c++/12/bits/stl_construct.h:149:22,
    inlined from ‘std::__detail::__variant::_Variant_storage<false, coro_rpc::coro_rpc_client::async_rpc_raw_result_value_type, std::error_code>::_M_reset()::<lambda(auto:15&&)> mutable [with auto:15 = coro_rpc::coro_rpc_client::async_rpc_raw_result_value_type&]’ at /usr/include/c++/12/variant:472:19,
    inlined from ‘constexpr _Res std::__invoke_impl(__invoke_other, _Fn&&, _Args&& ...) [with _Res = void; _Fn = __detail::__variant::_Variant_storage<false, coro_rpc::coro_rpc_client::async_rpc_raw_result_value_type, error_code>::_M_reset()::<lambda(auto:15&&)>; _Args = {coro_rpc::coro_rpc_client::async_rpc_raw_result_value_type&}]’ at /usr/include/c++/12/bits/invoke.h:61:36,
    inlined from ‘constexpr std::enable_if_t<is_invocable_r_v<_Res, _Callable, _Args ...>, _Res> std::__invoke_r(_Callable&&, _Args&& ...) [with _Res = void; _Callable = __detail::__variant::_Variant_storage<false, coro_rpc::coro_rpc_client::async_rpc_raw_result_value_type, error_code>::_M_reset()::<lambda(auto:15&&)>; _Args = {coro_rpc::coro_rpc_client::async_rpc_raw_result_value_type&}]’ at /usr/include/c++/12/bits/invoke.h:111:28,
    inlined from ‘static constexpr decltype(auto) std::__detail::__variant::__gen_vtable_impl<std::__detail::__variant::_Multi_array<_Result_type (*)(_Visitor, _Variants ...)>, std::integer_sequence<long unsigned int, __indices ...> >::__visit_invoke(_Visitor&&, _Variants ...) [with _Result_type = void; _Visitor = std::__detail::__variant::_Variant_storage<false, coro_rpc::coro_rpc_client::async_rpc_raw_result_value_type, std::error_code>::_M_reset()::<lambda(auto:15&&)>&&; _Variants = {std::variant<coro_rpc::coro_rpc_client::async_rpc_raw_result_value_type, std::error_code>&}; long unsigned int ...__indices = {0}]’ at /usr/include/c++/12/variant:1035:40,
    inlined from ‘constexpr decltype(auto) std::__do_visit(_Visitor&&, _Variants&& ...) [with _Result_type = void; _Visitor = __detail::__variant::_Variant_storage<false, coro_rpc::coro_rpc_client::async_rpc_raw_result_value_type, error_code>::_M_reset()::<lambda(auto:15&&)>; _Variants = {variant<coro_rpc::coro_rpc_client::async_rpc_raw_result_value_type, error_code>&}]’ at /usr/include/c++/12/variant:1790:5,
    inlined from ‘constexpr decltype(auto) std::__do_visit(_Visitor&&, _Variants&& ...) [with _Result_type = void; _Visitor = __detail::__variant::_Variant_storage<false, coro_rpc::coro_rpc_client::async_rpc_raw_result_value_type, error_code>::_M_reset()::<lambda(auto:15&&)>; _Variants = {variant<coro_rpc::coro_rpc_client::async_rpc_raw_result_value_type, error_code>&}]’ at /usr/include/c++/12/variant:1731:5,
    inlined from ‘constexpr void std::__detail::__variant::_Variant_storage<false, _Types ...>::_M_reset() [with _Types = {coro_rpc::coro_rpc_client::async_rpc_raw_result_value_type, std::error_code}]’ at /usr/include/c++/12/variant:470:23,
    inlined from ‘constexpr std::__detail::__variant::_Variant_storage<false, _Types ...>::~_Variant_storage() [with _Types = {coro_rpc::coro_rpc_client::async_rpc_raw_result_value_type, std::error_code}]’ at /usr/include/c++/12/variant:480:17,
    inlined from ‘constexpr std::__detail::__variant::_Copy_ctor_base<false, coro_rpc::coro_rpc_client::async_rpc_raw_result_value_type, std::error_code>::~_Copy_ctor_base()’ at /usr/include/c++/12/variant:554:12,
    inlined from ‘constexpr std::__detail::__variant::_Move_ctor_base<false, coro_rpc::coro_rpc_client::async_rpc_raw_result_value_type, std::error_code>::~_Move_ctor_base()’ at /usr/include/c++/12/variant:591:12,
    inlined from ‘constexpr std::__detail::__variant::_Copy_assign_base<false, coro_rpc::coro_rpc_client::async_rpc_raw_result_value_type, std::error_code>::~_Copy_assign_base()’ at /usr/include/c++/12/variant:629:12,
    inlined from ‘constexpr std::__detail::__variant::_Move_assign_base<false, coro_rpc::coro_rpc_client::async_rpc_raw_result_value_type, std::error_code>::~_Move_assign_base()’ at /usr/include/c++/12/variant:681:12,
    inlined from ‘constexpr std::__detail::__variant::_Variant_base<coro_rpc::coro_rpc_client::async_rpc_raw_result_value_type, std::error_code>::~_Variant_base()’ at /usr/include/c++/12/variant:735:12,
    inlined from ‘constexpr std::variant<_Types>::~variant() [with _Types = {coro_rpc::coro_rpc_client::async_rpc_raw_result_value_type, std::error_code}]’ at /usr/include/c++/12/variant:1407:28,
    inlined from ‘void coro_rpc::coro_rpc_client::handler_t::local_error(std::error_code&)’ at /usr/local/include/ylt/coro_rpc/impl/coro_rpc_client.hpp:1348:25,
    inlined from ‘static void coro_rpc::coro_rpc_client::send_err_response(control_t*, std::error_code&)’ at /usr/local/include/ylt/coro_rpc/impl/coro_rpc_client.hpp:1458:27:
/usr/include/c++/12/bits/shared_ptr_base.h:1670:16: warning: ‘((const std::__shared_ptr<void, __gnu_cxx::_S_atomic>*)((char*)&<unnamed> + offsetof(std::async_rpc_raw_result, std::variant<coro_rpc::coro_rpc_client::async_rpc_raw_result_value_type, std::error_code>::<unnamed>.std::__detail::__variant::_Variant_base<coro_rpc::coro_rpc_client::async_rpc_raw_result_value_type, std::error_code>::<unnamed>.std::__detail::__variant::_Move_assign_base<false, coro_rpc::coro_rpc_client::async_rpc_raw_result_value_type, std::error_code>::<unnamed>.std::__detail::__variant::_Copy_assign_base<false, coro_rpc::coro_rpc_client::async_rpc_raw_result_value_type, std::error_code>::<unnamed>.std::__detail::__variant::_Move_ctor_base<false, coro_rpc::coro_rpc_client::async_rpc_raw_result_value_type, std::error_code>::<unnamed>.std::__detail::__variant::_Copy_ctor_base<false, coro_rpc::coro_rpc_client::async_rpc_raw_result_value_type, std::error_code>::<unnamed>.std::__detail::__variant::_Variant_storage<false, coro_rpc::coro_rpc_client::async_rpc_raw_result_value_type, std::error_code>::_M_u)))[3].std::__shared_ptr<void, __gnu_cxx::_S_atomic>::_M_ptr’ may be used uninitialized [-Wmaybe-uninitialized]
 1670 |       { return _M_ptr != nullptr; }
      |                ^~~~~~
/usr/local/include/ylt/coro_rpc/impl/coro_rpc_client.hpp: In static member function ‘static void coro_rpc::coro_rpc_client::send_err_response(control_t*, std::error_code&)’:
/usr/local/include/ylt/coro_rpc/impl/coro_rpc_client.hpp:1348:48: note: ‘<anonymous>’ declared here
 1348 |       promise_.setValue(async_rpc_raw_result{ec});
      |                                                ^
In destructor ‘std::__shared_count<_Lp>::~__shared_count() [with __gnu_cxx::_Lock_policy _Lp = __gnu_cxx::_S_atomic]’,
    inlined from ‘std::__shared_ptr<_Tp, _Lp>::~__shared_ptr() [with _Tp = void; __gnu_cxx::_Lock_policy _Lp = __gnu_cxx::_S_atomic]’ at /usr/include/c++/12/bits/shared_ptr_base.h:1524:7,
    inlined from ‘std::shared_ptr<void>::~shared_ptr()’ at /usr/include/c++/12/bits/shared_ptr.h:175:11,
    inlined from ‘memory_owner_t::~memory_owner_t()’ at /usr/local/include/ylt/coro_io/memory_owner.hpp:102:3,
    inlined from ‘constexpr void std::destroy_at(_Tp*) [with _Tp = memory_owner_t]’ at /usr/include/c++/12/bits/stl_construct.h:88:18,
    inlined from ‘constexpr void std::_Destroy(_Tp*) [with _Tp = memory_owner_t]’ at /usr/include/c++/12/bits/stl_construct.h:149:22,
    inlined from ‘std::__detail::__variant::_Variant_storage<false, std::__cxx11::basic_string<char, std::char_traits<char>, std::allocator<char> >, memory_owner_t>::_M_reset()::<lambda(auto:15&&)> mutable [with auto:15 = memory_owner_t&]’ at /usr/include/c++/12/variant:472:19,
    inlined from ‘constexpr _Res std::__invoke_impl(__invoke_other, _Fn&&, _Args&& ...) [with _Res = void; _Fn = __detail::__variant::_Variant_storage<false, __cxx11::basic_string<char, char_traits<char>, allocator<char> >, memory_owner_t>::_M_reset()::<lambda(auto:15&&)>; _Args = {memory_owner_t&}]’ at /usr/include/c++/12/bits/invoke.h:61:36,
    inlined from ‘constexpr std::enable_if_t<is_invocable_r_v<_Res, _Callable, _Args ...>, _Res> std::__invoke_r(_Callable&&, _Args&& ...) [with _Res = void; _Callable = __detail::__variant::_Variant_storage<false, __cxx11::basic_string<char, char_traits<char>, allocator<char> >, memory_owner_t>::_M_reset()::<lambda(auto:15&&)>; _Args = {memory_owner_t&}]’ at /usr/include/c++/12/bits/invoke.h:111:28,
    inlined from ‘static constexpr decltype(auto) std::__detail::__variant::__gen_vtable_impl<std::__detail::__variant::_Multi_array<_Result_type (*)(_Visitor, _Variants ...)>, std::integer_sequence<long unsigned int, __indices ...> >::__visit_invoke(_Visitor&&, _Variants ...) [with _Result_type = void; _Visitor = std::__detail::__variant::_Variant_storage<false, std::__cxx11::basic_string<char, std::char_traits<char>, std::allocator<char> >, memory_owner_t>::_M_reset()::<lambda(auto:15&&)>&&; _Variants = {std::variant<std::__cxx11::basic_string<char, std::char_traits<char>, std::allocator<char> >, memory_owner_t>&}; long unsigned int ...__indices = {1}]’ at /usr/include/c++/12/variant:1035:40,
    inlined from ‘constexpr decltype(auto) std::__do_visit(_Visitor&&, _Variants&& ...) [with _Result_type = void; _Visitor = __detail::__variant::_Variant_storage<false, __cxx11::basic_string<char, char_traits<char>, allocator<char> >, memory_owner_t>::_M_reset()::<lambda(auto:15&&)>; _Variants = {variant<__cxx11::basic_string<char, char_traits<char>, allocator<char> >, memory_owner_t>&}]’ at /usr/include/c++/12/variant:1791:5,
    inlined from ‘constexpr void std::__detail::__variant::_Variant_storage<false, _Types ...>::_M_reset() [with _Types = {std::__cxx11::basic_string<char, std::char_traits<char>, std::allocator<char> >, memory_owner_t}]’ at /usr/include/c++/12/variant:470:23,
    inlined from ‘constexpr std::__detail::__variant::_Variant_storage<false, _Types ...>::~_Variant_storage() [with _Types = {std::__cxx11::basic_string<char, std::char_traits<char>, std::allocator<char> >, memory_owner_t}]’ at /usr/include/c++/12/variant:480:17,
    inlined from ‘constexpr std::__detail::__variant::_Copy_ctor_base<false, std::__cxx11::basic_string<char, std::char_traits<char>, std::allocator<char> >, memory_owner_t>::~_Copy_ctor_base()’ at /usr/include/c++/12/variant:554:12,
    inlined from ‘constexpr std::__detail::__variant::_Move_ctor_base<false, std::__cxx11::basic_string<char, std::char_traits<char>, std::allocator<char> >, memory_owner_t>::~_Move_ctor_base()’ at /usr/include/c++/12/variant:591:12,
    inlined from ‘constexpr std::__detail::__variant::_Copy_assign_base<false, std::__cxx11::basic_string<char, std::char_traits<char>, std::allocator<char> >, memory_owner_t>::~_Copy_assign_base()’ at /usr/include/c++/12/variant:629:12,
    inlined from ‘constexpr std::__detail::__variant::_Move_assign_base<false, std::__cxx11::basic_string<char, std::char_traits<char>, std::allocator<char> >, memory_owner_t>::~_Move_assign_base()’ at /usr/include/c++/12/variant:681:12,
    inlined from ‘constexpr std::__detail::__variant::_Variant_base<std::__cxx11::basic_string<char, std::char_traits<char>, std::allocator<char> >, memory_owner_t>::~_Variant_base()’ at /usr/include/c++/12/variant:735:12,
    inlined from ‘constexpr std::variant<_Types>::~variant() [with _Types = {std::__cxx11::basic_string<char, std::char_traits<char>, std::allocator<char> >, memory_owner_t}]’ at /usr/include/c++/12/variant:1407:28,
    inlined from ‘constexpr coro_io::heterogeneous_buffer::~heterogeneous_buffer()’ at /usr/local/include/ylt/coro_io/heterogeneous_buffer.hpp:29:7,
    inlined from ‘constexpr coro_rpc::resp_body::~resp_body()’ at /usr/local/include/ylt/coro_rpc/impl/coro_rpc_client.hpp:115:8,
    inlined from ‘constexpr coro_rpc::coro_rpc_client::async_rpc_raw_result_value_type::~async_rpc_raw_result_value_type()’ at /usr/local/include/ylt/coro_rpc/impl/coro_rpc_client.hpp:1319:10,
    inlined from ‘constexpr void std::destroy_at(_Tp*) [with _Tp = coro_rpc::coro_rpc_client::async_rpc_raw_result_value_type]’ at /usr/include/c++/12/bits/stl_construct.h:88:18,
    inlined from ‘constexpr void std::_Destroy(_Tp*) [with _Tp = coro_rpc::coro_rpc_client::async_rpc_raw_result_value_type]’ at /usr/include/c++/12/bits/stl_construct.h:149:22,
    inlined from ‘std::__detail::__variant::_Variant_storage<false, coro_rpc::coro_rpc_client::async_rpc_raw_result_value_type, std::error_code>::_M_reset()::<lambda(auto:15&&)> mutable [with auto:15 = coro_rpc::coro_rpc_client::async_rpc_raw_result_value_type&]’ at /usr/include/c++/12/variant:472:19,
    inlined from ‘constexpr _Res std::__invoke_impl(__invoke_other, _Fn&&, _Args&& ...) [with _Res = void; _Fn = __detail::__variant::_Variant_storage<false, coro_rpc::coro_rpc_client::async_rpc_raw_result_value_type, error_code>::_M_reset()::<lambda(auto:15&&)>; _Args = {coro_rpc::coro_rpc_client::async_rpc_raw_result_value_type&}]’ at /usr/include/c++/12/bits/invoke.h:61:36,
    inlined from ‘constexpr std::enable_if_t<is_invocable_r_v<_Res, _Callable, _Args ...>, _Res> std::__invoke_r(_Callable&&, _Args&& ...) [with _Res = void; _Callable = __detail::__variant::_Variant_storage<false, coro_rpc::coro_rpc_client::async_rpc_raw_result_value_type, error_code>::_M_reset()::<lambda(auto:15&&)>; _Args = {coro_rpc::coro_rpc_client::async_rpc_raw_result_value_type&}]’ at /usr/include/c++/12/bits/invoke.h:111:28,
    inlined from ‘static constexpr decltype(auto) std::__detail::__variant::__gen_vtable_impl<std::__detail::__variant::_Multi_array<_Result_type (*)(_Visitor, _Variants ...)>, std::integer_sequence<long unsigned int, __indices ...> >::__visit_invoke(_Visitor&&, _Variants ...) [with _Result_type = void; _Visitor = std::__detail::__variant::_Variant_storage<false, coro_rpc::coro_rpc_client::async_rpc_raw_result_value_type, std::error_code>::_M_reset()::<lambda(auto:15&&)>&&; _Variants = {std::variant<coro_rpc::coro_rpc_client::async_rpc_raw_result_value_type, std::error_code>&}; long unsigned int ...__indices = {0}]’ at /usr/include/c++/12/variant:1035:40,
    inlined from ‘constexpr decltype(auto) std::__do_visit(_Visitor&&, _Variants&& ...) [with _Result_type = void; _Visitor = __detail::__variant::_Variant_storage<false, coro_rpc::coro_rpc_client::async_rpc_raw_result_value_type, error_code>::_M_reset()::<lambda(auto:15&&)>; _Variants = {variant<coro_rpc::coro_rpc_client::async_rpc_raw_result_value_type, error_code>&}]’ at /usr/include/c++/12/variant:1790:5,
    inlined from ‘constexpr decltype(auto) std::__do_visit(_Visitor&&, _Variants&& ...) [with _Result_type = void; _Visitor = __detail::__variant::_Variant_storage<false, coro_rpc::coro_rpc_client::async_rpc_raw_result_value_type, error_code>::_M_reset()::<lambda(auto:15&&)>; _Variants = {variant<coro_rpc::coro_rpc_client::async_rpc_raw_result_value_type, error_code>&}]’ at /usr/include/c++/12/variant:1731:5,
    inlined from ‘constexpr void std::__detail::__variant::_Variant_storage<false, _Types ...>::_M_reset() [with _Types = {coro_rpc::coro_rpc_client::async_rpc_raw_result_value_type, std::error_code}]’ at /usr/include/c++/12/variant:470:23,
    inlined from ‘constexpr std::__detail::__variant::_Variant_storage<false, _Types ...>::~_Variant_storage() [with _Types = {coro_rpc::coro_rpc_client::async_rpc_raw_result_value_type, std::error_code}]’ at /usr/include/c++/12/variant:480:17,
    inlined from ‘constexpr std::__detail::__variant::_Copy_ctor_base<false, coro_rpc::coro_rpc_client::async_rpc_raw_result_value_type, std::error_code>::~_Copy_ctor_base()’ at /usr/include/c++/12/variant:554:12,
    inlined from ‘constexpr std::__detail::__variant::_Move_ctor_base<false, coro_rpc::coro_rpc_client::async_rpc_raw_result_value_type, std::error_code>::~_Move_ctor_base()’ at /usr/include/c++/12/variant:591:12,
    inlined from ‘constexpr std::__detail::__variant::_Copy_assign_base<false, coro_rpc::coro_rpc_client::async_rpc_raw_result_value_type, std::error_code>::~_Copy_assign_base()’ at /usr/include/c++/12/variant:629:12,
    inlined from ‘constexpr std::__detail::__variant::_Move_assign_base<false, coro_rpc::coro_rpc_client::async_rpc_raw_result_value_type, std::error_code>::~_Move_assign_base()’ at /usr/include/c++/12/variant:681:12,
    inlined from ‘constexpr std::__detail::__variant::_Variant_base<coro_rpc::coro_rpc_client::async_rpc_raw_result_value_type, std::error_code>::~_Variant_base()’ at /usr/include/c++/12/variant:735:12,
    inlined from ‘constexpr std::variant<_Types>::~variant() [with _Types = {coro_rpc::coro_rpc_client::async_rpc_raw_result_value_type, std::error_code}]’ at /usr/include/c++/12/variant:1407:28,
    inlined from ‘void coro_rpc::coro_rpc_client::handler_t::local_error(std::error_code&)’ at /usr/local/include/ylt/coro_rpc/impl/coro_rpc_client.hpp:1348:25,
    inlined from ‘static void coro_rpc::coro_rpc_client::send_err_response(control_t*, std::error_code&)’ at /usr/local/include/ylt/coro_rpc/impl/coro_rpc_client.hpp:1458:27:
/usr/include/c++/12/bits/shared_ptr_base.h:1070:13: warning: ‘((std::__shared_count<__gnu_cxx::_S_atomic>*)((char*)&<unnamed> + offsetof(std::async_rpc_raw_result, std::variant<coro_rpc::coro_rpc_client::async_rpc_raw_result_value_type, std::error_code>::<unnamed>.std::__detail::__variant::_Variant_base<coro_rpc::coro_rpc_client::async_rpc_raw_result_value_type, std::error_code>::<unnamed>.std::__detail::__variant::_Move_assign_base<false, coro_rpc::coro_rpc_client::async_rpc_raw_result_value_type, std::error_code>::<unnamed>.std::__detail::__variant::_Copy_assign_base<false, coro_rpc::coro_rpc_client::async_rpc_raw_result_value_type, std::error_code>::<unnamed>.std::__detail::__variant::_Move_ctor_base<false, coro_rpc::coro_rpc_client::async_rpc_raw_result_value_type, std::error_code>::<unnamed>.std::__detail::__variant::_Copy_ctor_base<false, coro_rpc::coro_rpc_client::async_rpc_raw_result_value_type, std::error_code>::<unnamed>.std::__detail::__variant::_Variant_storage<false, coro_rpc::coro_rpc_client::async_rpc_raw_result_value_type, std::error_code>::_M_u)))[7].std::__shared_count<>::_M_pi’ may be used uninitialized [-Wmaybe-uninitialized]
 1070 |         if (_M_pi != nullptr)
      |             ^~~~~
/usr/local/include/ylt/coro_rpc/impl/coro_rpc_client.hpp: In static member function ‘static void coro_rpc::coro_rpc_client::send_err_response(control_t*, std::error_code&)’:
/usr/local/include/ylt/coro_rpc/impl/coro_rpc_client.hpp:1348:48: note: ‘<anonymous>’ declared here
 1348 |       promise_.setValue(async_rpc_raw_result{ec});
      |                                                ^
In function ‘constexpr std::_Require<std::__not_<std::__is_tuple_like<_Tp> >, std::is_move_constructible<_Tp>, std::is_move_assignable<_Tp> > std::swap(_Tp&, _Tp&) [with _Tp = async_simple::util::detail::_any_data]’,
    inlined from ‘void async_simple::util::move_only_function<RetType(ArgTypes ...)>::swap(async_simple::util::move_only_function<RetType(ArgTypes ...)>&) [with RetType = void; ArgTypes = {std::pair<std::error_code, long unsigned int>}]’ at /usr/local/include/async_simple/util/move_only_function.h:347:18,
    inlined from ‘async_simple::util::move_only_function<RetType(ArgTypes ...)>::move_only_function(async_simple::util::move_only_function<RetType(ArgTypes ...)>&&) [with RetType = void; ArgTypes = {std::pair<std::error_code, long unsigned int>}]’ at /usr/local/include/async_simple/util/move_only_function.h:286:19,
    inlined from ‘static void coro_io::detail::ib_socket_shared_state_t::resume(std::pair<std::error_code, long unsigned int>&&, callback_t&&)’ at /usr/local/include/ylt/coro_io/ibverbs/ib_socket.hpp:71:41,
    inlined from ‘void coro_io::detail::ib_socket_shared_state_t::post_recv_impl(callback_t&&)’ at /usr/local/include/ylt/coro_io/ibverbs/ib_socket.hpp:294:39:
/usr/include/c++/12/bits/move.h:205:7: warning: ‘handle_tmp.async_simple::util::move_only_function<void(std::pair<std::error_code, long unsigned int>)>::<unnamed>.async_simple::util::detail::_function_base::_m_functor’ may be used uninitialized [-Wmaybe-uninitialized]
  205 |       __a = _GLIBCXX_MOVE(__b);
      |       ^~~
/usr/local/include/ylt/coro_io/ibverbs/ib_socket.hpp: In member function ‘void coro_io::detail::ib_socket_shared_state_t::post_recv_impl(callback_t&&)’:
/usr/local/include/ylt/coro_io/ibverbs/ib_socket.hpp:71:12: note: ‘handle_tmp’ declared here
   71 |       auto handle_tmp = std::move(handle);
      |            ^~~~~~~~~~
In function ‘constexpr std::_Require<std::__not_<std::__is_tuple_like<_Tp> >, std::is_move_constructible<_Tp>, std::is_move_assignable<_Tp> > std::swap(_Tp&, _Tp&) [with _Tp = void (*)(const async_simple::util::detail::_any_data&, pair<error_code, long unsigned int>&&)]’,
    inlined from ‘void async_simple::util::move_only_function<RetType(ArgTypes ...)>::swap(async_simple::util::move_only_function<RetType(ArgTypes ...)>&) [with RetType = void; ArgTypes = {std::pair<std::error_code, long unsigned int>}]’ at /usr/local/include/async_simple/util/move_only_function.h:349:18,
    inlined from ‘async_simple::util::move_only_function<RetType(ArgTypes ...)>::move_only_function(async_simple::util::move_only_function<RetType(ArgTypes ...)>&&) [with RetType = void; ArgTypes = {std::pair<std::error_code, long unsigned int>}]’ at /usr/local/include/async_simple/util/move_only_function.h:286:19,
    inlined from ‘static void coro_io::detail::ib_socket_shared_state_t::resume(std::pair<std::error_code, long unsigned int>&&, callback_t&&)’ at /usr/local/include/ylt/coro_io/ibverbs/ib_socket.hpp:71:41,
    inlined from ‘void coro_io::detail::ib_socket_shared_state_t::post_recv_impl(callback_t&&)’ at /usr/local/include/ylt/coro_io/ibverbs/ib_socket.hpp:294:39:
/usr/include/c++/12/bits/move.h:205:11: warning: ‘handle_tmp.async_simple::util::move_only_function<void(std::pair<std::error_code, long unsigned int>)>::_m_invoker’ may be used uninitialized [-Wmaybe-uninitialized]
  205 |       __a = _GLIBCXX_MOVE(__b);
      |           ^
/usr/local/include/ylt/coro_io/ibverbs/ib_socket.hpp: In member function ‘void coro_io::detail::ib_socket_shared_state_t::post_recv_impl(callback_t&&)’:
/usr/local/include/ylt/coro_io/ibverbs/ib_socket.hpp:71:12: note: ‘handle_tmp’ declared here
   71 |       auto handle_tmp = std::move(handle);
      |            ^~~~~~~~~~
In function ‘constexpr std::_Require<std::__not_<std::__is_tuple_like<_Tp> >, std::is_move_constructible<_Tp>, std::is_move_assignable<_Tp> > std::swap(_Tp&, _Tp&) [with _Tp = async_simple::util::detail::_any_data]’,
    inlined from ‘void async_simple::util::move_only_function<RetType(ArgTypes ...)>::swap(async_simple::util::move_only_function<RetType(ArgTypes ...)>&) [with RetType = void; ArgTypes = {std::pair<std::error_code, long unsigned int>}]’ at /usr/local/include/async_simple/util/move_only_function.h:347:18,
    inlined from ‘async_simple::util::move_only_function<RetType(ArgTypes ...)>::move_only_function(async_simple::util::move_only_function<RetType(ArgTypes ...)>&&) [with RetType = void; ArgTypes = {std::pair<std::error_code, long unsigned int>}]’ at /usr/local/include/async_simple/util/move_only_function.h:286:19,
    inlined from ‘async_simple::util::move_only_function<RetType(ArgTypes ...)>& async_simple::util::move_only_function<RetType(ArgTypes ...)>::operator=(async_simple::util::move_only_function<RetType(ArgTypes ...)>&&) [with RetType = void; ArgTypes = {std::pair<std::error_code, long unsigned int>}]’ at /usr/local/include/async_simple/util/move_only_function.h:324:9,
    inlined from ‘void coro_io::detail::ib_socket_shared_state_t::post_recv_impl(callback_t&&)’ at /usr/local/include/ylt/coro_io/ibverbs/ib_socket.hpp:303:33:
/usr/include/c++/12/bits/move.h:205:7: warning: ‘<unnamed>.async_simple::util::move_only_function<void(std::pair<std::error_code, long unsigned int>)>::<unnamed>.async_simple::util::detail::_function_base::_m_functor’ may be used uninitialized [-Wmaybe-uninitialized]
  205 |       __a = _GLIBCXX_MOVE(__b);
      |       ^~~
/usr/local/include/async_simple/util/move_only_function.h: In member function ‘void coro_io::detail::ib_socket_shared_state_t::post_recv_impl(callback_t&&)’:
/usr/local/include/async_simple/util/move_only_function.h:324:9: note: ‘<anonymous>’ declared here
  324 |         move_only_function(std::move(other)).swap(*this);
      |         ^~~~~~~~~~~~~~~~~~~~~~~~~~~~~~~~~~~~
In function ‘constexpr std::_Require<std::__not_<std::__is_tuple_like<_Tp> >, std::is_move_constructible<_Tp>, std::is_move_assignable<_Tp> > std::swap(_Tp&, _Tp&) [with _Tp = void (*)(const async_simple::util::detail::_any_data&, pair<error_code, long unsigned int>&&)]’,
    inlined from ‘void async_simple::util::move_only_function<RetType(ArgTypes ...)>::swap(async_simple::util::move_only_function<RetType(ArgTypes ...)>&) [with RetType = void; ArgTypes = {std::pair<std::error_code, long unsigned int>}]’ at /usr/local/include/async_simple/util/move_only_function.h:349:18,
    inlined from ‘async_simple::util::move_only_function<RetType(ArgTypes ...)>::move_only_function(async_simple::util::move_only_function<RetType(ArgTypes ...)>&&) [with RetType = void; ArgTypes = {std::pair<std::error_code, long unsigned int>}]’ at /usr/local/include/async_simple/util/move_only_function.h:286:19,
    inlined from ‘async_simple::util::move_only_function<RetType(ArgTypes ...)>& async_simple::util::move_only_function<RetType(ArgTypes ...)>::operator=(async_simple::util::move_only_function<RetType(ArgTypes ...)>&&) [with RetType = void; ArgTypes = {std::pair<std::error_code, long unsigned int>}]’ at /usr/local/include/async_simple/util/move_only_function.h:324:9,
    inlined from ‘void coro_io::detail::ib_socket_shared_state_t::post_recv_impl(callback_t&&)’ at /usr/local/include/ylt/coro_io/ibverbs/ib_socket.hpp:303:33:
/usr/include/c++/12/bits/move.h:205:11: warning: ‘<unnamed>.async_simple::util::move_only_function<void(std::pair<std::error_code, long unsigned int>)>::_m_invoker’ may be used uninitialized [-Wmaybe-uninitialized]
  205 |       __a = _GLIBCXX_MOVE(__b);
      |           ^
/usr/local/include/async_simple/util/move_only_function.h: In member function ‘void coro_io::detail::ib_socket_shared_state_t::post_recv_impl(callback_t&&)’:
/usr/local/include/async_simple/util/move_only_function.h:324:9: note: ‘<anonymous>’ declared here
  324 |         move_only_function(std::move(other)).swap(*this);
      |         ^~~~~~~~~~~~~~~~~~~~~~~~~~~~~~~~~~~~
In function ‘constexpr std::_Require<std::__not_<std::__is_tuple_like<_Tp> >, std::is_move_constructible<_Tp>, std::is_move_assignable<_Tp> > std::swap(_Tp&, _Tp&) [with _Tp = async_simple::util::detail::_any_data]’,
    inlined from ‘void async_simple::util::move_only_function<RetType(ArgTypes ...)>::swap(async_simple::util::move_only_function<RetType(ArgTypes ...)>&) [with RetType = void; ArgTypes = {std::pair<std::error_code, long unsigned int>}]’ at /usr/local/include/async_simple/util/move_only_function.h:347:18,
    inlined from ‘async_simple::util::move_only_function<RetType(ArgTypes ...)>::move_only_function(async_simple::util::move_only_function<RetType(ArgTypes ...)>&&) [with RetType = void; ArgTypes = {std::pair<std::error_code, long unsigned int>}]’ at /usr/local/include/async_simple/util/move_only_function.h:286:19,
    inlined from ‘async_simple::util::move_only_function<RetType(ArgTypes ...)>& async_simple::util::move_only_function<RetType(ArgTypes ...)>::operator=(async_simple::util::move_only_function<RetType(ArgTypes ...)>&&) [with RetType = void; ArgTypes = {std::pair<std::error_code, long unsigned int>}]’ at /usr/local/include/async_simple/util/move_only_function.h:324:9,
    inlined from ‘std::error_code coro_io::detail::ib_socket_shared_state_t::poll_completion()’ at /usr/local/include/ylt/coro_io/ibverbs/ib_socket.hpp:363:51:
/usr/include/c++/12/bits/move.h:205:7: warning: ‘<unnamed>.async_simple::util::move_only_function<void(std::pair<std::error_code, long unsigned int>)>::<unnamed>.async_simple::util::detail::_function_base::_m_functor’ may be used uninitialized [-Wmaybe-uninitialized]
  205 |       __a = _GLIBCXX_MOVE(__b);
      |       ^~~
/usr/local/include/async_simple/util/move_only_function.h: In member function ‘std::error_code coro_io::detail::ib_socket_shared_state_t::poll_completion()’:
/usr/local/include/async_simple/util/move_only_function.h:324:9: note: ‘<anonymous>’ declared here
  324 |         move_only_function(std::move(other)).swap(*this);
      |         ^~~~~~~~~~~~~~~~~~~~~~~~~~~~~~~~~~~~
In function ‘constexpr std::_Require<std::__not_<std::__is_tuple_like<_Tp> >, std::is_move_constructible<_Tp>, std::is_move_assignable<_Tp> > std::swap(_Tp&, _Tp&) [with _Tp = void (*)(const async_simple::util::detail::_any_data&, pair<error_code, long unsigned int>&&)]’,
    inlined from ‘void async_simple::util::move_only_function<RetType(ArgTypes ...)>::swap(async_simple::util::move_only_function<RetType(ArgTypes ...)>&) [with RetType = void; ArgTypes = {std::pair<std::error_code, long unsigned int>}]’ at /usr/local/include/async_simple/util/move_only_function.h:349:18,
    inlined from ‘async_simple::util::move_only_function<RetType(ArgTypes ...)>::move_only_function(async_simple::util::move_only_function<RetType(ArgTypes ...)>&&) [with RetType = void; ArgTypes = {std::pair<std::error_code, long unsigned int>}]’ at /usr/local/include/async_simple/util/move_only_function.h:286:19,
    inlined from ‘async_simple::util::move_only_function<RetType(ArgTypes ...)>& async_simple::util::move_only_function<RetType(ArgTypes ...)>::operator=(async_simple::util::move_only_function<RetType(ArgTypes ...)>&&) [with RetType = void; ArgTypes = {std::pair<std::error_code, long unsigned int>}]’ at /usr/local/include/async_simple/util/move_only_function.h:324:9,
    inlined from ‘std::error_code coro_io::detail::ib_socket_shared_state_t::poll_completion()’ at /usr/local/include/ylt/coro_io/ibverbs/ib_socket.hpp:363:51:
/usr/include/c++/12/bits/move.h:205:11: warning: ‘<unnamed>.async_simple::util::move_only_function<void(std::pair<std::error_code, long unsigned int>)>::_m_invoker’ may be used uninitialized [-Wmaybe-uninitialized]
  205 |       __a = _GLIBCXX_MOVE(__b);
      |           ^
/usr/local/include/async_simple/util/move_only_function.h: In member function ‘std::error_code coro_io::detail::ib_socket_shared_state_t::poll_completion()’:
/usr/local/include/async_simple/util/move_only_function.h:324:9: note: ‘<anonymous>’ declared here
  324 |         move_only_function(std::move(other)).swap(*this);
      |         ^~~~~~~~~~~~~~~~~~~~~~~~~~~~~~~~~~~~
In function ‘constexpr std::_Require<std::__not_<std::__is_tuple_like<_Tp> >, std::is_move_constructible<_Tp>, std::is_move_assignable<_Tp> > std::swap(_Tp&, _Tp&) [with _Tp = async_simple::util::detail::_any_data]’,
    inlined from ‘void async_simple::util::move_only_function<RetType(ArgTypes ...)>::swap(async_simple::util::move_only_function<RetType(ArgTypes ...)>&) [with RetType = void; ArgTypes = {std::pair<std::error_code, long unsigned int>}]’ at /usr/local/include/async_simple/util/move_only_function.h:347:18,
    inlined from ‘async_simple::util::move_only_function<RetType(ArgTypes ...)>::move_only_function(async_simple::util::move_only_function<RetType(ArgTypes ...)>&&) [with RetType = void; ArgTypes = {std::pair<std::error_code, long unsigned int>}]’ at /usr/local/include/async_simple/util/move_only_function.h:286:19,
    inlined from ‘static void coro_io::detail::ib_socket_shared_state_t::resume(std::pair<std::error_code, long unsigned int>&&, callback_t&&)’ at /usr/local/include/ylt/coro_io/ibverbs/ib_socket.hpp:71:41,
    inlined from ‘std::error_code coro_io::detail::ib_socket_shared_state_t::poll_completion()’ at /usr/local/include/ylt/coro_io/ibverbs/ib_socket.hpp:381:15:
/usr/include/c++/12/bits/move.h:205:7: warning: ‘handle_tmp.async_simple::util::move_only_function<void(std::pair<std::error_code, long unsigned int>)>::<unnamed>.async_simple::util::detail::_function_base::_m_functor’ may be used uninitialized [-Wmaybe-uninitialized]
  205 |       __a = _GLIBCXX_MOVE(__b);
      |       ^~~
/usr/local/include/ylt/coro_io/ibverbs/ib_socket.hpp: In member function ‘std::error_code coro_io::detail::ib_socket_shared_state_t::poll_completion()’:
/usr/local/include/ylt/coro_io/ibverbs/ib_socket.hpp:71:12: note: ‘handle_tmp’ declared here
   71 |       auto handle_tmp = std::move(handle);
      |            ^~~~~~~~~~
In function ‘constexpr std::_Require<std::__not_<std::__is_tuple_like<_Tp> >, std::is_move_constructible<_Tp>, std::is_move_assignable<_Tp> > std::swap(_Tp&, _Tp&) [with _Tp = void (*)(const async_simple::util::detail::_any_data&, pair<error_code, long unsigned int>&&)]’,
    inlined from ‘void async_simple::util::move_only_function<RetType(ArgTypes ...)>::swap(async_simple::util::move_only_function<RetType(ArgTypes ...)>&) [with RetType = void; ArgTypes = {std::pair<std::error_code, long unsigned int>}]’ at /usr/local/include/async_simple/util/move_only_function.h:349:18,
    inlined from ‘async_simple::util::move_only_function<RetType(ArgTypes ...)>::move_only_function(async_simple::util::move_only_function<RetType(ArgTypes ...)>&&) [with RetType = void; ArgTypes = {std::pair<std::error_code, long unsigned int>}]’ at /usr/local/include/async_simple/util/move_only_function.h:286:19,
    inlined from ‘static void coro_io::detail::ib_socket_shared_state_t::resume(std::pair<std::error_code, long unsigned int>&&, callback_t&&)’ at /usr/local/include/ylt/coro_io/ibverbs/ib_socket.hpp:71:41,
    inlined from ‘std::error_code coro_io::detail::ib_socket_shared_state_t::poll_completion()’ at /usr/local/include/ylt/coro_io/ibverbs/ib_socket.hpp:381:15:
/usr/include/c++/12/bits/move.h:205:11: warning: ‘handle_tmp.async_simple::util::move_only_function<void(std::pair<std::error_code, long unsigned int>)>::_m_invoker’ may be used uninitialized [-Wmaybe-uninitialized]
  205 |       __a = _GLIBCXX_MOVE(__b);
      |           ^
/usr/local/include/ylt/coro_io/ibverbs/ib_socket.hpp: In member function ‘std::error_code coro_io::detail::ib_socket_shared_state_t::poll_completion()’:
/usr/local/include/ylt/coro_io/ibverbs/ib_socket.hpp:71:12: note: ‘handle_tmp’ declared here
   71 |       auto handle_tmp = std::move(handle);
      |            ^~~~~~~~~~
In function ‘constexpr std::_Require<std::__not_<std::__is_tuple_like<_Tp> >, std::is_move_constructible<_Tp>, std::is_move_assignable<_Tp> > std::swap(_Tp&, _Tp&) [with _Tp = async_simple::util::detail::_any_data]’,
    inlined from ‘void async_simple::util::move_only_function<RetType(ArgTypes ...)>::swap(async_simple::util::move_only_function<RetType(ArgTypes ...)>&) [with RetType = void; ArgTypes = {std::pair<std::error_code, long unsigned int>}]’ at /usr/local/include/async_simple/util/move_only_function.h:347:18,
    inlined from ‘async_simple::util::move_only_function<RetType(ArgTypes ...)>::move_only_function(async_simple::util::move_only_function<RetType(ArgTypes ...)>&&) [with RetType = void; ArgTypes = {std::pair<std::error_code, long unsigned int>}]’ at /usr/local/include/async_simple/util/move_only_function.h:286:19,
    inlined from ‘static void coro_io::detail::ib_socket_shared_state_t::resume(std::pair<std::error_code, long unsigned int>&&, callback_t&&)’ at /usr/local/include/ylt/coro_io/ibverbs/ib_socket.hpp:71:41,
    inlined from ‘std::error_code coro_io::detail::ib_socket_shared_state_t::poll_completion()’ at /usr/local/include/ylt/coro_io/ibverbs/ib_socket.hpp:384:15:
/usr/include/c++/12/bits/move.h:205:7: warning: ‘handle_tmp.async_simple::util::move_only_function<void(std::pair<std::error_code, long unsigned int>)>::<unnamed>.async_simple::util::detail::_function_base::_m_functor’ may be used uninitialized [-Wmaybe-uninitialized]
  205 |       __a = _GLIBCXX_MOVE(__b);
      |       ^~~
/usr/local/include/ylt/coro_io/ibverbs/ib_socket.hpp: In member function ‘std::error_code coro_io::detail::ib_socket_shared_state_t::poll_completion()’:
/usr/local/include/ylt/coro_io/ibverbs/ib_socket.hpp:71:12: note: ‘handle_tmp’ declared here
   71 |       auto handle_tmp = std::move(handle);
      |            ^~~~~~~~~~
In function ‘constexpr std::_Require<std::__not_<std::__is_tuple_like<_Tp> >, std::is_move_constructible<_Tp>, std::is_move_assignable<_Tp> > std::swap(_Tp&, _Tp&) [with _Tp = void (*)(const async_simple::util::detail::_any_data&, pair<error_code, long unsigned int>&&)]’,
    inlined from ‘void async_simple::util::move_only_function<RetType(ArgTypes ...)>::swap(async_simple::util::move_only_function<RetType(ArgTypes ...)>&) [with RetType = void; ArgTypes = {std::pair<std::error_code, long unsigned int>}]’ at /usr/local/include/async_simple/util/move_only_function.h:349:18,
    inlined from ‘async_simple::util::move_only_function<RetType(ArgTypes ...)>::move_only_function(async_simple::util::move_only_function<RetType(ArgTypes ...)>&&) [with RetType = void; ArgTypes = {std::pair<std::error_code, long unsigned int>}]’ at /usr/local/include/async_simple/util/move_only_function.h:286:19,
    inlined from ‘static void coro_io::detail::ib_socket_shared_state_t::resume(std::pair<std::error_code, long unsigned int>&&, callback_t&&)’ at /usr/local/include/ylt/coro_io/ibverbs/ib_socket.hpp:71:41,
    inlined from ‘std::error_code coro_io::detail::ib_socket_shared_state_t::poll_completion()’ at /usr/local/include/ylt/coro_io/ibverbs/ib_socket.hpp:384:15:
/usr/include/c++/12/bits/move.h:205:11: warning: ‘handle_tmp.async_simple::util::move_only_function<void(std::pair<std::error_code, long unsigned int>)>::_m_invoker’ may be used uninitialized [-Wmaybe-uninitialized]
  205 |       __a = _GLIBCXX_MOVE(__b);
      |           ^
/usr/local/include/ylt/coro_io/ibverbs/ib_socket.hpp: In member function ‘std::error_code coro_io::detail::ib_socket_shared_state_t::poll_completion()’:
/usr/local/include/ylt/coro_io/ibverbs/ib_socket.hpp:71:12: note: ‘handle_tmp’ declared here
   71 |       auto handle_tmp = std::move(handle);
      |            ^~~~~~~~~~
In function ‘constexpr std::_Require<std::__not_<std::__is_tuple_like<_Tp> >, std::is_move_constructible<_Tp>, std::is_move_assignable<_Tp> > std::swap(_Tp&, _Tp&) [with _Tp = async_simple::util::detail::_any_data]’,
    inlined from ‘void async_simple::util::move_only_function<RetType(ArgTypes ...)>::swap(async_simple::util::move_only_function<RetType(ArgTypes ...)>&) [with RetType = void; ArgTypes = {std::pair<std::error_code, long unsigned int>}]’ at /usr/local/include/async_simple/util/move_only_function.h:347:18,
    inlined from ‘async_simple::util::move_only_function<RetType(ArgTypes ...)>::move_only_function(async_simple::util::move_only_function<RetType(ArgTypes ...)>&&) [with RetType = void; ArgTypes = {std::pair<std::error_code, long unsigned int>}]’ at /usr/local/include/async_simple/util/move_only_function.h:286:19,
    inlined from ‘static void coro_io::detail::ib_socket_shared_state_t::resume(std::pair<std::error_code, long unsigned int>&&, callback_t&&)’ at /usr/local/include/ylt/coro_io/ibverbs/ib_socket.hpp:71:41,
    inlined from ‘void coro_io::ib_socket_t::init_fd()::<lambda(std::shared_ptr<coro_io::detail::ib_socket_shared_state_t>)>::operator()(coro_io::ib_socket_t::init_fd()::<lambda(std::shared_ptr<coro_io::detail::ib_socket_shared_state_t>)>::_ZZN7coro_io11ib_socket_t7init_fdEvENKUlSt10shared_ptrINS_6detail24ib_socket_shared_state_tEEE0_clES4_.Frame*)’ at /usr/local/include/ylt/coro_io/ibverbs/ib_socket.hpp:1062:53:
/usr/include/c++/12/bits/move.h:205:7: warning: ‘handle_tmp.async_simple::util::move_only_function<void(std::pair<std::error_code, long unsigned int>)>::<unnamed>.async_simple::util::detail::_function_base::_m_functor’ may be used uninitialized [-Wmaybe-uninitialized]
  205 |       __a = _GLIBCXX_MOVE(__b);
      |       ^~~
/usr/local/include/ylt/coro_io/ibverbs/ib_socket.hpp: In function ‘void coro_io::ib_socket_t::init_fd()::<lambda(std::shared_ptr<coro_io::detail::ib_socket_shared_state_t>)>::operator()(coro_io::ib_socket_t::init_fd()::<lambda(std::shared_ptr<coro_io::detail::ib_socket_shared_state_t>)>::_ZZN7coro_io11ib_socket_t7init_fdEvENKUlSt10shared_ptrINS_6detail24ib_socket_shared_state_tEEE0_clES4_.Frame*)’:
/usr/local/include/ylt/coro_io/ibverbs/ib_socket.hpp:71:12: note: ‘handle_tmp’ declared here
   71 |       auto handle_tmp = std::move(handle);
      |            ^~~~~~~~~~
In function ‘constexpr std::_Require<std::__not_<std::__is_tuple_like<_Tp> >, std::is_move_constructible<_Tp>, std::is_move_assignable<_Tp> > std::swap(_Tp&, _Tp&) [with _Tp = void (*)(const async_simple::util::detail::_any_data&, pair<error_code, long unsigned int>&&)]’,
    inlined from ‘void async_simple::util::move_only_function<RetType(ArgTypes ...)>::swap(async_simple::util::move_only_function<RetType(ArgTypes ...)>&) [with RetType = void; ArgTypes = {std::pair<std::error_code, long unsigned int>}]’ at /usr/local/include/async_simple/util/move_only_function.h:349:18,
    inlined from ‘async_simple::util::move_only_function<RetType(ArgTypes ...)>::move_only_function(async_simple::util::move_only_function<RetType(ArgTypes ...)>&&) [with RetType = void; ArgTypes = {std::pair<std::error_code, long unsigned int>}]’ at /usr/local/include/async_simple/util/move_only_function.h:286:19,
    inlined from ‘static void coro_io::detail::ib_socket_shared_state_t::resume(std::pair<std::error_code, long unsigned int>&&, callback_t&&)’ at /usr/local/include/ylt/coro_io/ibverbs/ib_socket.hpp:71:41,
    inlined from ‘void coro_io::ib_socket_t::init_fd()::<lambda(std::shared_ptr<coro_io::detail::ib_socket_shared_state_t>)>::operator()(coro_io::ib_socket_t::init_fd()::<lambda(std::shared_ptr<coro_io::detail::ib_socket_shared_state_t>)>::_ZZN7coro_io11ib_socket_t7init_fdEvENKUlSt10shared_ptrINS_6detail24ib_socket_shared_state_tEEE0_clES4_.Frame*)’ at /usr/local/include/ylt/coro_io/ibverbs/ib_socket.hpp:1062:53:
/usr/include/c++/12/bits/move.h:205:11: warning: ‘handle_tmp.async_simple::util::move_only_function<void(std::pair<std::error_code, long unsigned int>)>::_m_invoker’ may be used uninitialized [-Wmaybe-uninitialized]
  205 |       __a = _GLIBCXX_MOVE(__b);
      |           ^
/usr/local/include/ylt/coro_io/ibverbs/ib_socket.hpp: In function ‘void coro_io::ib_socket_t::init_fd()::<lambda(std::shared_ptr<coro_io::detail::ib_socket_shared_state_t>)>::operator()(coro_io::ib_socket_t::init_fd()::<lambda(std::shared_ptr<coro_io::detail::ib_socket_shared_state_t>)>::_ZZN7coro_io11ib_socket_t7init_fdEvENKUlSt10shared_ptrINS_6detail24ib_socket_shared_state_tEEE0_clES4_.Frame*)’:
/usr/local/include/ylt/coro_io/ibverbs/ib_socket.hpp:71:12: note: ‘handle_tmp’ declared here
   71 |       auto handle_tmp = std::move(handle);
      |            ^~~~~~~~~~
In file included from /home/q00913006/project/mooncake-qyf/mooncake-store/include/master_client.h:8:
In member function ‘constexpr bool std::__detail::__variant::_Variant_storage<false, _Types ...>::_M_valid() const [with _Types = {std::__cxx11::basic_string<char, std::char_traits<char>, std::allocator<char> >, memory_owner_t}]’,
    inlined from ‘constexpr void std::__detail::__variant::_Variant_storage<false, _Types ...>::_M_reset() [with _Types = {std::__cxx11::basic_string<char, std::char_traits<char>, std::allocator<char> >, memory_owner_t}]’ at /usr/include/c++/12/variant:467:15,
    inlined from ‘constexpr std::__detail::__variant::_Variant_storage<false, _Types ...>::~_Variant_storage() [with _Types = {std::__cxx11::basic_string<char, std::char_traits<char>, std::allocator<char> >, memory_owner_t}]’ at /usr/include/c++/12/variant:480:17,
    inlined from ‘constexpr std::__detail::__variant::_Copy_ctor_base<false, std::__cxx11::basic_string<char, std::char_traits<char>, std::allocator<char> >, memory_owner_t>::~_Copy_ctor_base()’ at /usr/include/c++/12/variant:554:12,
    inlined from ‘constexpr std::__detail::__variant::_Move_ctor_base<false, std::__cxx11::basic_string<char, std::char_traits<char>, std::allocator<char> >, memory_owner_t>::~_Move_ctor_base()’ at /usr/include/c++/12/variant:591:12,
    inlined from ‘constexpr std::__detail::__variant::_Copy_assign_base<false, std::__cxx11::basic_string<char, std::char_traits<char>, std::allocator<char> >, memory_owner_t>::~_Copy_assign_base()’ at /usr/include/c++/12/variant:629:12,
    inlined from ‘constexpr std::__detail::__variant::_Move_assign_base<false, std::__cxx11::basic_string<char, std::char_traits<char>, std::allocator<char> >, memory_owner_t>::~_Move_assign_base()’ at /usr/include/c++/12/variant:681:12,
    inlined from ‘constexpr std::__detail::__variant::_Variant_base<std::__cxx11::basic_string<char, std::char_traits<char>, std::allocator<char> >, memory_owner_t>::~_Variant_base()’ at /usr/include/c++/12/variant:735:12,
    inlined from ‘constexpr std::variant<_Types>::~variant() [with _Types = {std::__cxx11::basic_string<char, std::char_traits<char>, std::allocator<char> >, memory_owner_t}]’ at /usr/include/c++/12/variant:1407:28,
    inlined from ‘constexpr coro_io::heterogeneous_buffer::~heterogeneous_buffer()’ at /usr/local/include/ylt/coro_io/heterogeneous_buffer.hpp:29:7,
    inlined from ‘constexpr coro_rpc::resp_body::~resp_body()’ at /usr/local/include/ylt/coro_rpc/impl/coro_rpc_client.hpp:115:8,
    inlined from ‘constexpr coro_rpc::coro_rpc_client::async_rpc_raw_result_value_type::~async_rpc_raw_result_value_type()’ at /usr/local/include/ylt/coro_rpc/impl/coro_rpc_client.hpp:1319:10,
    inlined from ‘constexpr void std::destroy_at(_Tp*) [with _Tp = coro_rpc::coro_rpc_client::async_rpc_raw_result_value_type]’ at /usr/include/c++/12/bits/stl_construct.h:88:18,
    inlined from ‘constexpr void std::_Destroy(_Tp*) [with _Tp = coro_rpc::coro_rpc_client::async_rpc_raw_result_value_type]’ at /usr/include/c++/12/bits/stl_construct.h:149:22,
    inlined from ‘std::__detail::__variant::_Variant_storage<false, coro_rpc::coro_rpc_client::async_rpc_raw_result_value_type, std::error_code>::_M_reset()::<lambda(auto:14&&)> mutable [with auto:14 = coro_rpc::coro_rpc_client::async_rpc_raw_result_value_type&]’ at /usr/include/c++/12/variant:472:19,
    inlined from ‘constexpr _Res std::__invoke_impl(__invoke_other, _Fn&&, _Args&& ...) [with _Res = void; _Fn = __detail::__variant::_Variant_storage<false, coro_rpc::coro_rpc_client::async_rpc_raw_result_value_type, error_code>::_M_reset()::<lambda(auto:14&&)>; _Args = {coro_rpc::coro_rpc_client::async_rpc_raw_result_value_type&}]’ at /usr/include/c++/12/bits/invoke.h:61:36,
    inlined from ‘constexpr std::enable_if_t<is_invocable_r_v<_Res, _Callable, _Args ...>, _Res> std::__invoke_r(_Callable&&, _Args&& ...) [with _Res = void; _Callable = __detail::__variant::_Variant_storage<false, coro_rpc::coro_rpc_client::async_rpc_raw_result_value_type, error_code>::_M_reset()::<lambda(auto:14&&)>; _Args = {coro_rpc::coro_rpc_client::async_rpc_raw_result_value_type&}]’ at /usr/include/c++/12/bits/invoke.h:111:28,
    inlined from ‘static constexpr decltype(auto) std::__detail::__variant::__gen_vtable_impl<std::__detail::__variant::_Multi_array<_Result_type (*)(_Visitor, _Variants ...)>, std::integer_sequence<long unsigned int, __indices ...> >::__visit_invoke(_Visitor&&, _Variants ...) [with _Result_type = void; _Visitor = std::__detail::__variant::_Variant_storage<false, coro_rpc::coro_rpc_client::async_rpc_raw_result_value_type, std::error_code>::_M_reset()::<lambda(auto:14&&)>&&; _Variants = {std::variant<coro_rpc::coro_rpc_client::async_rpc_raw_result_value_type, std::error_code>&}; long unsigned int ...__indices = {0}]’ at /usr/include/c++/12/variant:1035:40,
    inlined from ‘constexpr decltype(auto) std::__do_visit(_Visitor&&, _Variants&& ...) [with _Result_type = void; _Visitor = __detail::__variant::_Variant_storage<false, coro_rpc::coro_rpc_client::async_rpc_raw_result_value_type, error_code>::_M_reset()::<lambda(auto:14&&)>; _Variants = {variant<coro_rpc::coro_rpc_client::async_rpc_raw_result_value_type, error_code>&}]’ at /usr/include/c++/12/variant:1790:5,
    inlined from ‘constexpr decltype(auto) std::__do_visit(_Visitor&&, _Variants&& ...) [with _Result_type = void; _Visitor = __detail::__variant::_Variant_storage<false, coro_rpc::coro_rpc_client::async_rpc_raw_result_value_type, error_code>::_M_reset()::<lambda(auto:14&&)>; _Variants = {variant<coro_rpc::coro_rpc_client::async_rpc_raw_result_value_type, error_code>&}]’ at /usr/include/c++/12/variant:1731:5,
    inlined from ‘constexpr void std::__detail::__variant::_Variant_storage<false, _Types ...>::_M_reset() [with _Types = {coro_rpc::coro_rpc_client::async_rpc_raw_result_value_type, std::error_code}]’ at /usr/include/c++/12/variant:470:23,
    inlined from ‘constexpr std::__detail::__variant::_Variant_storage<false, _Types ...>::~_Variant_storage() [with _Types = {coro_rpc::coro_rpc_client::async_rpc_raw_result_value_type, std::error_code}]’ at /usr/include/c++/12/variant:480:17,
    inlined from ‘constexpr std::__detail::__variant::_Copy_ctor_base<false, coro_rpc::coro_rpc_client::async_rpc_raw_result_value_type, std::error_code>::~_Copy_ctor_base()’ at /usr/include/c++/12/variant:554:12,
    inlined from ‘constexpr std::__detail::__variant::_Move_ctor_base<false, coro_rpc::coro_rpc_client::async_rpc_raw_result_value_type, std::error_code>::~_Move_ctor_base()’ at /usr/include/c++/12/variant:591:12,
    inlined from ‘constexpr std::__detail::__variant::_Copy_assign_base<false, coro_rpc::coro_rpc_client::async_rpc_raw_result_value_type, std::error_code>::~_Copy_assign_base()’ at /usr/include/c++/12/variant:629:12,
    inlined from ‘constexpr std::__detail::__variant::_Move_assign_base<false, coro_rpc::coro_rpc_client::async_rpc_raw_result_value_type, std::error_code>::~_Move_assign_base()’ at /usr/include/c++/12/variant:681:12,
    inlined from ‘constexpr std::__detail::__variant::_Variant_base<coro_rpc::coro_rpc_client::async_rpc_raw_result_value_type, std::error_code>::~_Variant_base()’ at /usr/include/c++/12/variant:735:12,
    inlined from ‘constexpr std::variant<_Types>::~variant() [with _Types = {coro_rpc::coro_rpc_client::async_rpc_raw_result_value_type, std::error_code}]’ at /usr/include/c++/12/variant:1407:28,
    inlined from ‘void coro_rpc::coro_rpc_client::handler_t::local_error(std::error_code&)’ at /usr/local/include/ylt/coro_rpc/impl/coro_rpc_client.hpp:1348:25,
    inlined from ‘static void coro_rpc::coro_rpc_client::send_err_response(control_t*, std::error_code&)’ at /usr/local/include/ylt/coro_rpc/impl/coro_rpc_client.hpp:1458:27:
/usr/include/c++/12/variant:487:22: warning: ‘*(const std::__detail::__variant::_Variant_storage<false, std::__cxx11::basic_string<char, std::char_traits<char>, std::allocator<char> >, memory_owner_t>*)((char*)&<unnamed> + offsetof(std::async_rpc_raw_result, std::variant<coro_rpc::coro_rpc_client::async_rpc_raw_result_value_type, std::error_code>::<unnamed>.std::__detail::__variant::_Variant_base<coro_rpc::coro_rpc_client::async_rpc_raw_result_value_type, std::error_code>::<unnamed>.std::__detail::__variant::_Move_assign_base<false, coro_rpc::coro_rpc_client::async_rpc_raw_result_value_type, std::error_code>::<unnamed>.std::__detail::__variant::_Copy_assign_base<false, coro_rpc::coro_rpc_client::async_rpc_raw_result_value_type, std::error_code>::<unnamed>.std::__detail::__variant::_Move_ctor_base<false, coro_rpc::coro_rpc_client::async_rpc_raw_result_value_type, std::error_code>::<unnamed>.std::__detail::__variant::_Copy_ctor_base<false, coro_rpc::coro_rpc_client::async_rpc_raw_result_value_type, std::error_code>::<unnamed>.std::__detail::__variant::_Variant_storage<false, coro_rpc::coro_rpc_client::async_rpc_raw_result_value_type, std::error_code>::_M_u) + 32).std::__detail::__variant::_Variant_storage<false, std::__cxx11::basic_string<char, std::char_traits<char>, std::allocator<char> >, memory_owner_t>::_M_index’ may be used uninitialized [-Wmaybe-uninitialized]
  487 |         return this->_M_index != __index_type(variant_npos);
      |                ~~~~~~^~~~~~~~
/usr/local/include/ylt/coro_rpc/impl/coro_rpc_client.hpp: In static member function ‘static void coro_rpc::coro_rpc_client::send_err_response(control_t*, std::error_code&)’:
/usr/local/include/ylt/coro_rpc/impl/coro_rpc_client.hpp:1348:48: note: ‘<anonymous>’ declared here
 1348 |       promise_.setValue(async_rpc_raw_result{ec});
      |                                                ^
In file included from /usr/include/c++/12/string:53,
                 from /usr/include/c++/12/bits/locale_classes.h:40,
                 from /usr/include/c++/12/bits/ios_base.h:41,
                 from /usr/include/c++/12/ios:42,
                 from /usr/include/c++/12/ostream:38,
                 from /usr/include/c++/12/bits/unique_ptr.h:41,
                 from /usr/include/c++/12/memory:75:
In member function ‘constexpr std::__cxx11::basic_string<_CharT, _Traits, _Alloc>::pointer std::__cxx11::basic_string<_CharT, _Traits, _Alloc>::_M_data() const [with _CharT = char; _Traits = std::char_traits<char>; _Alloc = std::allocator<char>]’,
    inlined from ‘constexpr bool std::__cxx11::basic_string<_CharT, _Traits, _Alloc>::_M_is_local() const [with _CharT = char; _Traits = std::char_traits<char>; _Alloc = std::allocator<char>]’ at /usr/include/c++/12/bits/basic_string.h:275:13,
    inlined from ‘constexpr void std::__cxx11::basic_string<_CharT, _Traits, _Alloc>::_M_dispose() [with _CharT = char; _Traits = std::char_traits<char>; _Alloc = std::allocator<char>]’ at /usr/include/c++/12/bits/basic_string.h:293:18,
    inlined from ‘constexpr std::__cxx11::basic_string<_CharT, _Traits, _Alloc>::~basic_string() [with _CharT = char; _Traits = std::char_traits<char>; _Alloc = std::allocator<char>]’ at /usr/include/c++/12/bits/basic_string.h:803:19,
    inlined from ‘constexpr void std::destroy_at(_Tp*) [with _Tp = __cxx11::basic_string<char>]’ at /usr/include/c++/12/bits/stl_construct.h:88:18,
    inlined from ‘constexpr void std::_Destroy(_Tp*) [with _Tp = __cxx11::basic_string<char>]’ at /usr/include/c++/12/bits/stl_construct.h:149:22,
    inlined from ‘std::__detail::__variant::_Variant_storage<false, std::__cxx11::basic_string<char, std::char_traits<char>, std::allocator<char> >, memory_owner_t>::_M_reset()::<lambda(auto:14&&)> mutable [with auto:14 = std::__cxx11::basic_string<char>&]’ at /usr/include/c++/12/variant:472:19,
    inlined from ‘constexpr _Res std::__invoke_impl(__invoke_other, _Fn&&, _Args&& ...) [with _Res = void; _Fn = __detail::__variant::_Variant_storage<false, __cxx11::basic_string<char, char_traits<char>, allocator<char> >, memory_owner_t>::_M_reset()::<lambda(auto:14&&)>; _Args = {__cxx11::basic_string<char, char_traits<char>, allocator<char> >&}]’ at /usr/include/c++/12/bits/invoke.h:61:36,
    inlined from ‘constexpr std::enable_if_t<is_invocable_r_v<_Res, _Callable, _Args ...>, _Res> std::__invoke_r(_Callable&&, _Args&& ...) [with _Res = void; _Callable = __detail::__variant::_Variant_storage<false, __cxx11::basic_string<char, char_traits<char>, allocator<char> >, memory_owner_t>::_M_reset()::<lambda(auto:14&&)>; _Args = {__cxx11::basic_string<char, char_traits<char>, allocator<char> >&}]’ at /usr/include/c++/12/bits/invoke.h:111:28,
    inlined from ‘static constexpr decltype(auto) std::__detail::__variant::__gen_vtable_impl<std::__detail::__variant::_Multi_array<_Result_type (*)(_Visitor, _Variants ...)>, std::integer_sequence<long unsigned int, __indices ...> >::__visit_invoke(_Visitor&&, _Variants ...) [with _Result_type = void; _Visitor = std::__detail::__variant::_Variant_storage<false, std::__cxx11::basic_string<char, std::char_traits<char>, std::allocator<char> >, memory_owner_t>::_M_reset()::<lambda(auto:14&&)>&&; _Variants = {std::variant<std::__cxx11::basic_string<char, std::char_traits<char>, std::allocator<char> >, memory_owner_t>&}; long unsigned int ...__indices = {0}]’ at /usr/include/c++/12/variant:1035:40,
    inlined from ‘constexpr decltype(auto) std::__do_visit(_Visitor&&, _Variants&& ...) [with _Result_type = void; _Visitor = __detail::__variant::_Variant_storage<false, __cxx11::basic_string<char, char_traits<char>, allocator<char> >, memory_owner_t>::_M_reset()::<lambda(auto:14&&)>; _Variants = {variant<__cxx11::basic_string<char, char_traits<char>, allocator<char> >, memory_owner_t>&}]’ at /usr/include/c++/12/variant:1790:5,
    inlined from ‘constexpr void std::__detail::__variant::_Variant_storage<false, _Types ...>::_M_reset() [with _Types = {std::__cxx11::basic_string<char, std::char_traits<char>, std::allocator<char> >, memory_owner_t}]’ at /usr/include/c++/12/variant:470:23,
    inlined from ‘constexpr std::__detail::__variant::_Variant_storage<false, _Types ...>::~_Variant_storage() [with _Types = {std::__cxx11::basic_string<char, std::char_traits<char>, std::allocator<char> >, memory_owner_t}]’ at /usr/include/c++/12/variant:480:17,
    inlined from ‘constexpr std::__detail::__variant::_Copy_ctor_base<false, std::__cxx11::basic_string<char, std::char_traits<char>, std::allocator<char> >, memory_owner_t>::~_Copy_ctor_base()’ at /usr/include/c++/12/variant:554:12,
    inlined from ‘constexpr std::__detail::__variant::_Move_ctor_base<false, std::__cxx11::basic_string<char, std::char_traits<char>, std::allocator<char> >, memory_owner_t>::~_Move_ctor_base()’ at /usr/include/c++/12/variant:591:12,
    inlined from ‘constexpr std::__detail::__variant::_Copy_assign_base<false, std::__cxx11::basic_string<char, std::char_traits<char>, std::allocator<char> >, memory_owner_t>::~_Copy_assign_base()’ at /usr/include/c++/12/variant:629:12,
    inlined from ‘constexpr std::__detail::__variant::_Move_assign_base<false, std::__cxx11::basic_string<char, std::char_traits<char>, std::allocator<char> >, memory_owner_t>::~_Move_assign_base()’ at /usr/include/c++/12/variant:681:12,
    inlined from ‘constexpr std::__detail::__variant::_Variant_base<std::__cxx11::basic_string<char, std::char_traits<char>, std::allocator<char> >, memory_owner_t>::~_Variant_base()’ at /usr/include/c++/12/variant:735:12,
    inlined from ‘constexpr std::variant<_Types>::~variant() [with _Types = {std::__cxx11::basic_string<char, std::char_traits<char>, std::allocator<char> >, memory_owner_t}]’ at /usr/include/c++/12/variant:1407:28,
    inlined from ‘constexpr coro_io::heterogeneous_buffer::~heterogeneous_buffer()’ at /usr/local/include/ylt/coro_io/heterogeneous_buffer.hpp:29:7,
    inlined from ‘constexpr coro_rpc::resp_body::~resp_body()’ at /usr/local/include/ylt/coro_rpc/impl/coro_rpc_client.hpp:115:8,
    inlined from ‘constexpr coro_rpc::coro_rpc_client::async_rpc_raw_result_value_type::~async_rpc_raw_result_value_type()’ at /usr/local/include/ylt/coro_rpc/impl/coro_rpc_client.hpp:1319:10,
    inlined from ‘constexpr void std::destroy_at(_Tp*) [with _Tp = coro_rpc::coro_rpc_client::async_rpc_raw_result_value_type]’ at /usr/include/c++/12/bits/stl_construct.h:88:18,
    inlined from ‘constexpr void std::_Destroy(_Tp*) [with _Tp = coro_rpc::coro_rpc_client::async_rpc_raw_result_value_type]’ at /usr/include/c++/12/bits/stl_construct.h:149:22,
    inlined from ‘std::__detail::__variant::_Variant_storage<false, coro_rpc::coro_rpc_client::async_rpc_raw_result_value_type, std::error_code>::_M_reset()::<lambda(auto:14&&)> mutable [with auto:14 = coro_rpc::coro_rpc_client::async_rpc_raw_result_value_type&]’ at /usr/include/c++/12/variant:472:19,
    inlined from ‘constexpr _Res std::__invoke_impl(__invoke_other, _Fn&&, _Args&& ...) [with _Res = void; _Fn = __detail::__variant::_Variant_storage<false, coro_rpc::coro_rpc_client::async_rpc_raw_result_value_type, error_code>::_M_reset()::<lambda(auto:14&&)>; _Args = {coro_rpc::coro_rpc_client::async_rpc_raw_result_value_type&}]’ at /usr/include/c++/12/bits/invoke.h:61:36,
    inlined from ‘constexpr std::enable_if_t<is_invocable_r_v<_Res, _Callable, _Args ...>, _Res> std::__invoke_r(_Callable&&, _Args&& ...) [with _Res = void; _Callable = __detail::__variant::_Variant_storage<false, coro_rpc::coro_rpc_client::async_rpc_raw_result_value_type, error_code>::_M_reset()::<lambda(auto:14&&)>; _Args = {coro_rpc::coro_rpc_client::async_rpc_raw_result_value_type&}]’ at /usr/include/c++/12/bits/invoke.h:111:28,
    inlined from ‘static constexpr decltype(auto) std::__detail::__variant::__gen_vtable_impl<std::__detail::__variant::_Multi_array<_Result_type (*)(_Visitor, _Variants ...)>, std::integer_sequence<long unsigned int, __indices ...> >::__visit_invoke(_Visitor&&, _Variants ...) [with _Result_type = void; _Visitor = std::__detail::__variant::_Variant_storage<false, coro_rpc::coro_rpc_client::async_rpc_raw_result_value_type, std::error_code>::_M_reset()::<lambda(auto:14&&)>&&; _Variants = {std::variant<coro_rpc::coro_rpc_client::async_rpc_raw_result_value_type, std::error_code>&}; long unsigned int ...__indices = {0}]’ at /usr/include/c++/12/variant:1035:40,
    inlined from ‘constexpr decltype(auto) std::__do_visit(_Visitor&&, _Variants&& ...) [with _Result_type = void; _Visitor = __detail::__variant::_Variant_storage<false, coro_rpc::coro_rpc_client::async_rpc_raw_result_value_type, error_code>::_M_reset()::<lambda(auto:14&&)>; _Variants = {variant<coro_rpc::coro_rpc_client::async_rpc_raw_result_value_type, error_code>&}]’ at /usr/include/c++/12/variant:1790:5,
    inlined from ‘constexpr decltype(auto) std::__do_visit(_Visitor&&, _Variants&& ...) [with _Result_type = void; _Visitor = __detail::__variant::_Variant_storage<false, coro_rpc::coro_rpc_client::async_rpc_raw_result_value_type, error_code>::_M_reset()::<lambda(auto:14&&)>; _Variants = {variant<coro_rpc::coro_rpc_client::async_rpc_raw_result_value_type, error_code>&}]’ at /usr/include/c++/12/variant:1731:5,
    inlined from ‘constexpr void std::__detail::__variant::_Variant_storage<false, _Types ...>::_M_reset() [with _Types = {coro_rpc::coro_rpc_client::async_rpc_raw_result_value_type, std::error_code}]’ at /usr/include/c++/12/variant:470:23,
    inlined from ‘constexpr std::__detail::__variant::_Variant_storage<false, _Types ...>::~_Variant_storage() [with _Types = {coro_rpc::coro_rpc_client::async_rpc_raw_result_value_type, std::error_code}]’ at /usr/include/c++/12/variant:480:17,
    inlined from ‘constexpr std::__detail::__variant::_Copy_ctor_base<false, coro_rpc::coro_rpc_client::async_rpc_raw_result_value_type, std::error_code>::~_Copy_ctor_base()’ at /usr/include/c++/12/variant:554:12,
    inlined from ‘constexpr std::__detail::__variant::_Move_ctor_base<false, coro_rpc::coro_rpc_client::async_rpc_raw_result_value_type, std::error_code>::~_Move_ctor_base()’ at /usr/include/c++/12/variant:591:12,
    inlined from ‘constexpr std::__detail::__variant::_Copy_assign_base<false, coro_rpc::coro_rpc_client::async_rpc_raw_result_value_type, std::error_code>::~_Copy_assign_base()’ at /usr/include/c++/12/variant:629:12,
    inlined from ‘constexpr std::__detail::__variant::_Move_assign_base<false, coro_rpc::coro_rpc_client::async_rpc_raw_result_value_type, std::error_code>::~_Move_assign_base()’ at /usr/include/c++/12/variant:681:12,
    inlined from ‘constexpr std::__detail::__variant::_Variant_base<coro_rpc::coro_rpc_client::async_rpc_raw_result_value_type, std::error_code>::~_Variant_base()’ at /usr/include/c++/12/variant:735:12,
    inlined from ‘constexpr std::variant<_Types>::~variant() [with _Types = {coro_rpc::coro_rpc_client::async_rpc_raw_result_value_type, std::error_code}]’ at /usr/include/c++/12/variant:1407:28,
    inlined from ‘void coro_rpc::coro_rpc_client::handler_t::local_error(std::error_code&)’ at /usr/local/include/ylt/coro_rpc/impl/coro_rpc_client.hpp:1348:25,
    inlined from ‘static void coro_rpc::coro_rpc_client::send_err_response(control_t*, std::error_code&)’ at /usr/local/include/ylt/coro_rpc/impl/coro_rpc_client.hpp:1458:27:
/usr/include/c++/12/bits/basic_string.h:234:28: warning: ‘((const std::__cxx11::basic_string<char, std::char_traits<char>, std::allocator<char> >*)((char*)&<unnamed> + offsetof(std::async_rpc_raw_result, std::variant<coro_rpc::coro_rpc_client::async_rpc_raw_result_value_type, std::error_code>::<unnamed>.std::__detail::__variant::_Variant_base<coro_rpc::coro_rpc_client::async_rpc_raw_result_value_type, std::error_code>::<unnamed>.std::__detail::__variant::_Move_assign_base<false, coro_rpc::coro_rpc_client::async_rpc_raw_result_value_type, std::error_code>::<unnamed>.std::__detail::__variant::_Copy_assign_base<false, coro_rpc::coro_rpc_client::async_rpc_raw_result_value_type, std::error_code>::<unnamed>.std::__detail::__variant::_Move_ctor_base<false, coro_rpc::coro_rpc_client::async_rpc_raw_result_value_type, std::error_code>::<unnamed>.std::__detail::__variant::_Copy_ctor_base<false, coro_rpc::coro_rpc_client::async_rpc_raw_result_value_type, std::error_code>::<unnamed>.std::__detail::__variant::_Variant_storage<false, coro_rpc::coro_rpc_client::async_rpc_raw_result_value_type, std::error_code>::_M_u)))[1].std::__cxx11::basic_string<char>::_M_dataplus.std::__cxx11::basic_string<char>::_Alloc_hider::_M_p’ may be used uninitialized [-Wmaybe-uninitialized]
  234 |       { return _M_dataplus._M_p; }
      |                            ^~~~
/usr/local/include/ylt/coro_rpc/impl/coro_rpc_client.hpp: In static member function ‘static void coro_rpc::coro_rpc_client::send_err_response(control_t*, std::error_code&)’:
/usr/local/include/ylt/coro_rpc/impl/coro_rpc_client.hpp:1348:48: note: ‘<anonymous>’ declared here
 1348 |       promise_.setValue(async_rpc_raw_result{ec});
      |                                                ^
In member function ‘constexpr void std::__cxx11::basic_string<_CharT, _Traits, _Alloc>::_M_dispose() [with _CharT = char; _Traits = std::char_traits<char>; _Alloc = std::allocator<char>]’,
    inlined from ‘constexpr std::__cxx11::basic_string<_CharT, _Traits, _Alloc>::~basic_string() [with _CharT = char; _Traits = std::char_traits<char>; _Alloc = std::allocator<char>]’ at /usr/include/c++/12/bits/basic_string.h:803:19,
    inlined from ‘constexpr void std::destroy_at(_Tp*) [with _Tp = __cxx11::basic_string<char>]’ at /usr/include/c++/12/bits/stl_construct.h:88:18,
    inlined from ‘constexpr void std::_Destroy(_Tp*) [with _Tp = __cxx11::basic_string<char>]’ at /usr/include/c++/12/bits/stl_construct.h:149:22,
    inlined from ‘std::__detail::__variant::_Variant_storage<false, std::__cxx11::basic_string<char, std::char_traits<char>, std::allocator<char> >, memory_owner_t>::_M_reset()::<lambda(auto:14&&)> mutable [with auto:14 = std::__cxx11::basic_string<char>&]’ at /usr/include/c++/12/variant:472:19,
    inlined from ‘constexpr _Res std::__invoke_impl(__invoke_other, _Fn&&, _Args&& ...) [with _Res = void; _Fn = __detail::__variant::_Variant_storage<false, __cxx11::basic_string<char, char_traits<char>, allocator<char> >, memory_owner_t>::_M_reset()::<lambda(auto:14&&)>; _Args = {__cxx11::basic_string<char, char_traits<char>, allocator<char> >&}]’ at /usr/include/c++/12/bits/invoke.h:61:36,
    inlined from ‘constexpr std::enable_if_t<is_invocable_r_v<_Res, _Callable, _Args ...>, _Res> std::__invoke_r(_Callable&&, _Args&& ...) [with _Res = void; _Callable = __detail::__variant::_Variant_storage<false, __cxx11::basic_string<char, char_traits<char>, allocator<char> >, memory_owner_t>::_M_reset()::<lambda(auto:14&&)>; _Args = {__cxx11::basic_string<char, char_traits<char>, allocator<char> >&}]’ at /usr/include/c++/12/bits/invoke.h:111:28,
    inlined from ‘static constexpr decltype(auto) std::__detail::__variant::__gen_vtable_impl<std::__detail::__variant::_Multi_array<_Result_type (*)(_Visitor, _Variants ...)>, std::integer_sequence<long unsigned int, __indices ...> >::__visit_invoke(_Visitor&&, _Variants ...) [with _Result_type = void; _Visitor = std::__detail::__variant::_Variant_storage<false, std::__cxx11::basic_string<char, std::char_traits<char>, std::allocator<char> >, memory_owner_t>::_M_reset()::<lambda(auto:14&&)>&&; _Variants = {std::variant<std::__cxx11::basic_string<char, std::char_traits<char>, std::allocator<char> >, memory_owner_t>&}; long unsigned int ...__indices = {0}]’ at /usr/include/c++/12/variant:1035:40,
    inlined from ‘constexpr decltype(auto) std::__do_visit(_Visitor&&, _Variants&& ...) [with _Result_type = void; _Visitor = __detail::__variant::_Variant_storage<false, __cxx11::basic_string<char, char_traits<char>, allocator<char> >, memory_owner_t>::_M_reset()::<lambda(auto:14&&)>; _Variants = {variant<__cxx11::basic_string<char, char_traits<char>, allocator<char> >, memory_owner_t>&}]’ at /usr/include/c++/12/variant:1790:5,
    inlined from ‘constexpr void std::__detail::__variant::_Variant_storage<false, _Types ...>::_M_reset() [with _Types = {std::__cxx11::basic_string<char, std::char_traits<char>, std::allocator<char> >, memory_owner_t}]’ at /usr/include/c++/12/variant:470:23,
    inlined from ‘constexpr std::__detail::__variant::_Variant_storage<false, _Types ...>::~_Variant_storage() [with _Types = {std::__cxx11::basic_string<char, std::char_traits<char>, std::allocator<char> >, memory_owner_t}]’ at /usr/include/c++/12/variant:480:17,
    inlined from ‘constexpr std::__detail::__variant::_Copy_ctor_base<false, std::__cxx11::basic_string<char, std::char_traits<char>, std::allocator<char> >, memory_owner_t>::~_Copy_ctor_base()’ at /usr/include/c++/12/variant:554:12,
    inlined from ‘constexpr std::__detail::__variant::_Move_ctor_base<false, std::__cxx11::basic_string<char, std::char_traits<char>, std::allocator<char> >, memory_owner_t>::~_Move_ctor_base()’ at /usr/include/c++/12/variant:591:12,
    inlined from ‘constexpr std::__detail::__variant::_Copy_assign_base<false, std::__cxx11::basic_string<char, std::char_traits<char>, std::allocator<char> >, memory_owner_t>::~_Copy_assign_base()’ at /usr/include/c++/12/variant:629:12,
    inlined from ‘constexpr std::__detail::__variant::_Move_assign_base<false, std::__cxx11::basic_string<char, std::char_traits<char>, std::allocator<char> >, memory_owner_t>::~_Move_assign_base()’ at /usr/include/c++/12/variant:681:12,
    inlined from ‘constexpr std::__detail::__variant::_Variant_base<std::__cxx11::basic_string<char, std::char_traits<char>, std::allocator<char> >, memory_owner_t>::~_Variant_base()’ at /usr/include/c++/12/variant:735:12,
    inlined from ‘constexpr std::variant<_Types>::~variant() [with _Types = {std::__cxx11::basic_string<char, std::char_traits<char>, std::allocator<char> >, memory_owner_t}]’ at /usr/include/c++/12/variant:1407:28,
    inlined from ‘constexpr coro_io::heterogeneous_buffer::~heterogeneous_buffer()’ at /usr/local/include/ylt/coro_io/heterogeneous_buffer.hpp:29:7,
    inlined from ‘constexpr coro_rpc::resp_body::~resp_body()’ at /usr/local/include/ylt/coro_rpc/impl/coro_rpc_client.hpp:115:8,
    inlined from ‘constexpr coro_rpc::coro_rpc_client::async_rpc_raw_result_value_type::~async_rpc_raw_result_value_type()’ at /usr/local/include/ylt/coro_rpc/impl/coro_rpc_client.hpp:1319:10,
    inlined from ‘constexpr void std::destroy_at(_Tp*) [with _Tp = coro_rpc::coro_rpc_client::async_rpc_raw_result_value_type]’ at /usr/include/c++/12/bits/stl_construct.h:88:18,
    inlined from ‘constexpr void std::_Destroy(_Tp*) [with _Tp = coro_rpc::coro_rpc_client::async_rpc_raw_result_value_type]’ at /usr/include/c++/12/bits/stl_construct.h:149:22,
    inlined from ‘std::__detail::__variant::_Variant_storage<false, coro_rpc::coro_rpc_client::async_rpc_raw_result_value_type, std::error_code>::_M_reset()::<lambda(auto:14&&)> mutable [with auto:14 = coro_rpc::coro_rpc_client::async_rpc_raw_result_value_type&]’ at /usr/include/c++/12/variant:472:19,
    inlined from ‘constexpr _Res std::__invoke_impl(__invoke_other, _Fn&&, _Args&& ...) [with _Res = void; _Fn = __detail::__variant::_Variant_storage<false, coro_rpc::coro_rpc_client::async_rpc_raw_result_value_type, error_code>::_M_reset()::<lambda(auto:14&&)>; _Args = {coro_rpc::coro_rpc_client::async_rpc_raw_result_value_type&}]’ at /usr/include/c++/12/bits/invoke.h:61:36,
    inlined from ‘constexpr std::enable_if_t<is_invocable_r_v<_Res, _Callable, _Args ...>, _Res> std::__invoke_r(_Callable&&, _Args&& ...) [with _Res = void; _Callable = __detail::__variant::_Variant_storage<false, coro_rpc::coro_rpc_client::async_rpc_raw_result_value_type, error_code>::_M_reset()::<lambda(auto:14&&)>; _Args = {coro_rpc::coro_rpc_client::async_rpc_raw_result_value_type&}]’ at /usr/include/c++/12/bits/invoke.h:111:28,
    inlined from ‘static constexpr decltype(auto) std::__detail::__variant::__gen_vtable_impl<std::__detail::__variant::_Multi_array<_Result_type (*)(_Visitor, _Variants ...)>, std::integer_sequence<long unsigned int, __indices ...> >::__visit_invoke(_Visitor&&, _Variants ...) [with _Result_type = void; _Visitor = std::__detail::__variant::_Variant_storage<false, coro_rpc::coro_rpc_client::async_rpc_raw_result_value_type, std::error_code>::_M_reset()::<lambda(auto:14&&)>&&; _Variants = {std::variant<coro_rpc::coro_rpc_client::async_rpc_raw_result_value_type, std::error_code>&}; long unsigned int ...__indices = {0}]’ at /usr/include/c++/12/variant:1035:40,
    inlined from ‘constexpr decltype(auto) std::__do_visit(_Visitor&&, _Variants&& ...) [with _Result_type = void; _Visitor = __detail::__variant::_Variant_storage<false, coro_rpc::coro_rpc_client::async_rpc_raw_result_value_type, error_code>::_M_reset()::<lambda(auto:14&&)>; _Variants = {variant<coro_rpc::coro_rpc_client::async_rpc_raw_result_value_type, error_code>&}]’ at /usr/include/c++/12/variant:1790:5,
    inlined from ‘constexpr decltype(auto) std::__do_visit(_Visitor&&, _Variants&& ...) [with _Result_type = void; _Visitor = __detail::__variant::_Variant_storage<false, coro_rpc::coro_rpc_client::async_rpc_raw_result_value_type, error_code>::_M_reset()::<lambda(auto:14&&)>; _Variants = {variant<coro_rpc::coro_rpc_client::async_rpc_raw_result_value_type, error_code>&}]’ at /usr/include/c++/12/variant:1731:5,
    inlined from ‘constexpr void std::__detail::__variant::_Variant_storage<false, _Types ...>::_M_reset() [with _Types = {coro_rpc::coro_rpc_client::async_rpc_raw_result_value_type, std::error_code}]’ at /usr/include/c++/12/variant:470:23,
    inlined from ‘constexpr std::__detail::__variant::_Variant_storage<false, _Types ...>::~_Variant_storage() [with _Types = {coro_rpc::coro_rpc_client::async_rpc_raw_result_value_type, std::error_code}]’ at /usr/include/c++/12/variant:480:17,
    inlined from ‘constexpr std::__detail::__variant::_Copy_ctor_base<false, coro_rpc::coro_rpc_client::async_rpc_raw_result_value_type, std::error_code>::~_Copy_ctor_base()’ at /usr/include/c++/12/variant:554:12,
    inlined from ‘constexpr std::__detail::__variant::_Move_ctor_base<false, coro_rpc::coro_rpc_client::async_rpc_raw_result_value_type, std::error_code>::~_Move_ctor_base()’ at /usr/include/c++/12/variant:591:12,
    inlined from ‘constexpr std::__detail::__variant::_Copy_assign_base<false, coro_rpc::coro_rpc_client::async_rpc_raw_result_value_type, std::error_code>::~_Copy_assign_base()’ at /usr/include/c++/12/variant:629:12,
    inlined from ‘constexpr std::__detail::__variant::_Move_assign_base<false, coro_rpc::coro_rpc_client::async_rpc_raw_result_value_type, std::error_code>::~_Move_assign_base()’ at /usr/include/c++/12/variant:681:12,
    inlined from ‘constexpr std::__detail::__variant::_Variant_base<coro_rpc::coro_rpc_client::async_rpc_raw_result_value_type, std::error_code>::~_Variant_base()’ at /usr/include/c++/12/variant:735:12,
    inlined from ‘constexpr std::variant<_Types>::~variant() [with _Types = {coro_rpc::coro_rpc_client::async_rpc_raw_result_value_type, std::error_code}]’ at /usr/include/c++/12/variant:1407:28,
    inlined from ‘void coro_rpc::coro_rpc_client::handler_t::local_error(std::error_code&)’ at /usr/local/include/ylt/coro_rpc/impl/coro_rpc_client.hpp:1348:25,
    inlined from ‘static void coro_rpc::coro_rpc_client::send_err_response(control_t*, std::error_code&)’ at /usr/local/include/ylt/coro_rpc/impl/coro_rpc_client.hpp:1458:27:
/usr/include/c++/12/bits/basic_string.h:294:21: warning: ‘((std::__cxx11::basic_string<char, std::char_traits<char>, std::allocator<char> >*)((char*)&<unnamed> + offsetof(std::async_rpc_raw_result, std::variant<coro_rpc::coro_rpc_client::async_rpc_raw_result_value_type, std::error_code>::<unnamed>.std::__detail::__variant::_Variant_base<coro_rpc::coro_rpc_client::async_rpc_raw_result_value_type, std::error_code>::<unnamed>.std::__detail::__variant::_Move_assign_base<false, coro_rpc::coro_rpc_client::async_rpc_raw_result_value_type, std::error_code>::<unnamed>.std::__detail::__variant::_Copy_assign_base<false, coro_rpc::coro_rpc_client::async_rpc_raw_result_value_type, std::error_code>::<unnamed>.std::__detail::__variant::_Move_ctor_base<false, coro_rpc::coro_rpc_client::async_rpc_raw_result_value_type, std::error_code>::<unnamed>.std::__detail::__variant::_Copy_ctor_base<false, coro_rpc::coro_rpc_client::async_rpc_raw_result_value_type, std::error_code>::<unnamed>.std::__detail::__variant::_Variant_storage<false, coro_rpc::coro_rpc_client::async_rpc_raw_result_value_type, std::error_code>::_M_u)))[1].std::__cxx11::basic_string<char>::<anonymous>.std::__cxx11::basic_string<char>::<unnamed union>::_M_allocated_capacity’ may be used uninitialized [-Wmaybe-uninitialized]
  294 |           _M_destroy(_M_allocated_capacity);
      |           ~~~~~~~~~~^~~~~~~~~~~~~~~~~~~~~~~
/usr/local/include/ylt/coro_rpc/impl/coro_rpc_client.hpp: In static member function ‘static void coro_rpc::coro_rpc_client::send_err_response(control_t*, std::error_code&)’:
/usr/local/include/ylt/coro_rpc/impl/coro_rpc_client.hpp:1348:48: note: ‘<anonymous>’ declared here
 1348 |       promise_.setValue(async_rpc_raw_result{ec});
      |                                                ^
In file included from /usr/local/include/ylt/coro_io/heterogeneous_buffer.hpp:19,
                 from /usr/local/include/ylt/coro_rpc/impl/coro_connection.hpp:41:
In destructor ‘memory_owner_t::~memory_owner_t()’,
    inlined from ‘constexpr void std::destroy_at(_Tp*) [with _Tp = memory_owner_t]’ at /usr/include/c++/12/bits/stl_construct.h:88:18,
    inlined from ‘constexpr void std::_Destroy(_Tp*) [with _Tp = memory_owner_t]’ at /usr/include/c++/12/bits/stl_construct.h:149:22,
    inlined from ‘std::__detail::__variant::_Variant_storage<false, std::__cxx11::basic_string<char, std::char_traits<char>, std::allocator<char> >, memory_owner_t>::_M_reset()::<lambda(auto:14&&)> mutable [with auto:14 = memory_owner_t&]’ at /usr/include/c++/12/variant:472:19,
    inlined from ‘constexpr _Res std::__invoke_impl(__invoke_other, _Fn&&, _Args&& ...) [with _Res = void; _Fn = __detail::__variant::_Variant_storage<false, __cxx11::basic_string<char, char_traits<char>, allocator<char> >, memory_owner_t>::_M_reset()::<lambda(auto:14&&)>; _Args = {memory_owner_t&}]’ at /usr/include/c++/12/bits/invoke.h:61:36,
    inlined from ‘constexpr std::enable_if_t<is_invocable_r_v<_Res, _Callable, _Args ...>, _Res> std::__invoke_r(_Callable&&, _Args&& ...) [with _Res = void; _Callable = __detail::__variant::_Variant_storage<false, __cxx11::basic_string<char, char_traits<char>, allocator<char> >, memory_owner_t>::_M_reset()::<lambda(auto:14&&)>; _Args = {memory_owner_t&}]’ at /usr/include/c++/12/bits/invoke.h:111:28,
    inlined from ‘static constexpr decltype(auto) std::__detail::__variant::__gen_vtable_impl<std::__detail::__variant::_Multi_array<_Result_type (*)(_Visitor, _Variants ...)>, std::integer_sequence<long unsigned int, __indices ...> >::__visit_invoke(_Visitor&&, _Variants ...) [with _Result_type = void; _Visitor = std::__detail::__variant::_Variant_storage<false, std::__cxx11::basic_string<char, std::char_traits<char>, std::allocator<char> >, memory_owner_t>::_M_reset()::<lambda(auto:14&&)>&&; _Variants = {std::variant<std::__cxx11::basic_string<char, std::char_traits<char>, std::allocator<char> >, memory_owner_t>&}; long unsigned int ...__indices = {1}]’ at /usr/include/c++/12/variant:1035:40,
    inlined from ‘constexpr decltype(auto) std::__do_visit(_Visitor&&, _Variants&& ...) [with _Result_type = void; _Visitor = __detail::__variant::_Variant_storage<false, __cxx11::basic_string<char, char_traits<char>, allocator<char> >, memory_owner_t>::_M_reset()::<lambda(auto:14&&)>; _Variants = {variant<__cxx11::basic_string<char, char_traits<char>, allocator<char> >, memory_owner_t>&}]’ at /usr/include/c++/12/variant:1791:5,
    inlined from ‘constexpr void std::__detail::__variant::_Variant_storage<false, _Types ...>::_M_reset() [with _Types = {std::__cxx11::basic_string<char, std::char_traits<char>, std::allocator<char> >, memory_owner_t}]’ at /usr/include/c++/12/variant:470:23,
    inlined from ‘constexpr std::__detail::__variant::_Variant_storage<false, _Types ...>::~_Variant_storage() [with _Types = {std::__cxx11::basic_string<char, std::char_traits<char>, std::allocator<char> >, memory_owner_t}]’ at /usr/include/c++/12/variant:480:17,
    inlined from ‘constexpr std::__detail::__variant::_Copy_ctor_base<false, std::__cxx11::basic_string<char, std::char_traits<char>, std::allocator<char> >, memory_owner_t>::~_Copy_ctor_base()’ at /usr/include/c++/12/variant:554:12,
    inlined from ‘constexpr std::__detail::__variant::_Move_ctor_base<false, std::__cxx11::basic_string<char, std::char_traits<char>, std::allocator<char> >, memory_owner_t>::~_Move_ctor_base()’ at /usr/include/c++/12/variant:591:12,
    inlined from ‘constexpr std::__detail::__variant::_Copy_assign_base<false, std::__cxx11::basic_string<char, std::char_traits<char>, std::allocator<char> >, memory_owner_t>::~_Copy_assign_base()’ at /usr/include/c++/12/variant:629:12,
    inlined from ‘constexpr std::__detail::__variant::_Move_assign_base<false, std::__cxx11::basic_string<char, std::char_traits<char>, std::allocator<char> >, memory_owner_t>::~_Move_assign_base()’ at /usr/include/c++/12/variant:681:12,
    inlined from ‘constexpr std::__detail::__variant::_Variant_base<std::__cxx11::basic_string<char, std::char_traits<char>, std::allocator<char> >, memory_owner_t>::~_Variant_base()’ at /usr/include/c++/12/variant:735:12,
    inlined from ‘constexpr std::variant<_Types>::~variant() [with _Types = {std::__cxx11::basic_string<char, std::char_traits<char>, std::allocator<char> >, memory_owner_t}]’ at /usr/include/c++/12/variant:1407:28,
    inlined from ‘constexpr coro_io::heterogeneous_buffer::~heterogeneous_buffer()’ at /usr/local/include/ylt/coro_io/heterogeneous_buffer.hpp:29:7,
    inlined from ‘constexpr coro_rpc::resp_body::~resp_body()’ at /usr/local/include/ylt/coro_rpc/impl/coro_rpc_client.hpp:115:8,
    inlined from ‘constexpr coro_rpc::coro_rpc_client::async_rpc_raw_result_value_type::~async_rpc_raw_result_value_type()’ at /usr/local/include/ylt/coro_rpc/impl/coro_rpc_client.hpp:1319:10,
    inlined from ‘constexpr void std::destroy_at(_Tp*) [with _Tp = coro_rpc::coro_rpc_client::async_rpc_raw_result_value_type]’ at /usr/include/c++/12/bits/stl_construct.h:88:18,
    inlined from ‘constexpr void std::_Destroy(_Tp*) [with _Tp = coro_rpc::coro_rpc_client::async_rpc_raw_result_value_type]’ at /usr/include/c++/12/bits/stl_construct.h:149:22,
    inlined from ‘std::__detail::__variant::_Variant_storage<false, coro_rpc::coro_rpc_client::async_rpc_raw_result_value_type, std::error_code>::_M_reset()::<lambda(auto:14&&)> mutable [with auto:14 = coro_rpc::coro_rpc_client::async_rpc_raw_result_value_type&]’ at /usr/include/c++/12/variant:472:19,
    inlined from ‘constexpr _Res std::__invoke_impl(__invoke_other, _Fn&&, _Args&& ...) [with _Res = void; _Fn = __detail::__variant::_Variant_storage<false, coro_rpc::coro_rpc_client::async_rpc_raw_result_value_type, error_code>::_M_reset()::<lambda(auto:14&&)>; _Args = {coro_rpc::coro_rpc_client::async_rpc_raw_result_value_type&}]’ at /usr/include/c++/12/bits/invoke.h:61:36,
    inlined from ‘constexpr std::enable_if_t<is_invocable_r_v<_Res, _Callable, _Args ...>, _Res> std::__invoke_r(_Callable&&, _Args&& ...) [with _Res = void; _Callable = __detail::__variant::_Variant_storage<false, coro_rpc::coro_rpc_client::async_rpc_raw_result_value_type, error_code>::_M_reset()::<lambda(auto:14&&)>; _Args = {coro_rpc::coro_rpc_client::async_rpc_raw_result_value_type&}]’ at /usr/include/c++/12/bits/invoke.h:111:28,
    inlined from ‘static constexpr decltype(auto) std::__detail::__variant::__gen_vtable_impl<std::__detail::__variant::_Multi_array<_Result_type (*)(_Visitor, _Variants ...)>, std::integer_sequence<long unsigned int, __indices ...> >::__visit_invoke(_Visitor&&, _Variants ...) [with _Result_type = void; _Visitor = std::__detail::__variant::_Variant_storage<false, coro_rpc::coro_rpc_client::async_rpc_raw_result_value_type, std::error_code>::_M_reset()::<lambda(auto:14&&)>&&; _Variants = {std::variant<coro_rpc::coro_rpc_client::async_rpc_raw_result_value_type, std::error_code>&}; long unsigned int ...__indices = {0}]’ at /usr/include/c++/12/variant:1035:40,
    inlined from ‘constexpr decltype(auto) std::__do_visit(_Visitor&&, _Variants&& ...) [with _Result_type = void; _Visitor = __detail::__variant::_Variant_storage<false, coro_rpc::coro_rpc_client::async_rpc_raw_result_value_type, error_code>::_M_reset()::<lambda(auto:14&&)>; _Variants = {variant<coro_rpc::coro_rpc_client::async_rpc_raw_result_value_type, error_code>&}]’ at /usr/include/c++/12/variant:1790:5,
    inlined from ‘constexpr decltype(auto) std::__do_visit(_Visitor&&, _Variants&& ...) [with _Result_type = void; _Visitor = __detail::__variant::_Variant_storage<false, coro_rpc::coro_rpc_client::async_rpc_raw_result_value_type, error_code>::_M_reset()::<lambda(auto:14&&)>; _Variants = {variant<coro_rpc::coro_rpc_client::async_rpc_raw_result_value_type, error_code>&}]’ at /usr/include/c++/12/variant:1731:5,
    inlined from ‘constexpr void std::__detail::__variant::_Variant_storage<false, _Types ...>::_M_reset() [with _Types = {coro_rpc::coro_rpc_client::async_rpc_raw_result_value_type, std::error_code}]’ at /usr/include/c++/12/variant:470:23,
    inlined from ‘constexpr std::__detail::__variant::_Variant_storage<false, _Types ...>::~_Variant_storage() [with _Types = {coro_rpc::coro_rpc_client::async_rpc_raw_result_value_type, std::error_code}]’ at /usr/include/c++/12/variant:480:17,
    inlined from ‘constexpr std::__detail::__variant::_Copy_ctor_base<false, coro_rpc::coro_rpc_client::async_rpc_raw_result_value_type, std::error_code>::~_Copy_ctor_base()’ at /usr/include/c++/12/variant:554:12,
    inlined from ‘constexpr std::__detail::__variant::_Move_ctor_base<false, coro_rpc::coro_rpc_client::async_rpc_raw_result_value_type, std::error_code>::~_Move_ctor_base()’ at /usr/include/c++/12/variant:591:12,
    inlined from ‘constexpr std::__detail::__variant::_Copy_assign_base<false, coro_rpc::coro_rpc_client::async_rpc_raw_result_value_type, std::error_code>::~_Copy_assign_base()’ at /usr/include/c++/12/variant:629:12,
    inlined from ‘constexpr std::__detail::__variant::_Move_assign_base<false, coro_rpc::coro_rpc_client::async_rpc_raw_result_value_type, std::error_code>::~_Move_assign_base()’ at /usr/include/c++/12/variant:681:12,
    inlined from ‘constexpr std::__detail::__variant::_Variant_base<coro_rpc::coro_rpc_client::async_rpc_raw_result_value_type, std::error_code>::~_Variant_base()’ at /usr/include/c++/12/variant:735:12,
    inlined from ‘constexpr std::variant<_Types>::~variant() [with _Types = {coro_rpc::coro_rpc_client::async_rpc_raw_result_value_type, std::error_code}]’ at /usr/include/c++/12/variant:1407:28,
    inlined from ‘void coro_rpc::coro_rpc_client::handler_t::local_error(std::error_code&)’ at /usr/local/include/ylt/coro_rpc/impl/coro_rpc_client.hpp:1348:25,
    inlined from ‘static void coro_rpc::coro_rpc_client::send_err_response(control_t*, std::error_code&)’ at /usr/local/include/ylt/coro_rpc/impl/coro_rpc_client.hpp:1458:27:
/usr/local/include/ylt/coro_io/memory_owner.hpp:92:9: warning: ‘((memory_owner_t*)((char*)&<unnamed> + offsetof(std::async_rpc_raw_result, std::variant<coro_rpc::coro_rpc_client::async_rpc_raw_result_value_type, std::error_code>::<unnamed>.std::__detail::__variant::_Variant_base<coro_rpc::coro_rpc_client::async_rpc_raw_result_value_type, std::error_code>::<unnamed>.std::__detail::__variant::_Move_assign_base<false, coro_rpc::coro_rpc_client::async_rpc_raw_result_value_type, std::error_code>::<unnamed>.std::__detail::__variant::_Copy_assign_base<false, coro_rpc::coro_rpc_client::async_rpc_raw_result_value_type, std::error_code>::<unnamed>.std::__detail::__variant::_Move_ctor_base<false, coro_rpc::coro_rpc_client::async_rpc_raw_result_value_type, std::error_code>::<unnamed>.std::__detail::__variant::_Copy_ctor_base<false, coro_rpc::coro_rpc_client::async_rpc_raw_result_value_type, std::error_code>::<unnamed>.std::__detail::__variant::_Variant_storage<false, coro_rpc::coro_rpc_client::async_rpc_raw_result_value_type, std::error_code>::_M_u)))[1].memory_owner_t::memory_’ may be used uninitialized [-Wmaybe-uninitialized]
   92 |     if (memory_) {
      |         ^~~~~~~
/usr/local/include/ylt/coro_rpc/impl/coro_rpc_client.hpp: In static member function ‘static void coro_rpc::coro_rpc_client::send_err_response(control_t*, std::error_code&)’:
/usr/local/include/ylt/coro_rpc/impl/coro_rpc_client.hpp:1348:48: note: ‘<anonymous>’ declared here
 1348 |       promise_.setValue(async_rpc_raw_result{ec});
      |                                                ^
In file included from /usr/include/c++/12/bits/shared_ptr.h:53,
                 from /usr/include/c++/12/memory:76:
In member function ‘std::__shared_ptr<_Tp, _Lp>::operator bool() const [with _Tp = void; __gnu_cxx::_Lock_policy _Lp = __gnu_cxx::_S_atomic]’,
    inlined from ‘memory_owner_t::~memory_owner_t()’ at /usr/local/include/ylt/coro_io/memory_owner.hpp:93:11,
    inlined from ‘constexpr void std::destroy_at(_Tp*) [with _Tp = memory_owner_t]’ at /usr/include/c++/12/bits/stl_construct.h:88:18,
    inlined from ‘constexpr void std::_Destroy(_Tp*) [with _Tp = memory_owner_t]’ at /usr/include/c++/12/bits/stl_construct.h:149:22,
    inlined from ‘std::__detail::__variant::_Variant_storage<false, std::__cxx11::basic_string<char, std::char_traits<char>, std::allocator<char> >, memory_owner_t>::_M_reset()::<lambda(auto:14&&)> mutable [with auto:14 = memory_owner_t&]’ at /usr/include/c++/12/variant:472:19,
    inlined from ‘constexpr _Res std::__invoke_impl(__invoke_other, _Fn&&, _Args&& ...) [with _Res = void; _Fn = __detail::__variant::_Variant_storage<false, __cxx11::basic_string<char, char_traits<char>, allocator<char> >, memory_owner_t>::_M_reset()::<lambda(auto:14&&)>; _Args = {memory_owner_t&}]’ at /usr/include/c++/12/bits/invoke.h:61:36,
    inlined from ‘constexpr std::enable_if_t<is_invocable_r_v<_Res, _Callable, _Args ...>, _Res> std::__invoke_r(_Callable&&, _Args&& ...) [with _Res = void; _Callable = __detail::__variant::_Variant_storage<false, __cxx11::basic_string<char, char_traits<char>, allocator<char> >, memory_owner_t>::_M_reset()::<lambda(auto:14&&)>; _Args = {memory_owner_t&}]’ at /usr/include/c++/12/bits/invoke.h:111:28,
    inlined from ‘static constexpr decltype(auto) std::__detail::__variant::__gen_vtable_impl<std::__detail::__variant::_Multi_array<_Result_type (*)(_Visitor, _Variants ...)>, std::integer_sequence<long unsigned int, __indices ...> >::__visit_invoke(_Visitor&&, _Variants ...) [with _Result_type = void; _Visitor = std::__detail::__variant::_Variant_storage<false, std::__cxx11::basic_string<char, std::char_traits<char>, std::allocator<char> >, memory_owner_t>::_M_reset()::<lambda(auto:14&&)>&&; _Variants = {std::variant<std::__cxx11::basic_string<char, std::char_traits<char>, std::allocator<char> >, memory_owner_t>&}; long unsigned int ...__indices = {1}]’ at /usr/include/c++/12/variant:1035:40,
    inlined from ‘constexpr decltype(auto) std::__do_visit(_Visitor&&, _Variants&& ...) [with _Result_type = void; _Visitor = __detail::__variant::_Variant_storage<false, __cxx11::basic_string<char, char_traits<char>, allocator<char> >, memory_owner_t>::_M_reset()::<lambda(auto:14&&)>; _Variants = {variant<__cxx11::basic_string<char, char_traits<char>, allocator<char> >, memory_owner_t>&}]’ at /usr/include/c++/12/variant:1791:5,
    inlined from ‘constexpr void std::__detail::__variant::_Variant_storage<false, _Types ...>::_M_reset() [with _Types = {std::__cxx11::basic_string<char, std::char_traits<char>, std::allocator<char> >, memory_owner_t}]’ at /usr/include/c++/12/variant:470:23,
    inlined from ‘constexpr std::__detail::__variant::_Variant_storage<false, _Types ...>::~_Variant_storage() [with _Types = {std::__cxx11::basic_string<char, std::char_traits<char>, std::allocator<char> >, memory_owner_t}]’ at /usr/include/c++/12/variant:480:17,
    inlined from ‘constexpr std::__detail::__variant::_Copy_ctor_base<false, std::__cxx11::basic_string<char, std::char_traits<char>, std::allocator<char> >, memory_owner_t>::~_Copy_ctor_base()’ at /usr/include/c++/12/variant:554:12,
    inlined from ‘constexpr std::__detail::__variant::_Move_ctor_base<false, std::__cxx11::basic_string<char, std::char_traits<char>, std::allocator<char> >, memory_owner_t>::~_Move_ctor_base()’ at /usr/include/c++/12/variant:591:12,
    inlined from ‘constexpr std::__detail::__variant::_Copy_assign_base<false, std::__cxx11::basic_string<char, std::char_traits<char>, std::allocator<char> >, memory_owner_t>::~_Copy_assign_base()’ at /usr/include/c++/12/variant:629:12,
    inlined from ‘constexpr std::__detail::__variant::_Move_assign_base<false, std::__cxx11::basic_string<char, std::char_traits<char>, std::allocator<char> >, memory_owner_t>::~_Move_assign_base()’ at /usr/include/c++/12/variant:681:12,
    inlined from ‘constexpr std::__detail::__variant::_Variant_base<std::__cxx11::basic_string<char, std::char_traits<char>, std::allocator<char> >, memory_owner_t>::~_Variant_base()’ at /usr/include/c++/12/variant:735:12,
    inlined from ‘constexpr std::variant<_Types>::~variant() [with _Types = {std::__cxx11::basic_string<char, std::char_traits<char>, std::allocator<char> >, memory_owner_t}]’ at /usr/include/c++/12/variant:1407:28,
    inlined from ‘constexpr coro_io::heterogeneous_buffer::~heterogeneous_buffer()’ at /usr/local/include/ylt/coro_io/heterogeneous_buffer.hpp:29:7,
    inlined from ‘constexpr coro_rpc::resp_body::~resp_body()’ at /usr/local/include/ylt/coro_rpc/impl/coro_rpc_client.hpp:115:8,
    inlined from ‘constexpr coro_rpc::coro_rpc_client::async_rpc_raw_result_value_type::~async_rpc_raw_result_value_type()’ at /usr/local/include/ylt/coro_rpc/impl/coro_rpc_client.hpp:1319:10,
    inlined from ‘constexpr void std::destroy_at(_Tp*) [with _Tp = coro_rpc::coro_rpc_client::async_rpc_raw_result_value_type]’ at /usr/include/c++/12/bits/stl_construct.h:88:18,
    inlined from ‘constexpr void std::_Destroy(_Tp*) [with _Tp = coro_rpc::coro_rpc_client::async_rpc_raw_result_value_type]’ at /usr/include/c++/12/bits/stl_construct.h:149:22,
    inlined from ‘std::__detail::__variant::_Variant_storage<false, coro_rpc::coro_rpc_client::async_rpc_raw_result_value_type, std::error_code>::_M_reset()::<lambda(auto:14&&)> mutable [with auto:14 = coro_rpc::coro_rpc_client::async_rpc_raw_result_value_type&]’ at /usr/include/c++/12/variant:472:19,
    inlined from ‘constexpr _Res std::__invoke_impl(__invoke_other, _Fn&&, _Args&& ...) [with _Res = void; _Fn = __detail::__variant::_Variant_storage<false, coro_rpc::coro_rpc_client::async_rpc_raw_result_value_type, error_code>::_M_reset()::<lambda(auto:14&&)>; _Args = {coro_rpc::coro_rpc_client::async_rpc_raw_result_value_type&}]’ at /usr/include/c++/12/bits/invoke.h:61:36,
    inlined from ‘constexpr std::enable_if_t<is_invocable_r_v<_Res, _Callable, _Args ...>, _Res> std::__invoke_r(_Callable&&, _Args&& ...) [with _Res = void; _Callable = __detail::__variant::_Variant_storage<false, coro_rpc::coro_rpc_client::async_rpc_raw_result_value_type, error_code>::_M_reset()::<lambda(auto:14&&)>; _Args = {coro_rpc::coro_rpc_client::async_rpc_raw_result_value_type&}]’ at /usr/include/c++/12/bits/invoke.h:111:28,
    inlined from ‘static constexpr decltype(auto) std::__detail::__variant::__gen_vtable_impl<std::__detail::__variant::_Multi_array<_Result_type (*)(_Visitor, _Variants ...)>, std::integer_sequence<long unsigned int, __indices ...> >::__visit_invoke(_Visitor&&, _Variants ...) [with _Result_type = void; _Visitor = std::__detail::__variant::_Variant_storage<false, coro_rpc::coro_rpc_client::async_rpc_raw_result_value_type, std::error_code>::_M_reset()::<lambda(auto:14&&)>&&; _Variants = {std::variant<coro_rpc::coro_rpc_client::async_rpc_raw_result_value_type, std::error_code>&}; long unsigned int ...__indices = {0}]’ at /usr/include/c++/12/variant:1035:40,
    inlined from ‘constexpr decltype(auto) std::__do_visit(_Visitor&&, _Variants&& ...) [with _Result_type = void; _Visitor = __detail::__variant::_Variant_storage<false, coro_rpc::coro_rpc_client::async_rpc_raw_result_value_type, error_code>::_M_reset()::<lambda(auto:14&&)>; _Variants = {variant<coro_rpc::coro_rpc_client::async_rpc_raw_result_value_type, error_code>&}]’ at /usr/include/c++/12/variant:1790:5,
    inlined from ‘constexpr decltype(auto) std::__do_visit(_Visitor&&, _Variants&& ...) [with _Result_type = void; _Visitor = __detail::__variant::_Variant_storage<false, coro_rpc::coro_rpc_client::async_rpc_raw_result_value_type, error_code>::_M_reset()::<lambda(auto:14&&)>; _Variants = {variant<coro_rpc::coro_rpc_client::async_rpc_raw_result_value_type, error_code>&}]’ at /usr/include/c++/12/variant:1731:5,
    inlined from ‘constexpr void std::__detail::__variant::_Variant_storage<false, _Types ...>::_M_reset() [with _Types = {coro_rpc::coro_rpc_client::async_rpc_raw_result_value_type, std::error_code}]’ at /usr/include/c++/12/variant:470:23,
    inlined from ‘constexpr std::__detail::__variant::_Variant_storage<false, _Types ...>::~_Variant_storage() [with _Types = {coro_rpc::coro_rpc_client::async_rpc_raw_result_value_type, std::error_code}]’ at /usr/include/c++/12/variant:480:17,
    inlined from ‘constexpr std::__detail::__variant::_Copy_ctor_base<false, coro_rpc::coro_rpc_client::async_rpc_raw_result_value_type, std::error_code>::~_Copy_ctor_base()’ at /usr/include/c++/12/variant:554:12,
    inlined from ‘constexpr std::__detail::__variant::_Move_ctor_base<false, coro_rpc::coro_rpc_client::async_rpc_raw_result_value_type, std::error_code>::~_Move_ctor_base()’ at /usr/include/c++/12/variant:591:12,
    inlined from ‘constexpr std::__detail::__variant::_Copy_assign_base<false, coro_rpc::coro_rpc_client::async_rpc_raw_result_value_type, std::error_code>::~_Copy_assign_base()’ at /usr/include/c++/12/variant:629:12,
    inlined from ‘constexpr std::__detail::__variant::_Move_assign_base<false, coro_rpc::coro_rpc_client::async_rpc_raw_result_value_type, std::error_code>::~_Move_assign_base()’ at /usr/include/c++/12/variant:681:12,
    inlined from ‘constexpr std::__detail::__variant::_Variant_base<coro_rpc::coro_rpc_client::async_rpc_raw_result_value_type, std::error_code>::~_Variant_base()’ at /usr/include/c++/12/variant:735:12,
    inlined from ‘constexpr std::variant<_Types>::~variant() [with _Types = {coro_rpc::coro_rpc_client::async_rpc_raw_result_value_type, std::error_code}]’ at /usr/include/c++/12/variant:1407:28,
    inlined from ‘void coro_rpc::coro_rpc_client::handler_t::local_error(std::error_code&)’ at /usr/local/include/ylt/coro_rpc/impl/coro_rpc_client.hpp:1348:25,
    inlined from ‘static void coro_rpc::coro_rpc_client::send_err_response(control_t*, std::error_code&)’ at /usr/local/include/ylt/coro_rpc/impl/coro_rpc_client.hpp:1458:27:
/usr/include/c++/12/bits/shared_ptr_base.h:1670:16: warning: ‘((const std::__shared_ptr<void, __gnu_cxx::_S_atomic>*)((char*)&<unnamed> + offsetof(std::async_rpc_raw_result, std::variant<coro_rpc::coro_rpc_client::async_rpc_raw_result_value_type, std::error_code>::<unnamed>.std::__detail::__variant::_Variant_base<coro_rpc::coro_rpc_client::async_rpc_raw_result_value_type, std::error_code>::<unnamed>.std::__detail::__variant::_Move_assign_base<false, coro_rpc::coro_rpc_client::async_rpc_raw_result_value_type, std::error_code>::<unnamed>.std::__detail::__variant::_Copy_assign_base<false, coro_rpc::coro_rpc_client::async_rpc_raw_result_value_type, std::error_code>::<unnamed>.std::__detail::__variant::_Move_ctor_base<false, coro_rpc::coro_rpc_client::async_rpc_raw_result_value_type, std::error_code>::<unnamed>.std::__detail::__variant::_Copy_ctor_base<false, coro_rpc::coro_rpc_client::async_rpc_raw_result_value_type, std::error_code>::<unnamed>.std::__detail::__variant::_Variant_storage<false, coro_rpc::coro_rpc_client::async_rpc_raw_result_value_type, std::error_code>::_M_u)))[3].std::__shared_ptr<void, __gnu_cxx::_S_atomic>::_M_ptr’ may be used uninitialized [-Wmaybe-uninitialized]
 1670 |       { return _M_ptr != nullptr; }
      |                ^~~~~~
/usr/local/include/ylt/coro_rpc/impl/coro_rpc_client.hpp: In static member function ‘static void coro_rpc::coro_rpc_client::send_err_response(control_t*, std::error_code&)’:
/usr/local/include/ylt/coro_rpc/impl/coro_rpc_client.hpp:1348:48: note: ‘<anonymous>’ declared here
 1348 |       promise_.setValue(async_rpc_raw_result{ec});
      |                                                ^
In destructor ‘std::__shared_count<_Lp>::~__shared_count() [with __gnu_cxx::_Lock_policy _Lp = __gnu_cxx::_S_atomic]’,
    inlined from ‘std::__shared_ptr<_Tp, _Lp>::~__shared_ptr() [with _Tp = void; __gnu_cxx::_Lock_policy _Lp = __gnu_cxx::_S_atomic]’ at /usr/include/c++/12/bits/shared_ptr_base.h:1524:7,
    inlined from ‘std::shared_ptr<void>::~shared_ptr()’ at /usr/include/c++/12/bits/shared_ptr.h:175:11,
    inlined from ‘memory_owner_t::~memory_owner_t()’ at /usr/local/include/ylt/coro_io/memory_owner.hpp:102:3,
    inlined from ‘constexpr void std::destroy_at(_Tp*) [with _Tp = memory_owner_t]’ at /usr/include/c++/12/bits/stl_construct.h:88:18,
    inlined from ‘constexpr void std::_Destroy(_Tp*) [with _Tp = memory_owner_t]’ at /usr/include/c++/12/bits/stl_construct.h:149:22,
    inlined from ‘std::__detail::__variant::_Variant_storage<false, std::__cxx11::basic_string<char, std::char_traits<char>, std::allocator<char> >, memory_owner_t>::_M_reset()::<lambda(auto:14&&)> mutable [with auto:14 = memory_owner_t&]’ at /usr/include/c++/12/variant:472:19,
    inlined from ‘constexpr _Res std::__invoke_impl(__invoke_other, _Fn&&, _Args&& ...) [with _Res = void; _Fn = __detail::__variant::_Variant_storage<false, __cxx11::basic_string<char, char_traits<char>, allocator<char> >, memory_owner_t>::_M_reset()::<lambda(auto:14&&)>; _Args = {memory_owner_t&}]’ at /usr/include/c++/12/bits/invoke.h:61:36,
    inlined from ‘constexpr std::enable_if_t<is_invocable_r_v<_Res, _Callable, _Args ...>, _Res> std::__invoke_r(_Callable&&, _Args&& ...) [with _Res = void; _Callable = __detail::__variant::_Variant_storage<false, __cxx11::basic_string<char, char_traits<char>, allocator<char> >, memory_owner_t>::_M_reset()::<lambda(auto:14&&)>; _Args = {memory_owner_t&}]’ at /usr/include/c++/12/bits/invoke.h:111:28,
    inlined from ‘static constexpr decltype(auto) std::__detail::__variant::__gen_vtable_impl<std::__detail::__variant::_Multi_array<_Result_type (*)(_Visitor, _Variants ...)>, std::integer_sequence<long unsigned int, __indices ...> >::__visit_invoke(_Visitor&&, _Variants ...) [with _Result_type = void; _Visitor = std::__detail::__variant::_Variant_storage<false, std::__cxx11::basic_string<char, std::char_traits<char>, std::allocator<char> >, memory_owner_t>::_M_reset()::<lambda(auto:14&&)>&&; _Variants = {std::variant<std::__cxx11::basic_string<char, std::char_traits<char>, std::allocator<char> >, memory_owner_t>&}; long unsigned int ...__indices = {1}]’ at /usr/include/c++/12/variant:1035:40,
    inlined from ‘constexpr decltype(auto) std::__do_visit(_Visitor&&, _Variants&& ...) [with _Result_type = void; _Visitor = __detail::__variant::_Variant_storage<false, __cxx11::basic_string<char, char_traits<char>, allocator<char> >, memory_owner_t>::_M_reset()::<lambda(auto:14&&)>; _Variants = {variant<__cxx11::basic_string<char, char_traits<char>, allocator<char> >, memory_owner_t>&}]’ at /usr/include/c++/12/variant:1791:5,
    inlined from ‘constexpr void std::__detail::__variant::_Variant_storage<false, _Types ...>::_M_reset() [with _Types = {std::__cxx11::basic_string<char, std::char_traits<char>, std::allocator<char> >, memory_owner_t}]’ at /usr/include/c++/12/variant:470:23,
    inlined from ‘constexpr std::__detail::__variant::_Variant_storage<false, _Types ...>::~_Variant_storage() [with _Types = {std::__cxx11::basic_string<char, std::char_traits<char>, std::allocator<char> >, memory_owner_t}]’ at /usr/include/c++/12/variant:480:17,
    inlined from ‘constexpr std::__detail::__variant::_Copy_ctor_base<false, std::__cxx11::basic_string<char, std::char_traits<char>, std::allocator<char> >, memory_owner_t>::~_Copy_ctor_base()’ at /usr/include/c++/12/variant:554:12,
    inlined from ‘constexpr std::__detail::__variant::_Move_ctor_base<false, std::__cxx11::basic_string<char, std::char_traits<char>, std::allocator<char> >, memory_owner_t>::~_Move_ctor_base()’ at /usr/include/c++/12/variant:591:12,
    inlined from ‘constexpr std::__detail::__variant::_Copy_assign_base<false, std::__cxx11::basic_string<char, std::char_traits<char>, std::allocator<char> >, memory_owner_t>::~_Copy_assign_base()’ at /usr/include/c++/12/variant:629:12,
    inlined from ‘constexpr std::__detail::__variant::_Move_assign_base<false, std::__cxx11::basic_string<char, std::char_traits<char>, std::allocator<char> >, memory_owner_t>::~_Move_assign_base()’ at /usr/include/c++/12/variant:681:12,
    inlined from ‘constexpr std::__detail::__variant::_Variant_base<std::__cxx11::basic_string<char, std::char_traits<char>, std::allocator<char> >, memory_owner_t>::~_Variant_base()’ at /usr/include/c++/12/variant:735:12,
    inlined from ‘constexpr std::variant<_Types>::~variant() [with _Types = {std::__cxx11::basic_string<char, std::char_traits<char>, std::allocator<char> >, memory_owner_t}]’ at /usr/include/c++/12/variant:1407:28,
    inlined from ‘constexpr coro_io::heterogeneous_buffer::~heterogeneous_buffer()’ at /usr/local/include/ylt/coro_io/heterogeneous_buffer.hpp:29:7,
    inlined from ‘constexpr coro_rpc::resp_body::~resp_body()’ at /usr/local/include/ylt/coro_rpc/impl/coro_rpc_client.hpp:115:8,
    inlined from ‘constexpr coro_rpc::coro_rpc_client::async_rpc_raw_result_value_type::~async_rpc_raw_result_value_type()’ at /usr/local/include/ylt/coro_rpc/impl/coro_rpc_client.hpp:1319:10,
    inlined from ‘constexpr void std::destroy_at(_Tp*) [with _Tp = coro_rpc::coro_rpc_client::async_rpc_raw_result_value_type]’ at /usr/include/c++/12/bits/stl_construct.h:88:18,
    inlined from ‘constexpr void std::_Destroy(_Tp*) [with _Tp = coro_rpc::coro_rpc_client::async_rpc_raw_result_value_type]’ at /usr/include/c++/12/bits/stl_construct.h:149:22,
    inlined from ‘std::__detail::__variant::_Variant_storage<false, coro_rpc::coro_rpc_client::async_rpc_raw_result_value_type, std::error_code>::_M_reset()::<lambda(auto:14&&)> mutable [with auto:14 = coro_rpc::coro_rpc_client::async_rpc_raw_result_value_type&]’ at /usr/include/c++/12/variant:472:19,
    inlined from ‘constexpr _Res std::__invoke_impl(__invoke_other, _Fn&&, _Args&& ...) [with _Res = void; _Fn = __detail::__variant::_Variant_storage<false, coro_rpc::coro_rpc_client::async_rpc_raw_result_value_type, error_code>::_M_reset()::<lambda(auto:14&&)>; _Args = {coro_rpc::coro_rpc_client::async_rpc_raw_result_value_type&}]’ at /usr/include/c++/12/bits/invoke.h:61:36,
    inlined from ‘constexpr std::enable_if_t<is_invocable_r_v<_Res, _Callable, _Args ...>, _Res> std::__invoke_r(_Callable&&, _Args&& ...) [with _Res = void; _Callable = __detail::__variant::_Variant_storage<false, coro_rpc::coro_rpc_client::async_rpc_raw_result_value_type, error_code>::_M_reset()::<lambda(auto:14&&)>; _Args = {coro_rpc::coro_rpc_client::async_rpc_raw_result_value_type&}]’ at /usr/include/c++/12/bits/invoke.h:111:28,
    inlined from ‘static constexpr decltype(auto) std::__detail::__variant::__gen_vtable_impl<std::__detail::__variant::_Multi_array<_Result_type (*)(_Visitor, _Variants ...)>, std::integer_sequence<long unsigned int, __indices ...> >::__visit_invoke(_Visitor&&, _Variants ...) [with _Result_type = void; _Visitor = std::__detail::__variant::_Variant_storage<false, coro_rpc::coro_rpc_client::async_rpc_raw_result_value_type, std::error_code>::_M_reset()::<lambda(auto:14&&)>&&; _Variants = {std::variant<coro_rpc::coro_rpc_client::async_rpc_raw_result_value_type, std::error_code>&}; long unsigned int ...__indices = {0}]’ at /usr/include/c++/12/variant:1035:40,
    inlined from ‘constexpr decltype(auto) std::__do_visit(_Visitor&&, _Variants&& ...) [with _Result_type = void; _Visitor = __detail::__variant::_Variant_storage<false, coro_rpc::coro_rpc_client::async_rpc_raw_result_value_type, error_code>::_M_reset()::<lambda(auto:14&&)>; _Variants = {variant<coro_rpc::coro_rpc_client::async_rpc_raw_result_value_type, error_code>&}]’ at /usr/include/c++/12/variant:1790:5,
    inlined from ‘constexpr decltype(auto) std::__do_visit(_Visitor&&, _Variants&& ...) [with _Result_type = void; _Visitor = __detail::__variant::_Variant_storage<false, coro_rpc::coro_rpc_client::async_rpc_raw_result_value_type, error_code>::_M_reset()::<lambda(auto:14&&)>; _Variants = {variant<coro_rpc::coro_rpc_client::async_rpc_raw_result_value_type, error_code>&}]’ at /usr/include/c++/12/variant:1731:5,
    inlined from ‘constexpr void std::__detail::__variant::_Variant_storage<false, _Types ...>::_M_reset() [with _Types = {coro_rpc::coro_rpc_client::async_rpc_raw_result_value_type, std::error_code}]’ at /usr/include/c++/12/variant:470:23,
    inlined from ‘constexpr std::__detail::__variant::_Variant_storage<false, _Types ...>::~_Variant_storage() [with _Types = {coro_rpc::coro_rpc_client::async_rpc_raw_result_value_type, std::error_code}]’ at /usr/include/c++/12/variant:480:17,
    inlined from ‘constexpr std::__detail::__variant::_Copy_ctor_base<false, coro_rpc::coro_rpc_client::async_rpc_raw_result_value_type, std::error_code>::~_Copy_ctor_base()’ at /usr/include/c++/12/variant:554:12,
    inlined from ‘constexpr std::__detail::__variant::_Move_ctor_base<false, coro_rpc::coro_rpc_client::async_rpc_raw_result_value_type, std::error_code>::~_Move_ctor_base()’ at /usr/include/c++/12/variant:591:12,
    inlined from ‘constexpr std::__detail::__variant::_Copy_assign_base<false, coro_rpc::coro_rpc_client::async_rpc_raw_result_value_type, std::error_code>::~_Copy_assign_base()’ at /usr/include/c++/12/variant:629:12,
    inlined from ‘constexpr std::__detail::__variant::_Move_assign_base<false, coro_rpc::coro_rpc_client::async_rpc_raw_result_value_type, std::error_code>::~_Move_assign_base()’ at /usr/include/c++/12/variant:681:12,
    inlined from ‘constexpr std::__detail::__variant::_Variant_base<coro_rpc::coro_rpc_client::async_rpc_raw_result_value_type, std::error_code>::~_Variant_base()’ at /usr/include/c++/12/variant:735:12,
    inlined from ‘constexpr std::variant<_Types>::~variant() [with _Types = {coro_rpc::coro_rpc_client::async_rpc_raw_result_value_type, std::error_code}]’ at /usr/include/c++/12/variant:1407:28,
    inlined from ‘void coro_rpc::coro_rpc_client::handler_t::local_error(std::error_code&)’ at /usr/local/include/ylt/coro_rpc/impl/coro_rpc_client.hpp:1348:25,
    inlined from ‘static void coro_rpc::coro_rpc_client::send_err_response(control_t*, std::error_code&)’ at /usr/local/include/ylt/coro_rpc/impl/coro_rpc_client.hpp:1458:27:
/usr/include/c++/12/bits/shared_ptr_base.h:1070:13: warning: ‘((std::__shared_count<__gnu_cxx::_S_atomic>*)((char*)&<unnamed> + offsetof(std::async_rpc_raw_result, std::variant<coro_rpc::coro_rpc_client::async_rpc_raw_result_value_type, std::error_code>::<unnamed>.std::__detail::__variant::_Variant_base<coro_rpc::coro_rpc_client::async_rpc_raw_result_value_type, std::error_code>::<unnamed>.std::__detail::__variant::_Move_assign_base<false, coro_rpc::coro_rpc_client::async_rpc_raw_result_value_type, std::error_code>::<unnamed>.std::__detail::__variant::_Copy_assign_base<false, coro_rpc::coro_rpc_client::async_rpc_raw_result_value_type, std::error_code>::<unnamed>.std::__detail::__variant::_Move_ctor_base<false, coro_rpc::coro_rpc_client::async_rpc_raw_result_value_type, std::error_code>::<unnamed>.std::__detail::__variant::_Copy_ctor_base<false, coro_rpc::coro_rpc_client::async_rpc_raw_result_value_type, std::error_code>::<unnamed>.std::__detail::__variant::_Variant_storage<false, coro_rpc::coro_rpc_client::async_rpc_raw_result_value_type, std::error_code>::_M_u)))[7].std::__shared_count<>::_M_pi’ may be used uninitialized [-Wmaybe-uninitialized]
 1070 |         if (_M_pi != nullptr)
      |             ^~~~~
/usr/local/include/ylt/coro_rpc/impl/coro_rpc_client.hpp: In static member function ‘static void coro_rpc::coro_rpc_client::send_err_response(control_t*, std::error_code&)’:
/usr/local/include/ylt/coro_rpc/impl/coro_rpc_client.hpp:1348:48: note: ‘<anonymous>’ declared here
 1348 |       promise_.setValue(async_rpc_raw_result{ec});
      |                                                ^
make[2]: *** [mooncake-store/src/CMakeFiles/mooncake_store.dir/build.make:146: mooncake-store/src/CMakeFiles/mooncake_store.dir/master_client.cpp.o] Terminated
make[1]: *** [CMakeFiles/Makefile2:872: mooncake-store/src/CMakeFiles/mooncake_store.dir/all] Terminated
make: *** [Makefile:136: all] Terminated
